"subject_id","seed","numerosity","matchType","first_estimate_raw","second_estimate_raw","geometric_mean_raw","first_error_raw","second_error_raw","geom_mean_error_raw","estimate_difference_raw","mean_individual_error_raw","woic_magnitude_raw","c_numerosity"
"75992",1,92,"paired",110,118,113.929802949009,18,26,21.929802949009,8,22,0.070197050991041,-1.925
"75992",3,50,"unpaired",46,71,57.1489282489182,4,21,7.14892824891822,25,12.5,5.35107175108178,-43.925
"75992",4,107,"unpaired",145,131,137.822349421275,38,24,30.8223494212749,14,31,0.177650578725121,13.075
"75992",5,50,"paired",39,45,41.8927201313068,11,5,8.10727986869318,6,8,-0.107279868693183,-43.925
"75992",6,78,"paired",109,120,114.367827643966,31,42,36.3678276439664,11,36.5,0.132172356033593,-15.925
"75992",7,50,"unpaired",49,61,54.6717477313466,1,11,4.67174773134657,12,6,1.32825226865343,-43.925
"75992",9,135,"paired",126,136,130.904545375629,9,1,4.0954546243714,10,5,0.904545375628601,41.075
"75992",10,50,"paired",57,65,60.8687111741328,7,15,10.8687111741328,8,11,0.131288825867202,-43.925
"75992",11,107,"unpaired",121,119,119.995833260993,14,12,12.9958332609929,2,13,0.00416673900706144,13.075
"75992",12,92,"unpaired",80,129,101.587400793602,12,37,9.58740079360237,49,24.5,14.9125992063976,-1.925
"75992",13,107,"paired",72,85,78.2304288624318,35,22,28.7695711375682,13,28.5,-0.269571137568235,13.075
"75992",15,121,"unpaired",115,127,120.851148112047,6,6,0.148851887952617,12,6,5.85114811204738,27.075
"75992",16,64,"unpaired",52,71,60.7618301238533,12,7,3.23816987614673,19,9.5,6.26183012385327,-29.925
"75992",17,92,"paired",72,80,75.8946638440411,20,12,16.1053361559589,8,16,-0.105336155958881,-1.925
"75992",18,107,"paired",104,113,108.406641862941,3,6,1.40664186294123,9,4.5,3.09335813705877,13.075
"75992",19,135,"unpaired",121,118,119.490585403202,14,17,15.5094145967975,3,15.5,-0.00941459679754075,41.075
"75992",21,92,"paired",82,96,88.7242920512753,10,4,3.2757079487247,14,7,3.7242920512753,-1.925
"75992",22,92,"paired",116,127,121.37545056559,24,35,29.37545056559,11,29.5,0.12454943441,-1.925
"75992",23,150,"unpaired",128,137,132.423562857975,22,13,17.5764371420252,9,17.5,-0.0764371420252132,56.075
"75992",24,107,"unpaired",119,125,121.963109176505,12,18,14.9631091765047,6,15,0.036890823495284,13.075
"75992",25,107,"paired",83,89,85.9476584905022,24,18,21.0523415094978,6,21,-0.0523415094977651,13.075
"75992",27,121,"unpaired",115,108,111.44505372604,6,13,9.55494627395977,7,9.5,-0.0549462739597715,27.075
"75992",28,150,"unpaired",143,137,139.967853452141,7,13,10.032146547859,6,10,-0.0321465478590142,56.075
"75992",29,64,"paired",60,52,55.8569601750758,4,12,8.14303982492422,8,8,-0.143039824924223,-29.925
"75992",30,107,"paired",117,132,124.273891063248,10,25,17.2738910632479,15,17.5,0.226108936752127,13.075
"75992",31,150,"unpaired",124,119,121.474277112482,26,31,28.5257228875183,5,28.5,-0.0257228875182562,56.075
"75992",33,121,"paired",120,135,127.279220613579,1,14,6.27922061357856,15,7.5,1.22077938642144,27.075
"75992",34,50,"paired",45,39,41.8927201313068,5,11,8.10727986869318,6,8,-0.107279868693183,-43.925
"75992",35,78,"unpaired",74,72,72.9931503635786,4,6,5.00684963642135,2,5,-0.00684963642135017,-15.925
"75992",36,50,"unpaired",65,45,54.0832691319598,15,5,4.08326913195982,20,10,5.91673086804018,-43.925
"75992",37,135,"paired",108,119,113.366661766147,27,16,21.6333382338528,11,21.5,-0.133338233852811,41.075
"75992",39,78,"unpaired",72,71,71.4982517268779,6,7,6.50174827312209,1,6.5,-0.00174827312208947,-15.925
"75992",40,121,"unpaired",133,123,127.902306468648,12,2,6.90230646864808,10,7,0.097693531351922,27.075
"75992",41,50,"paired",47,34,39.9749921826134,3,16,10.0250078173866,13,9.5,-0.52500781738663,-43.925
"75992",42,78,"paired",105,110,107.470926301023,27,32,29.4709263010234,5,29.5,0.0290736989766174,-15.925
"75992",43,64,"unpaired",42,66,52.6497863243527,22,2,11.3502136756473,24,12,0.649786324352711,-29.925
"75992",45,121,"paired",110,124,116.790410565251,11,3,4.20958943474851,14,7,2.79041056525149,27.075
"75992",46,107,"paired",116,127,121.37545056559,9,20,14.37545056559,11,14.5,0.12454943441,13.075
"75992",47,121,"unpaired",132,121,126.380378223837,11,0,5.38037822383663,11,5.5,0.11962177616337,27.075
"75992",48,135,"unpaired",131,130,130.499042142078,4,5,4.50095785792152,1,4.5,-0.000957857921520144,41.075
"75992",49,78,"paired",68,65,66.4830805543786,10,13,11.5169194456214,3,11.5,-0.0169194456213546,-15.925
"75992",51,150,"unpaired",131,122,126.419935136829,19,28,23.5800648631713,9,23.5,-0.0800648631712733,56.075
"75992",52,78,"unpaired",93,89,90.9780193233508,15,11,12.9780193233508,4,13,0.0219806766491502,-15.925
"75992",53,50,"paired",46,46,46,4,4,4,0,4,0,-43.925
"75992",54,92,"paired",105,100,102.469507659596,13,8,10.469507659596,5,10.5,0.030492340403967,-1.925
"75992",55,121,"unpaired",115,118,116.490342947388,6,3,4.50965705261227,3,4.5,-0.00965705261226901,27.075
"75992",57,64,"paired",80,92,85.7904423581089,16,28,21.7904423581089,12,22,0.209557641891138,-29.925
"75992",58,121,"paired",90,124,105.640901169954,31,3,15.359098830046,34,17,1.64090116995402,27.075
"75992",59,135,"unpaired",120,129,124.418648119966,15,6,10.5813518800337,9,10.5,-0.0813518800336936,41.075
"75992",60,150,"unpaired",133,140,136.455120827325,17,10,13.5448791726745,7,13.5,-0.0448791726745412,56.075
"75992",61,50,"paired",54,45,49.295030175465,4,5,0.704969824535048,9,4.5,3.79503017546495,-43.925
"75992",63,64,"unpaired",64,45,53.6656314599949,0,19,10.3343685400051,19,9.5,-0.834368540005059,-29.925
"75992",64,135,"unpaired",140,115,126.885775404495,5,20,8.11422459550477,25,12.5,4.38577540449523,41.075
"75992",65,107,"paired",86,91,88.4646822183859,21,16,18.5353177816141,5,18.5,-0.0353177816141397,13.075
"75992",66,64,"paired",71,82,76.3020314277412,7,18,12.3020314277412,11,12.5,0.19796857225883,-29.925
"75992",67,107,"unpaired",104,98,100.955435712992,3,9,6.04456428700828,6,6,-0.044564287008285,13.075
"75992",69,121,"paired",138,145,141.456707158056,17,24,20.4567071580559,7,20.5,0.0432928419440941,27.075
"75992",70,92,"paired",122,113,117.413798166996,30,21,25.4137981669958,9,25.5,0.0862018330042389,-1.925
"75992",71,107,"unpaired",121,115,117.9618582424,14,8,10.9618582423997,6,11,0.0381417576003429,13.075
"75992",72,50,"unpaired",42,58,49.3558507170123,8,8,0.644149282987726,16,8,7.35585071701227,-43.925
"75992",73,78,"paired",65,73,68.8839603971781,13,5,9.11603960282189,8,9,-0.116039602821886,-15.925
"75992",75,92,"unpaired",83,62,71.7356257378438,9,30,20.2643742621562,21,19.5,-0.764374262156196,-1.925
"75992",76,64,"unpaired",68,68,68,4,4,4.00000000000001,0,4,-1.4210854715202e-14,-29.925
"75992",77,135,"paired",107,114,110.44455622619,28,21,24.5554437738102,7,24.5,-0.0554437738102109,41.075
"75992",78,64,"paired",72,67,69.4550214167413,8,3,5.45502141674135,5,5.5,0.0449785832586542,-29.925
"75992",79,50,"unpaired",61,56,58.4465567848098,11,6,8.44655678480982,5,8.5,0.0534432151901783,-43.925
"75992",81,121,"paired",110,124,116.790410565251,11,3,4.20958943474851,14,7,2.79041056525149,27.075
"75992",82,64,"paired",74,73,73.4982993000519,10,9,9.49829930005188,1,9.5,0.00170069994811684,-29.925
"75992",83,121,"unpaired",125,111,117.792189893897,4,10,3.20781010610253,14,7,3.79218989389747,27.075
"75992",84,50,"unpaired",48,64,55.4256258422041,2,14,5.42562584220408,16,8,2.57437415779592,-43.925
"75992",85,64,"paired",56,63,59.39696961967,8,1,4.60303038032998,7,4.5,-0.103030380329976,-29.925
"75992",87,50,"unpaired",72,46,57.5499782797526,22,4,7.54997827975261,26,13,5.45002172024739,-43.925
"75992",88,135,"unpaired",126,124,124.995999935998,9,11,10.004000064002,2,10,-0.00400006400204234,41.075
"75992",89,50,"paired",80,76,77.9743547584717,30,26,27.9743547584717,4,28,0.0256452415283093,-43.925
"75992",90,150,"paired",138,150,143.874945699382,12,0,6.12505430061833,12,6,-0.125054300618331,56.075
"75992",91,92,"unpaired",82,116,97.5294827218929,10,24,5.52948272189288,34,17,11.4705172781071,-1.925
"75992",93,78,"paired",96,88,91.9130023446085,18,10,13.9130023446085,8,14,0.0869976553915279,-15.925
"75992",94,78,"paired",89,96,92.4337600663307,11,18,14.4337600663307,7,14.5,0.0662399336692658,-15.925
"75992",95,64,"unpaired",78,73,75.458597919654,14,9,11.458597919654,5,11.5,0.041402080346046,-29.925
"75992",96,92,"unpaired",94,85,89.3867999203462,2,7,2.61320007965378,9,4.5,1.88679992034622,-1.925
"76001",1,92,"paired",76,72,73.9729680356277,16,20,18.0270319643723,4,18,-0.0270319643723127,-1.925
"76001",3,50,"unpaired",49,32,39.5979797464467,1,18,10.4020202535533,17,9.5,-0.902020253553339,-43.925
"76001",4,107,"unpaired",93,106,99.2874614440313,14,1,7.71253855596866,13,7.5,-0.212538555968663,13.075
"76001",5,50,"paired",39,39,39,11,11,11,0,11,-7.105427357601e-15,-43.925
"76001",6,78,"paired",50,66,57.4456264653803,28,12,20.5543735346197,16,20,-0.554373534619714,-15.925
"76001",7,50,"unpaired",64,44,53.0659966456864,14,6,3.06599664568638,20,10,6.93400335431362,-43.925
"76001",9,135,"paired",137,134,135.491697162594,2,1,0.491697162593681,3,1.5,1.00830283740632,41.075
"76001",10,50,"paired",59,48,53.2165387826003,9,2,3.21653878260031,11,5.5,2.28346121739969,-43.925
"76001",11,107,"unpaired",122,110,115.844723660597,15,3,8.84472366059667,12,9,0.155276339403329,13.075
"76001",12,92,"unpaired",109,95,101.759520439122,17,3,9.7595204391215,14,10,0.240479560878498,-1.925
"76001",13,107,"paired",83,83,83,24,24,24,0,24,2.8421709430404e-14,13.075
"76001",15,121,"unpaired",156,135,145.120639469374,35,14,24.1206394693739,21,24.5,0.379360530626087,27.075
"76001",16,64,"unpaired",80,73,76.4198926981712,16,9,12.4198926981712,7,12.5,0.0801073018288179,-29.925
"76001",17,92,"paired",88,70,78.4856674813943,4,22,13.5143325186057,18,13,-0.51433251860567,-1.925
"76001",18,107,"paired",80,89,84.3800924389159,27,18,22.6199075610841,9,22.5,-0.119907561084077,13.075
"76001",19,135,"unpaired",111,62,82.9578206078245,24,73,52.0421793921755,49,48.5,-3.54217939217546,41.075
"76001",21,92,"paired",122,119,120.490663538716,30,27,28.4906635387158,3,28.5,0.00933646128424925,-1.925
"76001",22,92,"paired",84,75,79.3725393319377,8,17,12.6274606680623,9,12.5,-0.127460668062298,-1.925
"76001",23,150,"unpaired",150,111,129.034879005639,0,39,20.9651209943606,39,19.5,-1.46512099436057,56.075
"76001",24,107,"unpaired",129,94,110.118118400198,22,13,3.11811840019787,35,17.5,14.3818815998021,13.075
"76001",25,107,"paired",62,79,69.9857128276908,45,28,37.0142871723092,17,36.5,-0.514287172309224,13.075
"76001",27,121,"unpaired",134,131,132.491509161908,13,10,11.4915091619081,3,11.5,0.00849083809191598,27.075
"76001",28,150,"unpaired",124,142,132.695139323187,26,8,17.304860676813,18,17,-0.304860676813007,56.075
"76001",29,64,"paired",53,57,54.9636243346452,11,7,9.03637566535483,4,9,-0.0363756653548251,-29.925
"76001",30,107,"paired",122,128,124.963994814506,15,21,17.9639948145065,6,18,0.0360051854935364,13.075
"76001",31,150,"unpaired",89,156,117.830386573243,61,6,32.1696134267566,67,33.5,1.33038657324343,56.075
"76001",33,121,"paired",76,70,72.9383301152419,45,51,48.0616698847581,6,48,-0.061669884758075,27.075
"76001",34,50,"paired",39,42,40.4722126896961,11,8,9.52778731030386,3,9.5,-0.0277873103038644,-43.925
"76001",35,78,"unpaired",57,75,65.3834841531101,21,3,12.6165158468899,18,12,-0.616515846889939,-15.925
"76001",36,50,"unpaired",34,40,36.8781778291716,16,10,13.1218221708284,6,13,-0.121822170828437,-43.925
"76001",37,135,"paired",81,82,81.4984662432368,54,53,53.5015337567632,1,53.5,-0.00153375676322298,41.075
"76001",39,78,"unpaired",62,96,77.1492060879437,16,18,0.850793912056332,34,17,16.1492060879437,-15.925
"76001",40,121,"unpaired",107,157,129.610956327002,14,36,8.61095632700193,50,25,16.3890436729981,27.075
"76001",41,50,"paired",42,40,40.9878030638384,8,10,9.01219693616161,2,9,-0.0121969361616081,-43.925
"76001",42,78,"paired",105,93,98.8180145520036,27,15,20.8180145520036,12,21,0.181985447996425,-15.925
"76001",43,64,"unpaired",40,74,54.4058820349418,24,10,9.5941179650582,34,17,7.4058820349418,-29.925
"76001",45,121,"paired",74,93,82.9578206078245,47,28,38.0421793921755,19,37.5,-0.542179392175456,27.075
"76001",46,107,"paired",141,153,146.877499978724,34,46,39.8774999787238,12,40,0.122500021276238,13.075
"76001",47,121,"unpaired",83,164,116.670476128282,38,43,4.3295238717181,81,40.5,36.1704761282819,27.075
"76001",48,135,"unpaired",121,167,142.151327816521,14,32,7.15132781652105,46,23,15.848672183479,41.075
"76001",49,78,"paired",35,50,41.8330013267038,43,28,36.1669986732962,15,35.5,-0.666998673296227,-15.925
"76001",51,150,"unpaired",153,130,141.031911282518,3,20,8.9680887174822,23,11.5,2.5319112825178,56.075
"76001",52,78,"unpaired",82,78,79.9749960925288,4,0,1.97499609252883,4,2,0.0250039074711736,-15.925
"76001",53,50,"paired",35,45,39.6862696659688,15,5,10.3137303340312,10,10,-0.313730334031156,-43.925
"76001",54,92,"paired",92,83,87.3842090998139,0,9,4.61579090018607,9,4.5,-0.11579090018607,-1.925
"76001",55,121,"unpaired",89,119,102.912584264511,32,2,18.0874157354894,30,17,-1.08741573548942,27.075
"76001",57,64,"paired",34,36,34.9857113690718,30,28,29.0142886309282,2,29,-0.0142886309281991,-29.925
"76001",58,121,"paired",72,136,98.9545350148239,49,15,22.0454649851761,64,32,9.95453501482388,27.075
"76001",59,135,"unpaired",90,150,116.189500386222,45,15,18.8104996137775,60,30,11.1895003862225,41.075
"76001",60,150,"unpaired",105,167,132.419787041061,45,17,17.5802129589388,62,31,13.4197870410612,56.075
"76001",61,50,"paired",27,27,27,23,23,23,0,23,0,-43.925
"76001",63,64,"unpaired",35,64,47.3286382647969,29,0,16.6713617352031,29,14.5,-2.17136173520307,-29.925
"76001",64,135,"unpaired",91,144,114.472704170034,44,9,20.5272958299665,53,26.5,5.97270417003352,41.075
"76001",65,107,"paired",72,68,69.9714227381436,35,39,37.0285772618564,4,37,-0.028577261856384,13.075
"76001",66,64,"paired",52,54,52.9905651979671,12,10,11.0094348020329,2,11,-0.00943480203292069,-29.925
"76001",67,107,"unpaired",67,91,78.0832888651599,40,16,28.9167111348401,24,28,-0.916711134840114,13.075
"76001",69,121,"paired",108,113,110.471715837132,13,8,10.5282841628682,5,10.5,-0.0282841628681609,27.075
"76001",70,92,"paired",106,97,101.400197238467,14,5,9.40019723846699,9,9.5,0.099802761533013,-1.925
"76001",71,107,"unpaired",76,91,83.1624915451672,31,16,23.8375084548328,15,23.5,-0.337508454832843,13.075
"76001",72,50,"unpaired",42,27,33.6749164809655,8,23,16.3250835190345,15,15.5,-0.825083519034536,-43.925
"76001",73,78,"paired",85,80,82.4621125123532,7,2,4.4621125123532,5,4.5,0.0378874876467989,-15.925
"76001",75,92,"unpaired",71,110,88.3742043811428,21,18,3.62579561885718,39,19.5,15.8742043811428,-1.925
"76001",76,64,"unpaired",48,106,71.330218000508,16,42,7.33021800050804,58,29,21.669781999492,-29.925
"76001",77,135,"paired",136,140,137.985506485283,1,5,2.98550648528266,4,3,0.0144935147173442,41.075
"76001",78,64,"paired",92,84,87.9090439033436,28,20,23.9090439033436,8,24,0.0909560966563561,-29.925
"76001",79,50,"unpaired",30,66,44.497190922574,20,16,5.50280907742602,36,18,12.497190922574,-43.925
"76001",81,121,"paired",79,78,78.4984076271615,42,43,42.5015923728385,1,42.5,-0.00159237283854452,27.075
"76001",82,64,"paired",56,69,62.1610810716803,8,5,1.83891892831974,13,6.5,4.66108107168026,-29.925
"76001",83,121,"unpaired",91,116,102.742396312331,30,5,18.2576036876695,25,17.5,-0.757603687669487,27.075
"76001",84,50,"unpaired",33,38,35.4118624192515,17,12,14.5881375807485,5,14.5,-0.0881375807484659,-43.925
"76001",85,64,"paired",42,33,37.2290209379726,22,31,26.7709790620274,9,26.5,-0.270979062027429,-29.925
"76001",87,50,"unpaired",53,40,46.0434577328854,3,10,3.95654226711464,13,6.5,2.54345773288536,-43.925
"76001",88,135,"unpaired",143,164,153.140458403389,8,29,18.1404584033885,21,18.5,0.35954159661145,41.075
"76001",89,50,"paired",40,34,36.8781778291716,10,16,13.1218221708284,6,13,-0.121822170828437,-43.925
"76001",90,150,"paired",170,175,172.481883106603,20,25,22.4818831066035,5,22.5,0.0181168933965239,56.075
"76001",91,92,"unpaired",71,121,92.6876475049399,21,29,0.687647504939918,50,25,24.3123524950601,-1.925
"76001",93,78,"paired",68,66,66.9925368977769,10,12,11.0074631022231,2,11,-0.00746310222307045,-15.925
"76001",94,78,"paired",97,91,93.9521154631443,19,13,15.9521154631443,6,16,0.0478845368557046,-15.925
"76001",95,64,"unpaired",74,85,79.3095202355935,10,21,15.3095202355935,11,15.5,0.190479764406533,-29.925
"76001",96,92,"unpaired",112,120,115.931013969515,20,28,23.9310139695155,8,24,0.068986030484524,-1.925
"76002",1,92,"paired",69,76,72.4154679609267,23,16,19.5845320390733,7,19.5,-0.0845320390733377,-1.925
"76002",3,50,"unpaired",75,94,83.9642781187333,25,44,33.9642781187333,19,34.5,0.535721881266724,-43.925
"76002",4,107,"unpaired",149,111,128.60404348231,42,4,21.6040434823105,38,23,1.39595651768954,13.075
"76002",5,50,"paired",76,104,88.9044430835715,26,54,38.9044430835715,28,40,1.09555691642854,-43.925
"76002",6,78,"paired",119,111,114.930413729352,41,33,36.9304137293519,8,37,0.0695862706481023,-15.925
"76002",7,50,"unpaired",73,96,83.7137981458254,23,46,33.7137981458254,23,34.5,0.786201854174621,-43.925
"76002",9,135,"paired",148,147,147.499152539938,13,12,12.4991525399383,1,12.5,0.000847460061692118,41.075
"76002",10,50,"paired",83,89,85.9476584905022,33,39,35.9476584905022,6,36,0.0523415094977651,-43.925
"76002",11,107,"unpaired",126,159,141.541513345025,19,52,34.5415133450253,33,35.5,0.958486654974678,13.075
"76002",12,92,"unpaired",119,149,133.157801123329,27,57,41.1578011233289,30,42,0.84219887667112,-1.925
"76002",13,107,"paired",92,111,101.054440773278,15,4,5.94555922672181,19,9.5,3.55444077327819,13.075
"76002",15,121,"unpaired",117,153,133.794618725867,4,32,12.7946187258665,36,18,5.20538127413346,27.075
"76002",16,64,"unpaired",86,74,79.7746827007166,22,10,15.7746827007166,12,16,0.225317299283446,-29.925
"76002",17,92,"paired",116,129,122.327429466984,24,37,30.3274294669842,13,30.5,0.172570533015801,-1.925
"76002",18,107,"paired",128,120,123.935467078637,21,13,16.9354670786373,8,17,0.0645329213626837,13.075
"76002",19,135,"unpaired",143,151,146.945568153653,8,16,11.9455681536533,8,12,0.054431846346688,41.075
"76002",21,92,"paired",134,150,141.774468787578,42,58,49.7744687875781,16,50,0.225531212421856,-1.925
"76002",22,92,"paired",136,130,132.966161108757,44,38,40.9661611087573,6,41,0.0338388912427092,-1.925
"76002",23,150,"unpaired",159,148,153.401434152357,9,2,3.40143415235724,11,5.5,2.09856584764276,56.075
"76002",24,107,"unpaired",135,152,143.24803663576,28,45,36.2480366357598,17,36.5,0.251963364240169,13.075
"76002",25,107,"paired",132,126,128.965111561228,25,19,21.965111561228,6,22,0.0348884387720148,13.075
"76002",27,121,"unpaired",137,142,139.477596767366,16,21,18.4775967673662,5,18.5,0.022403232633792,27.075
"76002",28,150,"unpaired",150,151,150.499169432924,0,1,0.49916943292402,1,0.5,0.000830567075979616,56.075
"76002",29,64,"paired",84,96,89.7997772825746,20,32,25.7997772825746,12,26,0.200222717425419,-29.925
"76002",30,107,"paired",156,130,142.407864951343,49,23,35.4078649513432,26,36,0.592135048656814,13.075
"76002",31,150,"unpaired",126,145,135.166563912826,24,5,14.8334360871744,19,14.5,-0.333436087174363,56.075
"76002",33,121,"paired",154,154,154,33,33,33.0000000000001,0,33,-5.6843418860808e-14,27.075
"76002",34,50,"paired",135,110,121.860576069539,85,60,71.8605760695394,25,72.5,0.639423930460566,-43.925
"76002",35,78,"unpaired",108,119,113.366661766147,30,41,35.3666617661472,11,35.5,0.133338233852811,-15.925
"76002",36,50,"unpaired",82,91,86.3828686719769,32,41,36.3828686719769,9,36.5,0.117131328023106,-43.925
"76002",37,135,"paired",121,112,116.413057686842,14,23,18.5869423131581,9,18.5,-0.086942313158076,41.075
"76002",39,78,"unpaired",124,110,116.790410565251,46,32,38.7904105652515,14,39,0.209589434748509,-15.925
"76002",40,121,"unpaired",146,117,130.698125464752,25,4,9.6981254647518,29,14.5,4.8018745352482,27.075
"76002",41,50,"paired",80,90,84.8528137423857,30,40,34.8528137423857,10,35,0.147186257614322,-43.925
"76002",42,78,"paired",117,107,111.888337193829,39,29,33.888337193829,10,34,0.111662806170969,-15.925
"76002",43,64,"unpaired",89,112,99.8398717947895,25,48,35.8398717947895,23,36.5,0.660128205210498,-29.925
"76002",45,121,"paired",135,148,141.350627872677,14,27,20.350627872677,13,20.5,0.149372127323005,27.075
"76002",46,107,"paired",111,117,113.960519479336,4,10,6.96051947933552,6,7,0.0394805206644833,13.075
"76002",47,121,"unpaired",149,145,146.986393928146,28,24,25.9863939281455,4,26,0.0136060718544684,27.075
"76002",48,135,"unpaired",158,129,142.765542061101,23,6,7.765542061101,29,14.5,6.734457938899,41.075
"76002",49,78,"paired",141,134,137.455447327489,63,56,59.4554473274886,7,59.5,0.0445526725114291,-15.925
"76002",51,150,"unpaired",160,160,160,10,10,9.99999999999994,0,10,5.6843418860808e-14,56.075
"76002",52,78,"unpaired",127,112,119.264412127005,49,34,41.2644121270046,15,41.5,0.235587872995382,-15.925
"76002",53,50,"paired",113,83,96.845237363538,63,33,46.845237363538,30,48,1.15476263646205,-43.925
"76002",54,92,"paired",120,125,122.474487139159,28,33,30.4744871391589,5,30.5,0.0255128608410757,-1.925
"76002",55,121,"unpaired",121,135,127.808450424845,0,14,6.80845042484472,14,7,0.191549575155278,27.075
"76002",57,64,"paired",114,120,116.961532137708,50,56,52.9615321377076,6,53,0.0384678622924355,-29.925
"76002",58,121,"paired",117,126,121.416638069088,4,5,0.416638069088435,9,4.5,4.08336193091156,27.075
"76002",59,135,"unpaired",170,145,157.003184681076,35,10,22.0031846810758,25,22.5,0.496815318924178,41.075
"76002",60,150,"unpaired",163,152,157.403938959608,13,2,7.40393895960807,11,7.5,0.0960610403919304,56.075
"76002",61,50,"paired",76,72,73.9729680356277,26,22,23.9729680356277,4,24,0.0270319643723127,-43.925
"76002",63,64,"unpaired",115,123,118.932754109202,51,59,54.9327541092024,8,55,0.0672458907976221,-29.925
"76002",64,135,"unpaired",160,133,145.876660230484,25,2,10.8766602304837,27,13.5,2.62333976951626,41.075
"76002",65,107,"paired",121,111,115.89219128138,14,4,8.89219128138008,10,9,0.107808718619921,13.075
"76002",66,64,"paired",114,110,111.982141433355,50,46,47.9821414333554,4,48,0.0178585666446196,-29.925
"76002",67,107,"unpaired",130,125,127.47548783982,23,18,20.4754878398196,5,20.5,0.0245121601803646,13.075
"76002",69,121,"paired",145,148,146.49232061784,24,27,25.4923206178399,3,25.5,0.00767938216014841,27.075
"76002",70,92,"paired",136,145,140.427917452336,44,53,48.4279174523357,9,48.5,0.0720825476642517,-1.925
"76002",71,107,"unpaired",150,155,152.479506819769,43,48,45.4795068197691,5,45.5,0.0204931802309432,13.075
"76002",72,50,"unpaired",79,92,85.2525659437885,29,42,35.2525659437885,13,35.5,0.247434056211489,-43.925
"76002",73,78,"paired",96,110,102.761860629321,18,32,24.761860629321,14,25,0.238139370679008,-15.925
"76002",75,92,"unpaired",126,118,121.934408597409,34,26,29.9344085974095,8,30,0.0655914025905275,-1.925
"76002",76,64,"unpaired",92,109,100.13990213696,28,45,36.1399021369604,17,36.5,0.360097863039641,-29.925
"76002",77,135,"paired",125,141,132.759180473518,10,6,2.24081952648248,16,8,5.75918047351752,41.075
"76002",78,64,"paired",111,113,111.99553562531,47,49,47.9955356253096,2,48,0.00446437469041427,-29.925
"76002",79,50,"unpaired",69,88,77.9230389551127,19,38,27.9230389551127,19,28.5,0.576961044887312,-43.925
"76002",81,121,"paired",152,151,151.499174915245,31,30,30.4991749152451,1,30.5,0.000825084754922045,27.075
"76002",82,64,"paired",137,119,127.683201714243,73,55,63.6832017142428,18,64,0.31679828575723,-29.925
"76002",83,121,"unpaired",159,155,156.987260629645,38,34,35.9872606296447,4,36,0.0127393703552627,27.075
"76002",84,50,"unpaired",77,92,84.1665016500033,27,42,34.1665016500033,15,34.5,0.333498349996731,-43.925
"76002",85,64,"paired",108,116,111.928548637066,44,52,47.9285486370658,8,48,0.0714513629341695,-29.925
"76002",87,50,"unpaired",118,87,101.321271211923,68,37,51.3212712119227,31,52.5,1.17872878807731,-43.925
"76002",88,135,"unpaired",123,156,138.520756567382,12,21,3.52075656738234,33,16.5,12.9792434326177,41.075
"76002",89,50,"paired",89,89,89,39,39,39,0,39,1.4210854715202e-14,-43.925
"76002",90,150,"paired",170,156,162.849623886578,20,6,12.8496238865784,14,13,0.150376113421629,56.075
"76002",91,92,"unpaired",120,86,101.587400793602,28,6,9.58740079360237,34,17,7.41259920639763,-1.925
"76002",93,78,"paired",131,143,136.868550076341,53,65,58.8685500763414,12,59,0.13144992365855,-15.925
"76002",94,78,"paired",128,113,120.266371026983,50,35,42.2663710269832,15,42.5,0.233628973016792,-15.925
"76002",95,64,"unpaired",125,100,111.803398874989,61,36,47.8033988749895,25,48.5,0.696601125010517,-29.925
"76002",96,92,"unpaired",152,107,127.530388535439,60,15,35.5303885354389,45,37.5,1.96961146456108,-1.925
"76003",1,92,"paired",122,112,116.89311356962,30,20,24.8931135696196,10,25,0.106886430380357,-1.925
"76003",3,50,"unpaired",92,85,88.4307638777366,42,35,38.4307638777366,7,38.5,0.0692361222634048,-43.925
"76003",4,107,"unpaired",127,132,129.475866477116,20,25,22.4758664771161,5,22.5,0.0241335228839148,13.075
"76003",5,50,"paired",97,95,95.994791525374,47,45,45.994791525374,2,46,0.00520847462604479,-43.925
"76003",6,78,"paired",82,107,93.6696322187719,4,29,15.6696322187719,25,16.5,0.830367781228063,-15.925
"76003",7,50,"unpaired",99,86,92.2713389953781,49,36,42.2713389953781,13,42.5,0.22866100462187,-43.925
"76003",9,135,"paired",135,150,142.302494707577,0,15,7.30249470757713,15,7.5,0.197505292422875,41.075
"76003",10,50,"paired",138,130,133.940285202026,88,80,83.9402852020258,8,84,0.0597147979742374,-43.925
"76003",11,107,"unpaired",148,156,151.947359305781,41,49,44.9473593057805,8,45,0.0526406942194626,13.075
"76003",12,92,"unpaired",125,149,136.473440639562,33,57,44.4734406395618,24,45,0.526559360438171,-1.925
"76003",13,107,"paired",110,106,107.981479893545,3,1,0.981479893544716,4,2,1.01852010645528,13.075
"76003",15,121,"unpaired",116,142,128.343289657076,5,21,7.34328965707556,26,13,5.65671034292444,27.075
"76003",16,64,"unpaired",97,82,89.1852005660132,33,18,25.1852005660132,15,25.5,0.314799433986835,-29.925
"76003",17,92,"paired",110,108,108.99541274751,18,16,16.9954127475097,2,17,0.00458725249032454,-1.925
"76003",18,107,"paired",120,114,116.961532137708,13,7,9.96153213770756,6,10,0.0384678622924355,13.075
"76003",19,135,"unpaired",130,127,128.491244837927,5,8,6.50875516207347,3,6.5,-0.00875516207347005,41.075
"76003",21,92,"paired",129,130,129.499034745437,37,38,37.4990347454374,1,37.5,0.000965254562629525,-1.925
"76003",22,92,"paired",144,160,151.789327688082,52,68,59.7893276880823,16,60,0.210672311917733,-1.925
"76003",23,150,"unpaired",143,168,154.99677415998,7,18,4.99677415998048,25,12.5,7.50322584001952,56.075
"76003",24,107,"unpaired",115,165,137.749773139559,8,58,30.7497731395591,50,33,2.2502268604409,13.075
"76003",25,107,"paired",133,138,135.476935306346,26,31,28.4769353063465,5,28.5,0.0230646936535095,13.075
"76003",27,121,"unpaired",127,131,128.984495192252,6,10,7.98449519225167,4,8,0.0155048077483286,27.075
"76003",28,150,"unpaired",133,135,133.996268604764,17,15,16.0037313952363,2,16,-0.00373139523628652,56.075
"76003",29,64,"paired",88,90,88.994381845148,24,26,24.994381845148,2,25,0.00561815485202999,-29.925
"76003",30,107,"paired",114,124,118.894911581615,7,17,11.8949115816148,10,12,0.105088418385179,13.075
"76003",31,150,"unpaired",147,124,135.011110653901,3,26,14.9888893460986,23,14.5,-0.488889346098574,56.075
"76003",33,121,"paired",142,140,140.996453856116,21,19,19.9964538561165,2,20,0.0035461438835398,27.075
"76003",34,50,"paired",86,87,86.4985549012236,36,37,36.4985549012236,1,36.5,0.00144509877637233,-43.925
"76003",35,78,"unpaired",130,127,128.491244837927,52,49,50.4912448379265,3,50.5,0.00875516207347005,-15.925
"76003",36,50,"unpaired",123,86,102.849404470809,73,36,52.8494044708087,37,54.5,1.65059552919132,-43.925
"76003",37,135,"paired",117,135,125.678160393921,18,0,9.32183960607945,18,9,-0.32183960607945,41.075
"76003",39,78,"unpaired",127,82,102.049007834471,49,4,24.0490078344714,45,26.5,2.45099216552858,-15.925
"76003",40,121,"unpaired",129,155,141.403677462787,8,34,20.4036774627873,26,21,0.5963225372127,27.075
"76003",41,50,"paired",90,76,82.7042925125413,40,26,32.7042925125413,14,33,0.295707487458671,-43.925
"76003",42,78,"paired",118,141,128.988371568913,40,63,50.9883715689131,23,51.5,0.511628431086876,-15.925
"76003",43,64,"unpaired",97,81,88.639720216165,33,17,24.639720216165,16,25,0.360279783834997,-29.925
"76003",45,121,"paired",124,110,116.790410565251,3,11,4.20958943474851,14,7,2.79041056525149,27.075
"76003",46,107,"paired",145,161,152.790706523663,38,54,45.7907065236626,16,46,0.209293476337393,13.075
"76003",47,121,"unpaired",141,161,150.668510313204,20,40,29.6685103132038,20,30,0.331489686796175,27.075
"76003",48,135,"unpaired",149,160,154.40207252495,14,25,19.4020725249503,11,19.5,0.097927475049687,41.075
"76003",49,78,"paired",134,111,121.959009507293,56,33,43.959009507293,23,44.5,0.540990492706968,-15.925
"76003",51,150,"unpaired",106,159,129.822956367508,44,9,20.1770436324915,53,26.5,6.32295636750848,56.075
"76003",52,78,"unpaired",120,123,121.490740387899,42,45,43.4907403878995,3,43.5,0.00925961210052151,-15.925
"76003",53,50,"paired",90,82,85.9069263796581,40,32,35.9069263796581,8,36,0.0930736203419116,-43.925
"76003",54,92,"paired",119,119,119,27,27,27,0,27,-2.8421709430404e-14,-1.925
"76003",55,121,"unpaired",115,125,119.895788082818,6,4,1.10421191718198,10,5,3.89578808281802,27.075
"76003",57,64,"paired",118,133,125.275695966935,54,69,61.2756959669353,15,61.5,0.224304033064669,-29.925
"76003",58,121,"paired",164,152,157.886034847925,43,31,36.8860348479245,12,37,0.11396515207548,27.075
"76003",59,135,"unpaired",142,166,153.53175567289,7,31,18.5317556728901,24,19,0.468244327109858,41.075
"76003",60,150,"unpaired",131,161,145.22740788157,19,11,4.77259211842969,30,15,10.2274078815703,56.075
"76003",61,50,"paired",83,81,81.9939022122987,33,31,31.9939022122987,2,32,0.00609778770132152,-43.925
"76003",63,64,"unpaired",83,93,87.8578397184907,19,29,23.8578397184907,10,24,0.142160281509277,-29.925
"76003",64,135,"unpaired",133,140,136.455120827325,2,5,1.45512082732546,7,3.5,2.04487917267454,41.075
"76003",65,107,"paired",107,112,109.471457467232,0,5,2.47145746723203,5,2.5,0.0285425327679718,13.075
"76003",66,64,"paired",111,113,111.99553562531,47,49,47.9955356253096,2,48,0.00446437469041427,-29.925
"76003",67,107,"unpaired",114,148,129.892263049036,7,41,22.8922630490361,34,24,1.10773695096393,13.075
"76003",69,121,"paired",126,144,134.699665923862,5,23,13.6996659238619,18,14,0.300334076138114,27.075
"76003",70,92,"paired",147,136,141.393069137069,55,44,49.393069137069,11,49.5,0.106930862930966,-1.925
"76003",71,107,"unpaired",138,151,144.35373219976,31,44,37.3537321997599,13,37.5,0.146267800240082,13.075
"76003",72,50,"unpaired",82,131,103.643620160625,32,81,53.6436201606255,49,56.5,2.85637983937454,-43.925
"76003",73,78,"paired",91,77,83.7078252017098,13,1,5.70782520170978,14,7,1.29217479829022,-15.925
"76003",75,92,"unpaired",85,126,103.489129863962,7,34,11.4891298639621,41,20.5,9.01087013603791,-1.925
"76003",76,64,"unpaired",88,95,91.4330356052997,24,31,27.4330356052997,7,27.5,0.066964394700264,-29.925
"76003",77,135,"paired",120,121,120.498962651136,15,14,14.5010373488635,1,14.5,-0.00103734886350537,41.075
"76003",78,64,"paired",94,93,93.4986630920464,30,29,29.4986630920464,1,29.5,0.00133690795362895,-29.925
"76003",79,50,"unpaired",78,98,87.4299719775776,28,48,37.4299719775776,20,38,0.570028022422377,-43.925
"76003",81,121,"paired",122,155,137.51363568752,1,34,16.5136356875201,33,17.5,0.986364312479935,27.075
"76003",82,64,"paired",128,136,131.939380019765,64,72,67.9393800197651,8,68,0.0606199802348613,-29.925
"76003",83,121,"unpaired",156,151,153.479640343597,35,30,32.4796403435974,5,32.5,0.0203596564026327,27.075
"76003",84,50,"unpaired",81,86,83.4625664594613,31,36,33.4625664594613,5,33.5,0.0374335405387001,-43.925
"76003",85,64,"paired",83,73,77.8395786216755,19,9,13.8395786216755,10,14,0.1604213783245,-29.925
"76003",87,50,"unpaired",114,120,116.961532137708,64,70,66.9615321377076,6,67,0.0384678622924355,-43.925
"76003",88,135,"unpaired",148,153,150.479234447813,13,18,15.4792344478134,5,15.5,0.0207655521866172,41.075
"76003",89,50,"paired",87,111,98.2700361249552,37,61,48.2700361249552,24,49,0.729963875044774,-43.925
"76003",90,150,"paired",159,154,156.480030674844,9,4,6.48003067484365,5,6.5,0.0199693251563531,56.075
"76003",91,92,"unpaired",127,151,138.481045634412,35,59,46.4810456344116,24,47,0.518954365588428,-1.925
"76003",93,78,"paired",105,118,111.310376874755,27,40,33.310376874755,13,33.5,0.189623125244964,-15.925
"76003",94,78,"paired",126,130,127.984374046209,48,52,49.9843740462092,4,50,0.0156259537907601,-15.925
"76003",95,64,"unpaired",121,121,121,57,57,57,0,57,-2.8421709430404e-14,-29.925
"76003",96,92,"unpaired",138,114,125.427269762201,46,22,33.4272697622013,24,34,0.572730237798723,-1.925
"76027",1,92,"paired",72,80,75.8946638440411,20,12,16.1053361559589,8,16,-0.105336155958881,-1.925
"76027",3,50,"unpaired",48,64,55.4256258422041,2,14,5.42562584220408,16,8,2.57437415779592,-43.925
"76027",4,107,"unpaired",105,112,108.443533693808,2,5,1.44353369380764,7,3.5,2.05646630619236,13.075
"76027",5,50,"paired",37,33,34.9428104193123,13,17,15.0571895806877,4,15,-0.0571895806877052,-43.925
"76027",6,78,"paired",113,97,104.694794521982,35,19,26.6947945219819,16,27,0.305205478018138,-15.925
"76027",7,50,"unpaired",29,72,45.6946386351834,21,22,4.30536136481656,43,21.5,17.1946386351834,-43.925
"76027",9,135,"paired",104,118,110.77905939301,31,17,24.2209406069902,14,24,-0.220940606990212,41.075
"76027",10,50,"paired",38,48,42.7083130081252,12,2,7.29168699187476,10,7,-0.291686991874762,-43.925
"76027",11,107,"unpaired",128,118,122.898331965898,21,11,15.8983319658977,10,16,0.101668034102261,13.075
"76027",12,92,"unpaired",110,121,115.368973298717,18,29,23.3689732987167,11,23.5,0.131026701283346,-1.925
"76027",13,107,"paired",115,112,113.490087672889,8,5,6.49008767288885,3,6.5,0.00991232711115231,13.075
"76027",15,121,"unpaired",98,122,109.343495462693,23,1,11.6565045373069,24,12,0.343495462693141,27.075
"76027",16,64,"unpaired",63,61,61.9919349593155,1,3,2.00806504068453,2,2,-0.00806504068452796,-29.925
"76027",17,92,"paired",75,85,79.8435971133566,17,7,12.1564028866434,10,12,-0.156402886643448,-1.925
"76027",18,107,"paired",117,117,117,10,10,10,0,10,-2.8421709430404e-14,13.075
"76027",19,135,"unpaired",130,137,133.454111963626,5,2,1.54588803637409,7,3.5,1.95411196362591,41.075
"76027",21,92,"paired",48,56,51.8459255872629,44,36,40.1540744127371,8,40,-0.15407441273711,-1.925
"76027",22,92,"paired",53,57,54.9636243346452,39,35,37.0363756653548,4,37,-0.0363756653548251,-1.925
"76027",23,150,"unpaired",143,148,145.478520751347,7,2,4.52147924865338,5,4.5,-0.0214792486533781,56.075
"76027",24,107,"unpaired",99,104,101.469207151727,8,3,5.53079284827348,5,5.5,-0.0307928482734781,13.075
"76027",25,107,"paired",97,103,99.9549898704412,10,4,7.0450101295588,6,7,-0.0450101295588041,13.075
"76027",27,121,"unpaired",112,87,98.7117014340245,9,34,22.2882985659755,25,21.5,-0.788298565975452,27.075
"76027",28,150,"unpaired",108,108,108,42,42,42,0,42,2.8421709430404e-14,56.075
"76027",29,64,"paired",43,60,50.7937003968012,21,4,13.2062996031988,17,12.5,-0.706299603198822,-29.925
"76027",30,107,"paired",113,117,114.982607380421,6,10,7.98260738042083,4,8,0.0173926195791694,13.075
"76027",31,150,"unpaired",102,124,112.463327356076,48,26,37.5366726439236,22,37,-0.536672643923623,56.075
"76027",33,121,"paired",104,106,104.995237987253,17,15,16.0047620127466,2,16,-0.00476201274656773,27.075
"76027",34,50,"paired",66,58,61.8708331930321,16,8,11.8708331930321,8,12,0.129166806967916,-43.925
"76027",35,78,"unpaired",61,85,72.0069441095788,17,7,5.99305589042119,24,12,6.00694410957881,-15.925
"76027",36,50,"unpaired",31,61,43.4856298103178,19,11,6.5143701896822,30,15,8.4856298103178,-43.925
"76027",37,135,"paired",85,87,85.9941858499748,50,48,49.0058141500252,2,49,-0.00581415002523045,41.075
"76027",39,78,"unpaired",68,92,79.0948797331407,10,14,1.09487973314073,24,12,10.9051202668593,-15.925
"76027",40,121,"unpaired",109,104,106.470653233649,12,17,14.5293467663507,5,14.5,-0.0293467663506988,27.075
"76027",41,50,"paired",71,41,53.9536838408648,21,9,3.95368384086485,30,15,11.0463161591352,-43.925
"76027",42,78,"paired",104,110,106.957935656968,26,32,28.9579356569676,6,29,0.0420643430324361,-15.925
"76027",43,64,"unpaired",46,52,48.9080770425499,18,12,15.0919229574501,6,15,-0.0919229574500662,-29.925
"76027",45,121,"paired",114,124,118.894911581615,7,3,2.10508841838518,10,5,2.89491158161482,27.075
"76027",46,107,"paired",93,100,96.4365076099296,14,7,10.5634923900704,7,10.5,-0.0634923900704081,13.075
"76027",47,121,"unpaired",122,137,129.282636111738,1,16,8.28263611173779,15,8.5,0.217363888262213,27.075
"76027",48,135,"unpaired",137,140,138.491877018113,2,5,3.49187701811255,3,3.5,0.00812298188745331,41.075
"76027",49,78,"paired",82,74,77.8973683766018,4,4,0.102631623398182,8,4,3.89736837660182,-15.925
"76027",51,150,"unpaired",143,144,143.499128917217,7,6,6.50087108278316,1,6.5,-0.000871082783163502,56.075
"76027",52,78,"unpaired",91,95,92.9784921366226,13,17,14.9784921366226,4,15,0.0215078633774084,-15.925
"76027",53,50,"paired",46,49,47.4763098818769,4,1,2.52369011812311,3,2.5,-0.0236901181231133,-43.925
"76027",54,92,"paired",109,96,102.293694820355,17,4,10.2936948203554,13,10.5,0.206305179644644,-1.925
"76027",55,121,"unpaired",132,95,111.982141433355,11,26,9.01785856664462,37,18.5,9.48214143335538,27.075
"76027",57,64,"paired",73,64,68.3520299625402,9,0,4.3520299625402,9,4.5,0.1479700374598,-29.925
"76027",58,121,"paired",106,113,109.444049632678,15,8,11.5559503673223,7,11.5,-0.0559503673223389,27.075
"76027",59,135,"unpaired",144,132,137.869503516913,9,3,2.8695035169126,12,6,3.1304964830874,41.075
"76027",60,150,"unpaired",150,131,140.178457688762,0,19,9.82154231123818,19,9.5,-0.321542311238176,56.075
"76027",61,50,"paired",57,49,52.8488410468952,7,1,2.84884104689524,8,4,1.15115895310476,-43.925
"76027",63,64,"unpaired",52,63,57.2363520850168,12,1,6.76364791498325,11,6.5,-0.263647914983245,-29.925
"76027",64,135,"unpaired",126,110,117.728501222092,9,25,17.2714987779085,16,17,-0.271498777908477,41.075
"76027",65,107,"paired",102,91,96.3431367560762,5,16,10.6568632439238,11,10.5,-0.156863243923794,13.075
"76027",66,64,"paired",72,81,76.3675323681472,8,17,12.3675323681472,9,12.5,0.132467631852847,-29.925
"76027",67,107,"unpaired",94,109,101.222527136997,13,2,5.77747286300344,15,7.5,1.72252713699656,13.075
"76027",69,121,"paired",120,123,121.490740387899,1,2,0.490740387899478,3,1.5,1.00925961210052,27.075
"76027",70,92,"paired",122,108,114.786758818254,30,16,22.786758818254,14,23,0.213241181745985,-1.925
"76027",71,107,"unpaired",141,129,134.866600757934,34,22,27.8666007579341,12,28,0.133399242065934,13.075
"76027",72,50,"unpaired",46,57,51.2054684579684,4,7,1.20546845796844,11,5.5,4.29453154203156,-43.925
"76027",73,78,"paired",51,60,55.3172667437573,27,18,22.6827332562427,9,22.5,-0.182733256242699,-15.925
"76027",75,92,"unpaired",123,112,117.37120600897,31,20,25.3712060089696,11,25.5,0.128793991030363,-1.925
"76027",76,64,"unpaired",78,76,76.9935062196807,14,12,12.9935062196807,2,13,0.00649378031933168,-29.925
"76027",77,135,"paired",138,142,139.985713556777,3,7,4.98571355677697,4,5,0.0142864432230283,41.075
"76027",78,64,"paired",88,91,89.4874292847884,24,27,25.4874292847884,3,25.5,0.0125707152116235,-29.925
"76027",79,50,"unpaired",53,52,52.4976189936268,3,2,2.49761899362676,1,2.5,0.00238100637324123,-43.925
"76027",81,121,"paired",114,116,114.99565209172,7,5,6.00434790827958,2,6,-0.00434790827958409,27.075
"76027",82,64,"paired",98,93,95.467271878901,34,29,31.467271878901,5,31.5,0.0327281210989696,-29.925
"76027",83,121,"unpaired",143,137,139.967853452141,22,16,18.967853452141,6,19,0.0321465478590142,27.075
"76027",84,50,"unpaired",39,53,45.4642716866772,11,3,4.53572831332279,14,7,2.46427168667721,-43.925
"76027",85,64,"paired",57,62,59.4474557908074,7,2,4.5525442091926,5,4.5,-0.0525442091925967,-29.925
"76027",87,50,"unpaired",75,88,81.2403840463596,25,38,31.2403840463596,13,31.5,0.259615953640392,-43.925
"76027",88,135,"unpaired",122,134,127.859297667397,13,1,7.14070233260313,12,7,-0.140702332603126,41.075
"76027",89,50,"paired",44,54,48.7442304278158,6,4,1.25576957218423,10,5,3.74423042781577,-43.925
"76027",90,150,"paired",137,141,138.985610766007,13,9,11.0143892339929,4,11,-0.0143892339929153,56.075
"76027",91,92,"unpaired",116,110,112.960169971544,24,18,20.9601699715435,6,21,0.0398300284564783,-1.925
"76027",93,78,"paired",108,110,108.99541274751,30,32,30.9954127475097,2,31,0.00458725249032454,-15.925
"76027",94,78,"paired",108,99,103.402127637685,30,21,25.4021276376846,9,25.5,0.0978723623154281,-15.925
"76027",95,64,"unpaired",80,80,80,16,16,16,0,16,2.8421709430404e-14,-29.925
"76027",96,92,"unpaired",93,115,103.416633091587,1,23,11.4166330915873,22,12,0.583366908412671,-1.925
"76083",1,92,"paired",76,66,70.8237248385031,16,26,21.1762751614969,10,21,-0.176275161496918,-1.925
"76083",3,50,"unpaired",37,60,47.116875957559,13,10,2.88312404244101,23,11.5,8.61687595755899,-43.925
"76083",4,107,"unpaired",92,95,93.487967140162,15,12,13.512032859838,3,13.5,-0.0120328598380013,13.075
"76083",5,50,"paired",40,55,46.9041575982343,10,5,3.09584240176569,15,7.5,4.40415759823431,-43.925
"76083",6,78,"paired",62,69,65.4064217030713,16,9,12.5935782969287,7,12.5,-0.0935782969286549,-15.925
"76083",7,50,"unpaired",63,40,50.1996015920445,13,10,0.199601592044537,23,11.5,11.3003984079555,-43.925
"76083",9,135,"paired",109,113,110.981980519362,26,22,24.0180194806382,4,24,-0.0180194806382161,41.075
"76083",10,50,"paired",43,53,47.73887304912,7,3,2.26112695087996,10,5,2.73887304912004,-43.925
"76083",11,107,"unpaired",120,100,109.544511501033,13,7,2.54451150103328,20,10,7.45548849896672,13.075
"76083",12,92,"unpaired",100,87,93.2737905308882,8,5,1.27379053088816,13,6.5,5.22620946911184,-1.925
"76083",13,107,"paired",113,110,111.48990985735,6,3,4.48990985734986,3,4.5,0.0100901426501423,13.075
"76083",15,121,"unpaired",128,109,118.118584481867,7,12,2.88141551813277,19,9.5,6.61858448186723,27.075
"76083",16,64,"unpaired",60,65,62.449979983984,4,1,1.55002001601603,5,2.5,0.949979983983965,-29.925
"76083",17,92,"paired",103,96,99.4384231572484,11,4,7.43842315724842,7,7.5,0.0615768427515775,-1.925
"76083",18,107,"paired",76,82,78.9430174239622,31,25,28.0569825760378,6,28,-0.056982576037754,13.075
"76083",19,135,"unpaired",145,109,125.717938258627,10,26,9.28206174137283,36,18,8.71793825862717,41.075
"76083",21,92,"paired",77,79,77.9935894801618,15,13,14.0064105198382,2,14,-0.00641051983818386,-1.925
"76083",22,92,"paired",81,71,75.8353479585872,11,21,16.1646520414128,10,16,-0.164652041412751,-1.925
"76083",23,150,"unpaired",155,135,144.654761414894,5,15,5.34523858510559,20,10,4.65476141489441,56.075
"76083",24,107,"unpaired",87,113,99.151399384981,20,6,7.84860061501904,26,13,5.15139938498096,13.075
"76083",25,107,"paired",90,91,90.4986187739901,17,16,16.5013812260099,1,16.5,-0.00138122600988311,13.075
"76083",27,121,"unpaired",118,110,113.929802949009,3,11,7.07019705099104,8,7,-0.070197050991041,27.075
"76083",28,150,"unpaired",143,147,144.986206240456,7,3,5.0137937595442,4,5,-0.0137937595441997,56.075
"76083",29,64,"paired",55,52,53.4789678284838,9,12,10.5210321715162,3,10.5,-0.0210321715162252,-29.925
"76083",30,107,"paired",71,78,74.4177398205562,36,29,32.5822601794438,7,32.5,-0.0822601794437787,13.075
"76083",31,150,"unpaired",130,103,115.715167545141,20,47,34.2848324548592,27,33.5,-0.784832454859185,56.075
"76083",33,121,"paired",121,114,117.447860772344,0,7,3.5521392276555,7,3.5,-0.0521392276555019,27.075
"76083",34,50,"paired",60,42,50.1996015920445,10,8,0.199601592044537,18,9,8.80039840795546,-43.925
"76083",35,78,"unpaired",60,65,62.449979983984,18,13,15.550020016016,5,15.5,-0.0500200160160347,-15.925
"76083",36,50,"unpaired",40,44,41.9523539268061,10,6,8.04764607319395,4,8,-0.0476460731939454,-43.925
"76083",37,135,"paired",100,97,98.4885780179611,35,38,36.5114219820389,3,36.5,-0.0114219820389252,41.075
"76083",39,78,"unpaired",85,79,81.9451035755035,7,1,3.9451035755035,6,4,0.0548964244965049,-15.925
"76083",40,121,"unpaired",104,120,111.713920350152,17,1,9.28607964984845,16,9,-0.286079649848446,27.075
"76083",41,50,"paired",48,40,43.8178046004133,2,10,6.18219539958671,8,6,-0.18219539958671,-43.925
"76083",42,78,"paired",78,75,76.4852927038917,0,3,1.51470729610827,3,1.5,-0.0147072961082699,-15.925
"76083",43,64,"unpaired",56,54,54.9909083394701,8,10,9.0090916605299,2,9,-0.00909166052990429,-29.925
"76083",45,121,"paired",95,98,96.4883412646315,26,23,24.5116587353685,3,24.5,-0.0116587353684707,27.075
"76083",46,107,"paired",87,81,83.9464114777993,20,26,23.0535885222007,6,23,-0.053588522200684,13.075
"76083",47,121,"unpaired",108,110,108.99541274751,13,11,12.0045872524903,2,12,-0.00458725249032454,27.075
"76083",48,135,"unpaired",118,97,106.985980389956,17,38,28.0140196100442,21,27.5,-0.514019610044173,41.075
"76083",49,78,"paired",76,66,70.8237248385031,2,12,7.17627516149692,10,7,-0.176275161496918,-15.925
"76083",51,150,"unpaired",120,115,117.473401244707,30,35,32.5265987552927,5,32.5,-0.0265987552926958,56.075
"76083",52,78,"unpaired",66,66,66,12,12,12,0,12,-2.8421709430404e-14,-15.925
"76083",53,50,"paired",55,38,45.7165178026498,5,12,4.28348219735015,17,8.5,4.21651780264985,-43.925
"76083",54,92,"paired",80,75,77.4596669241483,12,17,14.5403330758517,5,14.5,-0.0403330758516915,-1.925
"76083",55,121,"unpaired",82,90,85.9069263796581,39,31,35.0930736203419,8,35,-0.0930736203419116,27.075
"76083",57,64,"paired",54,42,47.6235235991626,10,22,16.3764764008374,12,16,-0.376476400837376,-29.925
"76083",58,121,"paired",91,86,88.4646822183859,30,35,32.5353177816141,5,32.5,-0.0353177816141397,27.075
"76083",59,135,"unpaired",125,118,121.449578014911,10,17,13.5504219850888,7,13.5,-0.0504219850887608,41.075
"76083",60,150,"unpaired",130,127,128.491244837927,20,23,21.5087551620735,3,21.5,-0.00875516207347005,56.075
"76083",61,50,"paired",79,30,48.6826457785523,29,20,1.31735422144767,49,24.5,23.1826457785523,-43.925
"76083",63,64,"unpaired",41,72,54.3323108288245,23,8,9.6676891711755,31,15.5,5.8323108288245,-29.925
"76083",64,135,"unpaired",126,120,122.963409191515,9,15,12.0365908084848,6,12,-0.0365908084848314,41.075
"76083",65,107,"paired",71,62,66.3475696615935,36,45,40.6524303384065,9,40.5,-0.152430338406518,13.075
"76083",66,64,"paired",56,64,59.8665181883831,8,0,4.13348181161691,8,4,-0.13348181161691,-29.925
"76083",67,107,"unpaired",66,78,71.7495644586084,41,29,35.2504355413916,12,35,-0.250435541391596,13.075
"76083",69,121,"paired",67,80,73.2120208708924,54,41,47.7879791291076,13,47.5,-0.287979129107555,27.075
"76083",70,92,"paired",78,87,82.3771813064759,14,5,9.62281869352408,9,9.5,-0.122818693524081,-1.925
"76083",71,107,"unpaired",89,105,96.6695401871758,18,2,10.3304598128242,16,10,-0.330459812824159,13.075
"76083",72,50,"unpaired",37,48,42.142615011411,13,2,7.85738498858904,11,7.5,-0.35738498858904,-43.925
"76083",73,78,"paired",55,54,54.4977063737549,23,24,23.5022936262451,1,23.5,-0.00229362624514096,-15.925
"76083",75,92,"unpaired",63,67,64.9692234831231,29,25,27.0307765168769,4,27,-0.0307765168768697,-1.925
"76083",76,64,"unpaired",56,67,61.2535713244542,8,3,2.74642867554581,11,5.5,2.75357132445419,-29.925
"76083",77,135,"paired",91,88,89.4874292847884,44,47,45.5125707152116,3,45.5,-0.0125707152116235,41.075
"76083",78,64,"paired",80,72,75.8946638440411,16,8,11.8946638440411,8,12,0.105336155958881,-29.925
"76083",79,50,"unpaired",43,46,44.4747119158742,7,4,5.52528808412584,3,5.5,-0.0252880841258403,-43.925
"76083",81,121,"paired",96,91,93.4665715643834,25,30,27.5334284356166,5,27.5,-0.0334284356166421,27.075
"76083",82,64,"paired",65,72,68.4105255059483,1,8,4.41052550594827,7,4.5,0.0894744940517285,-29.925
"76083",83,121,"unpaired",104,122,112.64102272263,17,1,8.35897727737026,18,9,0.641022722629742,27.075
"76083",84,50,"unpaired",42,71,54.6076917659042,8,21,4.60769176590421,29,14.5,9.89230823409579,-43.925
"76083",85,64,"paired",43,49,45.902069670114,21,15,18.097930329886,6,18,-0.0979303298859975,-29.925
"76083",87,50,"unpaired",56,58,56.9912273951,6,8,6.99122739510001,2,7,0.00877260489998832,-43.925
"76083",88,135,"unpaired",120,126,122.963409191515,15,9,12.0365908084848,6,12,-0.0365908084848314,41.075
"76083",89,50,"paired",57,60,58.4807660688538,7,10,8.48076606885378,3,8.5,0.0192339311462177,-43.925
"76083",90,150,"paired",140,140,140,10,10,10.0000000000001,0,10,-5.6843418860808e-14,56.075
"76083",91,92,"unpaired",74,70,71.9722168617864,18,22,20.0277831382136,4,20,-0.0277831382136497,-1.925
"76083",93,78,"paired",95,82,88.2609766544649,17,4,10.2609766544649,13,10.5,0.239023345535088,-15.925
"76083",94,78,"paired",59,62,60.4814021001498,19,16,17.5185978998502,3,17.5,-0.0185978998502279,-15.925
"76083",95,64,"unpaired",70,55,62.0483682299543,6,9,1.9516317700457,15,7.5,5.5483682299543,-29.925
"76083",96,92,"unpaired",95,81,87.7211491032807,3,11,4.2788508967193,14,7,2.72114910328069,-1.925
"76097",1,92,"paired",82,97,89.1852005660132,10,5,2.81479943398683,15,7.5,4.68520056601317,-1.925
"76097",3,50,"unpaired",76,90,82.7042925125413,26,40,32.7042925125413,14,33,0.295707487458671,-43.925
"76097",4,107,"unpaired",116,128,121.852369693823,9,21,14.8523696938225,12,15,0.14763030617749,13.075
"76097",5,50,"paired",73,79,75.9407663906547,23,29,25.9407663906547,6,26,0.0592336093452843,-43.925
"76097",6,78,"paired",89,93,90.9780193233508,11,15,12.9780193233508,4,13,0.0219806766491502,-15.925
"76097",7,50,"unpaired",81,79,79.9937497558403,31,29,29.9937497558403,2,30,0.00625024415968767,-43.925
"76097",9,135,"paired",133,146,139.348484024764,2,11,4.34848402476433,13,6.5,2.15151597523567,41.075
"76097",10,50,"paired",89,86,87.4871419123976,39,36,37.4871419123976,3,37.5,0.0128580876024103,-43.925
"76097",11,107,"unpaired",138,126,131.863565855015,31,19,24.8635658550155,12,25,0.13643414498452,13.075
"76097",12,92,"unpaired",128,123,125.475097130865,36,31,33.4750971308649,5,33.5,0.0249028691350617,-1.925
"76097",13,107,"paired",111,120,115.412304370028,4,13,8.41230437002804,9,8.5,0.0876956299719609,13.075
"76097",15,121,"unpaired",128,136,131.939380019765,7,15,10.9393800197651,8,11,0.0606199802348613,27.075
"76097",16,64,"unpaired",78,90,83.7854402626136,14,26,19.7854402626136,12,20,0.214559737386395,-29.925
"76097",17,92,"paired",116,118,116.995726417677,24,26,24.9957264176773,2,25,0.00427358232266783,-1.925
"76097",18,107,"paired",118,124,120.9628042003,11,17,13.9628042002996,6,14,0.0371957997004415,13.075
"76097",19,135,"unpaired",134,136,134.99629624549,1,1,0.00370375451035443,2,1,0.996296245489646,41.075
"76097",21,92,"paired",129,139,133.906683925785,37,47,41.9066839257846,10,42,0.0933160742154087,-1.925
"76097",22,92,"paired",110,119,114.411537879709,18,27,22.4115378797086,9,22.5,0.0884621202913536,-1.925
"76097",23,150,"unpaired",149,134,141.301096952571,1,16,8.69890304742856,15,8.5,-0.198903047428558,56.075
"76097",24,107,"unpaired",138,132,134.966662550424,31,25,27.9666625504238,6,28,0.0333374495761518,13.075
"76097",25,107,"paired",133,124,128.421182053429,26,17,21.4211820534291,9,21.5,0.0788179465708652,13.075
"76097",27,121,"unpaired",129,128,128.499027233672,8,7,7.49902723367205,1,7.5,0.000972766327947738,27.075
"76097",28,150,"unpaired",146,137,141.428427128353,4,13,8.57157287164654,9,8.5,-0.0715728716465378,56.075
"76097",29,64,"paired",87,75,80.7774721070175,23,11,16.7774721070175,12,17,0.222527892982455,-29.925
"76097",30,107,"paired",88,86,86.9942526837262,19,21,20.0057473162738,2,20,-0.00574731627381198,13.075
"76097",31,150,"unpaired",131,121,125.900754564856,19,29,24.0992454351444,10,24,-0.0992454351444394,56.075
"76097",33,121,"paired",143,145,143.996527735914,22,24,22.9965277359145,2,23,0.00347226408550227,27.075
"76097",34,50,"paired",91,83,86.9079973305104,41,33,36.9079973305104,8,37,0.0920026694896166,-43.925
"76097",35,78,"unpaired",89,116,101.607086367044,11,38,23.6070863670442,27,24.5,0.892913632955768,-15.925
"76097",36,50,"unpaired",71,87,78.5938928925143,21,37,28.5938928925143,16,29,0.406107107485724,-43.925
"76097",37,135,"paired",125,133,128.937969582276,10,2,6.06203041772366,8,6,-0.0620304177236619,41.075
"76097",39,78,"unpaired",81,100,90,3,22,12,19,12.5,0.5,-15.925
"76097",40,121,"unpaired",131,138,134.454453254625,10,17,13.4544532546246,7,13.5,0.0455467453754466,27.075
"76097",41,50,"paired",65,70,67.4536878161602,15,20,17.4536878161602,5,17.5,0.0463121838397882,-43.925
"76097",42,78,"paired",88,89,88.4985875593504,10,11,10.4985875593504,1,10.5,0.00141244064964496,-15.925
"76097",43,64,"unpaired",78,89,83.3186653757728,14,25,19.3186653757728,11,19.5,0.181334624227176,-29.925
"76097",45,121,"paired",109,130,119.037809119624,12,9,1.96219088037624,21,10.5,8.53780911962376,27.075
"76097",46,107,"paired",111,114,112.489999555516,4,7,5.48999955551605,3,5.5,0.0100004444839499,13.075
"76097",47,121,"unpaired",131,124,127.451951730839,10,3,6.4519517308386,7,6.5,0.0480482691613986,27.075
"76097",48,135,"unpaired",148,113,129.321305282618,13,22,5.67869471738231,35,17.5,11.8213052826177,41.075
"76097",49,78,"paired",83,79,80.9753048774748,5,1,2.97530487747481,4,3,0.0246951225251877,-15.925
"76097",51,150,"unpaired",139,132,135.454789505576,11,18,14.5452104944237,7,14.5,-0.0452104944236851,56.075
"76097",52,78,"unpaired",93,112,102.058806577385,15,34,24.0588065773845,19,24.5,0.441193422615456,-15.925
"76097",53,50,"paired",76,79,77.485482511242,26,29,27.485482511242,3,27.5,0.0145174887579742,-43.925
"76097",54,92,"paired",116,118,116.995726417677,24,26,24.9957264176773,2,25,0.00427358232266783,-1.925
"76097",55,121,"unpaired",128,128,128,7,7,6.99999999999997,0,7,2.8421709430404e-14,27.075
"76097",57,64,"paired",82,93,87.3269717784832,18,29,23.3269717784832,11,23.5,0.173028221516816,-29.925
"76097",58,121,"paired",130,128,128.996123972777,9,7,7.99612397277676,2,8,0.00387602722324232,27.075
"76097",59,135,"unpaired",130,127,128.491244837927,5,8,6.50875516207347,3,6.5,-0.00875516207347005,41.075
"76097",60,150,"unpaired",137,135,135.996323479718,13,15,14.0036765202823,2,14,-0.00367652028234033,56.075
"76097",61,50,"paired",82,85,83.4865258589673,32,35,33.4865258589673,3,33.5,0.013474141032745,-43.925
"76097",63,64,"unpaired",91,89,89.9944442729661,27,25,25.9944442729661,2,26,0.00555572703392215,-29.925
"76097",64,135,"unpaired",129,127,127.996093690393,6,8,7.00390630960653,2,7,-0.00390630960653482,41.075
"76097",65,107,"paired",96,94,94.9947366963033,11,13,12.0052633036967,2,12,-0.00526330369670802,13.075
"76097",66,64,"paired",92,111,101.054440773278,28,47,37.0544407732782,19,37.5,0.445559226721812,-29.925
"76097",67,107,"unpaired",107,119,112.840595531927,0,12,5.84059553192724,12,6,0.159404468072765,13.075
"76097",69,121,"paired",114,122,117.932183902445,7,1,3.06781609755544,8,4,0.932183902444564,27.075
"76097",70,92,"paired",114,117,115.490259329521,22,25,23.4902593295209,3,23.5,0.00974067047907567,-1.925
"76097",71,107,"unpaired",111,124,117.3200750085,4,17,10.3200750084997,13,10.5,0.179924991500286,13.075
"76097",72,50,"unpaired",63,87,74.0337760755184,13,37,24.0337760755184,24,25,0.966223924481639,-43.925
"76097",73,78,"paired",80,87,83.4266144584568,2,9,5.42661445845683,7,5.5,0.0733855415431748,-15.925
"76097",75,92,"unpaired",88,120,102.761860629321,4,28,10.761860629321,32,16,5.23813937067901,-1.925
"76097",76,64,"unpaired",91,91,91,27,27,27,0,27,2.8421709430404e-14,-29.925
"76097",77,135,"paired",116,122,118.962178863704,19,13,16.0378211362956,6,16,-0.0378211362955909,41.075
"76097",78,64,"paired",97,112,104.230513766363,33,48,40.230513766363,15,40.5,0.269486233636997,-29.925
"76097",79,50,"unpaired",57,95,73.5866835779409,7,45,23.5866835779409,38,26,2.41331642205908,-43.925
"76097",81,121,"paired",127,130,128.491244837927,6,9,7.49124483792653,3,7.5,0.00875516207347005,27.075
"76097",82,64,"paired",108,110,108.99541274751,44,46,44.9954127475097,2,45,0.00458725249032454,-29.925
"76097",83,121,"unpaired",130,125,127.47548783982,9,4,6.47548783981964,5,6.5,0.0245121601803646,27.075
"76097",84,50,"unpaired",82,89,85.4283325366942,32,39,35.4283325366942,7,35.5,0.0716674633057863,-43.925
"76097",85,64,"paired",79,80,79.4984276574072,15,16,15.4984276574072,1,15.5,0.00157234259282291,-29.925
"76097",87,50,"unpaired",118,86,100.737282075704,68,36,50.7372820757042,32,52,1.26271792429583,-43.925
"76097",88,135,"unpaired",140,115,126.885775404495,5,20,8.11422459550477,25,12.5,4.38577540449523,41.075
"76097",89,50,"paired",78,76,76.9935062196807,28,26,26.9935062196807,2,27,0.00649378031933168,-43.925
"76097",90,150,"paired",131,126,128.475678632183,19,24,21.5243213678168,5,21.5,-0.0243213678168388,56.075
"76097",91,92,"unpaired",92,106,98.7522151650281,0,14,6.7522151650281,14,7,0.247784834971895,-1.925
"76097",93,78,"paired",113,114,113.498898673071,35,36,35.4988986730709,1,35.5,0.00110132692908849,-15.925
"76097",94,78,"paired",91,110,100.049987506246,13,32,22.0499875062461,19,22.5,0.45001249375386,-15.925
"76097",95,64,"unpaired",93,110,101.143462467922,29,46,37.1434624679222,17,37.5,0.356537532077752,-29.925
"76097",96,92,"unpaired",131,106,117.838873042812,39,14,25.8388730428121,25,26.5,0.661126957187932,-1.925
"76102",1,92,"paired",80,87,83.4266144584568,12,5,8.57338554154317,7,8.5,-0.0733855415431748,-1.925
"76102",3,50,"unpaired",57,50,53.3853912601565,7,0,3.38539126015655,7,3.5,0.114608739843455,-43.925
"76102",4,107,"unpaired",94,91,92.487837038175,13,16,14.5121629618251,3,14.5,-0.0121629618250552,13.075
"76102",5,50,"paired",43,51,46.8294778958724,7,1,3.17052210412762,8,4,0.82947789587238,-43.925
"76102",6,78,"paired",81,82,81.4984662432368,3,4,3.49846624323678,1,3.5,0.00153375676322298,-15.925
"76102",7,50,"unpaired",52,47,49.4368283772331,2,3,0.563171622766887,5,2.5,1.93682837723311,-43.925
"76102",9,135,"paired",126,122,123.983869918631,9,13,11.016130081369,4,11,-0.0161300813690417,41.075
"76102",10,50,"paired",39,54,45.8911756223351,11,4,4.10882437766494,15,7.5,3.39117562233506,-43.925
"76102",11,107,"unpaired",94,108,100.75713374248,13,1,6.24286625752005,14,7,0.757133742479951,13.075
"76102",12,92,"unpaired",60,85,71.4142842854285,32,7,20.5857157145715,25,19.5,-1.08571571457153,-1.925
"76102",13,107,"paired",57,56,56.4977875673021,50,51,50.5022124326979,1,50.5,-0.00221243269787408,13.075
"76102",15,121,"unpaired",106,150,126.095202129185,15,29,5.09520212918483,44,22,16.9047978708152,27.075
"76102",16,64,"unpaired",33,64,45.9565011723042,31,0,18.0434988276958,31,15.5,-2.54349882769577,-29.925
"76102",17,92,"paired",56,53,54.479353887505,36,39,37.520646112495,3,37.5,-0.0206461124950295,-1.925
"76102",18,107,"paired",121,117,118.983192090312,14,10,11.9831920903117,4,12,0.0168079096883247,13.075
"76102",19,135,"unpaired",169,136,151.604749265978,34,1,16.6047492659778,33,17.5,0.89525073402217,41.075
"76102",21,92,"paired",41,49,44.8218696620299,51,43,47.1781303379701,8,47,-0.178130337970067,-1.925
"76102",22,92,"paired",92,76,83.6181798414675,0,16,8.3818201585325,16,8,-0.381820158532506,-1.925
"76102",23,150,"unpaired",153,106,127.349911660747,3,44,22.6500883392533,47,23.5,0.84991166074667,56.075
"76102",24,107,"unpaired",109,85,96.2548700066651,2,22,10.7451299933349,24,12,1.25487000666512,13.075
"76102",25,107,"paired",107,128,117.029910706622,0,21,10.0299107066223,21,10.5,0.470089293377697,13.075
"76102",27,121,"unpaired",124,105,114.105214604767,3,16,6.8947853952327,19,9.5,2.6052146047673,27.075
"76102",28,150,"unpaired",166,123,142.891567280928,16,27,7.10843271907197,43,21.5,14.391567280928,56.075
"76102",29,64,"paired",37,46,41.2553026894725,27,18,22.7446973105275,9,22.5,-0.244697310527471,-29.925
"76102",30,107,"paired",86,95,90.3880523078133,21,12,16.6119476921867,9,16.5,-0.111947692186718,13.075
"76102",31,150,"unpaired",148,105,124.659536337979,2,45,25.3404636620206,43,23.5,-1.84046366202061,56.075
"76102",33,121,"paired",124,114,118.894911581615,3,7,2.10508841838518,10,5,2.89491158161482,27.075
"76102",34,50,"paired",48,64,55.4256258422041,2,14,5.42562584220408,16,8,2.57437415779592,-43.925
"76102",35,78,"unpaired",81,74,77.4209274033837,3,4,0.579072596616328,7,3.5,2.92092740338367,-15.925
"76102",36,50,"unpaired",47,40,43.3589667773576,3,10,6.6410332226424,7,6.5,-0.141033222642399,-43.925
"76102",37,135,"paired",122,146,133.461604965623,13,11,1.53839503437695,24,12,10.4616049656231,41.075
"76102",39,78,"unpaired",82,83,82.4984848345714,4,5,4.49848483457141,1,4.5,0.00151516542858587,-15.925
"76102",40,121,"unpaired",103,95,98.9191589127203,18,26,22.0808410872797,8,22,-0.0808410872797225,27.075
"76102",41,50,"paired",35,43,38.7943294825416,15,7,11.2056705174584,8,11,-0.205670517458358,-43.925
"76102",42,78,"paired",107,88,97.0360757656657,29,10,19.0360757656657,19,19.5,0.463924234334328,-15.925
"76102",43,64,"unpaired",64,74,68.818602136341,0,10,4.81860213634101,10,5,0.181397863658987,-29.925
"76102",45,121,"paired",127,114,120.324561083762,6,7,0.675438916237937,13,6.5,5.82456108376206,27.075
"76102",46,107,"paired",115,107,110.927904514599,8,0,3.92790451459902,8,4,0.072095485400979,13.075
"76102",47,121,"unpaired",112,136,123.417988964332,9,15,2.4179889643321,24,12,9.5820110356679,27.075
"76102",48,135,"unpaired",115,105,109.88630487918,20,30,25.1136951208205,10,25,-0.113695120820452,41.075
"76102",49,78,"paired",47,60,53.103672189407,31,18,24.896327810593,13,24.5,-0.396327810593,-15.925
"76102",51,150,"unpaired",129,105,116.382988447625,21,45,33.6170115523751,24,33,-0.617011552375089,56.075
"76102",52,78,"unpaired",63,55,58.8642506110458,15,23,19.1357493889542,8,19,-0.135749388954245,-15.925
"76102",53,50,"paired",46,58,51.6526862805798,4,8,1.65268628057983,12,6,4.34731371942017,-43.925
"76102",54,92,"paired",57,62,59.4474557908074,35,30,32.5525442091926,5,32.5,-0.0525442091925967,-1.925
"76102",55,121,"unpaired",126,78,99.1362698511498,5,43,21.8637301488502,48,24,2.13626985114983,27.075
"76102",57,64,"paired",64,56,59.8665181883831,0,8,4.13348181161691,8,4,-0.13348181161691,-29.925
"76102",58,121,"paired",115,105,109.88630487918,6,16,11.1136951208205,10,11,-0.113695120820452,27.075
"76102",59,135,"unpaired",133,113,122.59282197584,2,22,12.40717802416,20,12,-0.40717802415999,41.075
"76102",60,150,"unpaired",144,109,125.283678106927,6,41,24.7163218930734,35,23.5,-1.21632189307336,56.075
"76102",61,50,"paired",55,48,51.3809303146605,5,2,1.38093031466054,7,3.5,2.11906968533946,-43.925
"76102",63,64,"unpaired",73,85,78.7718223732319,9,21,14.7718223732319,12,15,0.228177626768087,-29.925
"76102",64,135,"unpaired",131,125,127.964838920697,4,10,7.03516107930278,6,7,-0.0351610793027817,41.075
"76102",65,107,"paired",89,106,97.1287804927046,18,1,9.87121950729544,17,9.5,-0.371219507295436,13.075
"76102",66,64,"paired",54,55,54.4977063737549,10,9,9.50229362624514,1,9.5,-0.00229362624514096,-29.925
"76102",67,107,"unpaired",87,83,84.9764673306675,20,24,22.0235326693325,4,22,-0.0235326693324964,13.075
"76102",69,121,"paired",89,105,96.6695401871758,32,16,24.3304598128242,16,24,-0.330459812824159,27.075
"76102",70,92,"paired",86,61,72.4292758489273,6,31,19.5707241510727,25,18.5,-1.0707241510727,-1.925
"76102",71,107,"unpaired",129,131,129.996153789256,22,24,22.9961537892563,2,23,0.00384621074368852,13.075
"76102",72,50,"unpaired",31,55,41.2916456441252,19,5,8.70835435587484,24,12,3.29164564412516,-43.925
"76102",73,78,"paired",61,54,57.393379409127,17,24,20.606620590873,7,20.5,-0.106620590872993,-15.925
"76102",75,92,"unpaired",111,111,111,19,19,19,0,19,2.8421709430404e-14,-1.925
"76102",76,64,"unpaired",61,63,61.9919349593155,3,1,2.00806504068453,2,2,-0.00806504068452796,-29.925
"76102",77,135,"paired",120,108,113.841995766062,15,27,21.1580042339384,12,21,-0.158004233938385,41.075
"76102",78,64,"paired",58,71,64.1716448285378,6,7,0.171644828537779,13,6.5,6.32835517146222,-29.925
"76102",79,50,"unpaired",52,46,48.9080770425499,2,4,1.09192295745007,6,3,1.90807704254993,-43.925
"76102",81,121,"paired",110,116,112.960169971544,11,5,8.03983002845648,6,8,-0.0398300284564783,27.075
"76102",82,64,"paired",56,73,63.9374694525831,8,9,0.0625305474168698,17,8.5,8.43746945258313,-29.925
"76102",83,121,"unpaired",90,83,86.4291617453276,31,38,34.5708382546724,7,34.5,-0.0708382546723811,27.075
"76102",84,50,"unpaired",55,56,55.4977477020465,5,6,5.49774770204647,1,5.5,0.00225229795352533,-43.925
"76102",85,64,"paired",60,57,58.4807660688538,4,7,5.51923393114622,3,5.5,-0.0192339311462177,-29.925
"76102",87,50,"unpaired",37,44,40.348482003664,13,6,9.65151799633598,7,9.5,-0.151517996335976,-43.925
"76102",88,135,"unpaired",140,77,103.826778819339,5,58,31.1732211806607,63,31.5,0.326778819339268,41.075
"76102",89,50,"paired",51,50,50.4975246918104,1,0,0.497524691810384,1,0.5,0.0024753081896165,-43.925
"76102",90,150,"paired",123,154,137.629938603489,27,4,12.3700613965115,31,15.5,3.12993860348851,56.075
"76102",91,92,"unpaired",76,84,79.8999374217527,16,8,12.1000625782473,8,12,-0.100062578247289,-1.925
"76102",93,78,"paired",74,63,68.2788400604463,4,15,9.72115993955374,11,9.5,-0.221159939553743,-15.925
"76102",94,78,"paired",78,68,72.8285658241325,0,10,5.17143417586749,10,5,-0.171434175867489,-15.925
"76102",95,64,"unpaired",79,77,77.9935894801618,15,13,13.9935894801618,2,14,0.00641051983818386,-29.925
"76102",96,92,"unpaired",90,89,89.4986033410578,2,3,2.50139665894223,1,2.5,-0.00139665894222674,-1.925
"76113",1,92,"paired",57,62,59.4474557908074,35,30,32.5525442091926,5,32.5,-0.0525442091925967,-1.925
"76113",3,50,"unpaired",48,84,63.4980314655502,2,34,13.4980314655502,36,18,4.50196853444984,-43.925
"76113",4,107,"unpaired",89,117,102.04410811017,18,10,4.95589188983031,28,14,9.04410811016969,13.075
"76113",5,50,"paired",77,70,73.4166193719106,27,20,23.4166193719106,7,23.5,0.0833806280894009,-43.925
"76113",6,78,"paired",80,82,80.9938269252663,2,4,2.9938269252663,2,3,0.00617307473369522,-15.925
"76113",7,50,"unpaired",88,60,72.6636084983398,38,10,22.6636084983398,28,24,1.33639150166016,-43.925
"76113",9,135,"paired",122,130,125.936491931449,13,5,9.06350806855068,8,9,-0.063508068550675,41.075
"76113",10,50,"paired",75,79,76.9740215917033,25,29,26.9740215917033,4,27,0.0259784082967087,-43.925
"76113",11,107,"unpaired",105,130,116.833214455479,2,23,9.83321445547919,25,12.5,2.66678554452081,13.075
"76113",12,92,"unpaired",93,138,113.287245530995,1,46,21.2872455309952,45,23.5,2.21275446900478,-1.925
"76113",13,107,"paired",85,93,88.910066921581,22,14,18.089933078419,8,18,-0.0899330784190369,13.075
"76113",15,121,"unpaired",117,135,125.678160393921,4,14,4.67816039392055,18,9,4.32183960607945,27.075
"76113",16,64,"unpaired",96,73,83.7137981458254,32,9,19.7137981458254,23,20.5,0.786201854174621,-29.925
"76113",17,92,"paired",111,108,109.489725545368,19,16,17.4897255453679,3,17.5,0.0102744546320963,-1.925
"76113",18,107,"paired",91,91,91,16,16,16,0,16,-2.8421709430404e-14,13.075
"76113",19,135,"unpaired",124,87,103.86529738079,11,48,31.1347026192097,37,29.5,-1.63470261920966,41.075
"76113",21,92,"paired",115,108,111.44505372604,23,16,19.4450537260402,7,19.5,0.0549462739597715,-1.925
"76113",22,92,"paired",105,113,108.926580778063,13,21,16.9265807780635,8,17,0.0734192219365184,-1.925
"76113",23,150,"unpaired",136,131,133.476589707709,14,19,16.5234102922914,5,16.5,-0.0234102922914019,56.075
"76113",24,107,"unpaired",105,125,114.564392373896,2,18,7.564392373896,20,10,2.435607626104,13.075
"76113",25,107,"paired",109,97,102.825094213426,2,10,4.17490578657369,12,6,1.82509421342631,13.075
"76113",27,121,"unpaired",113,109,110.981980519362,8,12,10.0180194806382,4,10,-0.0180194806382161,27.075
"76113",28,150,"unpaired",134,134,134,16,16,16,0,16,-2.8421709430404e-14,56.075
"76113",29,64,"paired",80,76,77.9743547584717,16,12,13.9743547584717,4,14,0.0256452415283093,-29.925
"76113",30,107,"paired",107,96,101.350875674559,0,11,5.64912432544057,11,5.5,-0.149124325440567,13.075
"76113",31,150,"unpaired",127,96,110.417389934738,23,54,39.5826100652619,31,38.5,-1.08261006526192,56.075
"76113",33,121,"paired",125,132,128.452325786651,4,11,7.45232578665136,7,7.5,0.0476742133486425,27.075
"76113",34,50,"paired",84,75,79.3725393319377,34,25,29.3725393319377,9,29.5,0.127460668062298,-43.925
"76113",35,78,"unpaired",93,105,98.8180145520036,15,27,20.8180145520036,12,21,0.181985447996425,-15.925
"76113",36,50,"unpaired",68,72,69.9714227381436,18,22,19.9714227381436,4,20,0.028577261856384,-43.925
"76113",37,135,"paired",96,106,100.876161703348,39,29,34.123838296652,10,34,-0.123838296652039,41.075
"76113",39,78,"unpaired",96,113,104.153732530332,18,35,26.1537325303323,17,26.5,0.346267469667694,-15.925
"76113",40,121,"unpaired",130,147,138.23892360692,9,26,17.2389236069204,17,17.5,0.261076393079605,27.075
"76113",41,50,"paired",79,75,76.9740215917033,29,25,26.9740215917033,4,27,0.0259784082967087,-43.925
"76113",42,78,"paired",84,93,88.3855191759374,6,15,10.3855191759374,9,10.5,0.114480824062582,-15.925
"76113",43,64,"unpaired",93,93,93,29,29,29,0,29,-2.8421709430404e-14,-29.925
"76113",45,121,"paired",125,133,128.937969582276,4,12,7.93796958227634,8,8,0.0620304177236619,27.075
"76113",46,107,"paired",120,124,121.983605455815,13,17,14.9836054558153,4,15,0.0163945441847488,13.075
"76113",47,121,"unpaired",130,137,133.454111963626,9,16,12.4541119636259,7,12.5,0.0458880363740946,27.075
"76113",48,135,"unpaired",146,143,144.492214323125,11,8,9.49221432312535,3,9.5,0.00778567687464715,41.075
"76113",49,78,"paired",65,61,62.9682459657247,13,17,15.0317540342753,4,15,-0.0317540342753446,-15.925
"76113",51,150,"unpaired",133,129,130.98473193468,17,21,19.0152680653199,4,19,-0.0152680653198729,56.075
"76113",52,78,"unpaired",91,93,91.9945650568554,13,15,13.9945650568554,2,14,0.00543494314460702,-15.925
"76113",53,50,"paired",76,72,73.9729680356277,26,22,23.9729680356277,4,24,0.0270319643723127,-43.925
"76113",54,92,"paired",102,97,99.4685880064656,10,5,7.46858800646558,5,7.5,0.0314119935344195,-1.925
"76113",55,121,"unpaired",106,91,98.2140519477737,15,30,22.7859480522263,15,22.5,-0.285948052226317,27.075
"76113",57,64,"paired",83,76,79.4229186066591,19,12,15.4229186066591,7,15.5,0.0770813933408618,-29.925
"76113",58,121,"paired",121,117,118.983192090312,0,4,2.01680790968832,4,2,-0.0168079096883247,27.075
"76113",59,135,"unpaired",155,134,144.118007202431,20,1,9.1180072024311,21,10.5,1.3819927975689,41.075
"76113",60,150,"unpaired",155,151,152.986927546114,5,1,2.98692754611415,4,3,0.0130724538858544,56.075
"76113",61,50,"paired",43,44,43.4971263418631,7,6,6.50287365813691,1,6.5,-0.00287365813691309,-43.925
"76113",63,64,"unpaired",82,88,84.9470423263812,18,24,20.9470423263812,6,21,0.0529576736188062,-29.925
"76113",64,135,"unpaired",135,136,135.499077487635,0,1,0.499077487634622,1,0.5,0.00092251236537777,41.075
"76113",65,107,"paired",121,118,119.490585403202,14,11,12.4905854032025,3,12.5,0.00941459679754075,13.075
"76113",66,64,"paired",88,86,86.9942526837262,24,22,22.9942526837262,2,23,0.00574731627381198,-29.925
"76113",67,107,"unpaired",106,105,105.498815159223,1,2,1.50118484077656,1,1.5,-0.00118484077655978,13.075
"76113",69,121,"paired",141,145,142.986013302001,20,24,21.986013302001,4,22,0.0139866979990302,27.075
"76113",70,92,"paired",115,120,117.473401244707,23,28,25.4734012447073,5,25.5,0.0265987552926958,-1.925
"76113",71,107,"unpaired",118,120,118.995798245148,11,13,11.9957982451482,2,12,0.0042017548518487,13.075
"76113",72,50,"unpaired",62,60,60.9918027279076,12,10,10.9918027279076,2,11,0.00819727209238152,-43.925
"76113",73,78,"paired",76,90,82.7042925125413,2,12,4.70429251254133,14,7,2.29570748745867,-15.925
"76113",75,92,"unpaired",112,116,113.9824547902,20,24,21.9824547902,4,22,0.0175452097999766,-1.925
"76113",76,64,"unpaired",94,80,86.7179335547151,30,16,22.7179335547151,14,23,0.282066445284855,-29.925
"76113",77,135,"paired",139,137,137.99637676403,4,2,2.99637676402963,2,3,0.00362323597036607,41.075
"76113",78,64,"paired",78,81,79.4858477969506,14,17,15.4858477969506,3,15.5,0.0141522030493633,-29.925
"76113",79,50,"unpaired",45,63,53.2447180478965,5,13,3.24471804789654,18,9,5.75528195210346,-43.925
"76113",81,121,"paired",147,154,150.459296821433,26,33,29.4592968214328,7,29.5,0.0407031785672416,27.075
"76113",82,64,"paired",106,114,109.92724866929,42,50,45.9272486692904,8,46,0.0727513307096359,-29.925
"76113",83,121,"unpaired",119,139,128.611819052527,2,18,7.61181905252715,20,10,2.38818094747285,27.075
"76113",84,50,"unpaired",72,61,66.2721661031236,22,11,16.2721661031236,11,16.5,0.227833896876433,-43.925
"76113",85,64,"paired",75,84,79.3725393319377,11,20,15.3725393319377,9,15.5,0.127460668062298,-29.925
"76113",87,50,"unpaired",84,68,75.5777745107647,34,18,25.5777745107647,16,26,0.422225489235302,-43.925
"76113",88,135,"unpaired",144,152,147.945936071255,9,17,12.9459360712554,8,13,0.0540639287446254,41.075
"76113",89,50,"paired",61,58,59.4810894318522,11,8,9.4810894318522,3,9.5,0.0189105681478026,-43.925
"76113",90,150,"paired",156,150,152.970585407783,6,0,2.97058540778346,6,3,0.0294145922165399,56.075
"76113",91,92,"unpaired",75,93,83.5164654424503,17,1,8.48353455754967,18,9,0.516465442450325,-1.925
"76113",93,78,"paired",108,109,108.498847920151,30,31,30.4988479201508,1,30.5,0.00115207984924837,-15.925
"76113",94,78,"paired",111,113,111.99553562531,33,35,33.9955356253096,2,34,0.00446437469041427,-15.925
"76113",95,64,"unpaired",108,98,102.878569196894,44,34,38.8785691968935,10,39,0.121430803106492,-29.925
"76113",96,92,"unpaired",131,116,123.27205684988,39,24,31.2720568498797,15,31.5,0.227943150120282,-1.925
"76127",1,92,"paired",65,80,72.1110255092797,27,12,19.8889744907203,15,19.5,-0.388974490720273,-1.925
"76127",3,50,"unpaired",40,40,40,10,10,10,0,10,0,-43.925
"76127",4,107,"unpaired",90,100,94.8683298050514,17,7,12.1316701949486,10,12,-0.131670194948597,13.075
"76127",5,50,"paired",30,35,32.4037034920393,20,15,17.5962965079607,5,17.5,-0.0962965079607017,-43.925
"76127",6,78,"paired",80,75,77.4596669241483,2,3,0.540333075851692,5,2.5,1.95966692414831,-15.925
"76127",7,50,"unpaired",50,40,44.7213595499958,0,10,5.27864045000421,10,5,-0.278640450004211,-43.925
"76127",9,135,"paired",116,100,107.70329614269,19,35,27.29670385731,16,27,-0.29670385730995,41.075
"76127",10,50,"paired",40,45,42.4264068711928,10,5,7.57359312880716,5,7.5,-0.0735931288071612,-43.925
"76127",11,107,"unpaired",85,100,92.1954445729289,22,7,14.8045554270711,15,14.5,-0.304555427071094,13.075
"76127",12,92,"unpaired",86,95,90.3880523078133,6,3,1.61194769218672,9,4.5,2.88805230781328,-1.925
"76127",13,107,"paired",70,80,74.8331477354788,37,27,32.1668522645212,10,32,-0.166852264521211,13.075
"76127",15,121,"unpaired",100,105,102.469507659596,21,16,18.530492340404,5,18.5,-0.030492340403967,27.075
"76127",16,64,"unpaired",50,50,50,14,14,14,0,14,-7.105427357601e-15,-29.925
"76127",17,92,"paired",80,80,80,12,12,12,0,12,-2.8421709430404e-14,-1.925
"76127",18,107,"paired",80,90,84.8528137423857,27,17,22.1471862576143,10,22,-0.147186257614322,13.075
"76127",19,135,"unpaired",105,100,102.469507659596,30,35,32.530492340404,5,32.5,-0.030492340403967,41.075
"76127",21,92,"paired",90,90,90,2,2,2,0,2,0,-1.925
"76127",22,92,"paired",64,70,66.932802122726,28,22,25.067197877274,6,25,-0.067197877273955,-1.925
"76127",23,150,"unpaired",100,105,102.469507659596,50,45,47.530492340404,5,47.5,-0.030492340403967,56.075
"76127",24,107,"unpaired",105,90,97.2111104761178,2,17,9.78888952388216,15,9.5,-0.288889523882162,13.075
"76127",25,107,"paired",85,93,88.910066921581,22,14,18.089933078419,8,18,-0.0899330784190369,13.075
"76127",27,121,"unpaired",100,100,100,21,21,21,0,21,4.2632564145606e-14,27.075
"76127",28,150,"unpaired",110,110,110,40,40,40,0,40,4.2632564145606e-14,56.075
"76127",29,64,"paired",52,40,45.6070170039655,12,24,18.3929829960345,12,18,-0.392982996034476,-29.925
"76127",30,107,"paired",90,85,87.4642784226795,17,22,19.5357215773205,5,19.5,-0.0357215773204871,13.075
"76127",31,150,"unpaired",100,102,100.995049383621,50,48,49.0049506163792,2,49,-0.00495061637917615,56.075
"76127",33,121,"paired",92,90,90.9945053286186,29,31,30.0054946713814,2,30,-0.00549467138138482,27.075
"76127",34,50,"paired",40,45,42.4264068711928,10,5,7.57359312880716,5,7.5,-0.0735931288071612,-43.925
"76127",35,78,"unpaired",60,95,75.4983443527075,18,17,2.50165564729251,35,17.5,14.9983443527075,-15.925
"76127",36,50,"unpaired",50,64,56.5685424949238,0,14,6.56854249492378,14,7,0.431457505076224,-43.925
"76127",37,135,"paired",90,85,87.4642784226795,45,50,47.5357215773205,5,47.5,-0.0357215773204871,41.075
"76127",39,78,"unpaired",80,110,93.8083151964685,2,32,15.8083151964685,30,17,1.19168480353146,-15.925
"76127",40,121,"unpaired",100,110,104.880884817015,21,11,16.1191151829848,10,16,-0.119115182984757,27.075
"76127",41,50,"paired",35,40,37.4165738677394,15,10,12.5834261322606,5,12.5,-0.0834261322605911,-43.925
"76127",42,78,"paired",60,50,54.7722557505166,18,28,23.2277442494834,10,23,-0.227744249483408,-15.925
"76127",43,64,"unpaired",55,45,49.749371855331,9,19,14.250628144669,10,14,-0.250628144669001,-29.925
"76127",45,121,"paired",100,105,102.469507659596,21,16,18.530492340404,5,18.5,-0.030492340403967,27.075
"76127",46,107,"paired",100,95,97.4679434480896,7,12,9.53205655191039,5,9.5,-0.0320565519103866,13.075
"76127",47,121,"unpaired",105,105,105,16,16,16,0,16,-2.8421709430404e-14,27.075
"76127",48,135,"unpaired",115,112,113.490087672889,20,23,21.5099123271112,3,21.5,-0.00991232711115231,41.075
"76127",49,78,"paired",55,40,46.9041575982343,23,38,31.0958424017657,15,30.5,-0.595842401765687,-15.925
"76127",51,150,"unpaired",120,95,106.770782520313,30,55,43.2292174796869,25,42.5,-0.729217479686895,56.075
"76127",52,78,"unpaired",80,41,57.2712842531054,2,37,20.7287157468946,39,19.5,-1.22871574689457,-15.925
"76127",53,50,"paired",30,35,32.4037034920393,20,15,17.5962965079607,5,17.5,-0.0962965079607017,-43.925
"76127",54,92,"paired",55,65,59.791303715507,37,27,32.208696284493,10,32,-0.208696284493008,-1.925
"76127",55,121,"unpaired",105,75,88.7411967464942,16,46,32.2588032535058,30,31,-1.25880325350583,27.075
"76127",57,64,"paired",50,50,50,14,14,14,0,14,-7.105427357601e-15,-29.925
"76127",58,121,"paired",100,90,94.8683298050514,21,31,26.1316701949486,10,26,-0.131670194948597,27.075
"76127",59,135,"unpaired",110,90,99.498743710662,25,45,35.501256289338,20,35,-0.501256289338031,41.075
"76127",60,150,"unpaired",115,105,109.88630487918,35,45,40.1136951208205,10,40,-0.113695120820452,56.075
"76127",61,50,"paired",25,25,25,25,25,25,0,25,-3.5527136788005e-15,-43.925
"76127",63,64,"unpaired",55,58,56.4800849857718,9,6,7.51991501422825,3,7.5,-0.0199150142282463,-29.925
"76127",64,135,"unpaired",100,100,100,35,35,35,0,35,4.2632564145606e-14,41.075
"76127",65,107,"paired",65,55,59.791303715507,42,52,47.208696284493,10,47,-0.208696284493008,13.075
"76127",66,64,"paired",40,45,42.4264068711928,24,19,21.5735931288072,5,21.5,-0.0735931288071612,-29.925
"76127",67,107,"unpaired",65,90,76.4852927038917,42,17,30.5147072961083,25,29.5,-1.01470729610827,13.075
"76127",69,121,"paired",90,85,87.4642784226795,31,36,33.5357215773205,5,33.5,-0.0357215773204871,27.075
"76127",70,92,"paired",80,76,77.9743547584717,12,16,14.0256452415283,4,14,-0.0256452415283093,-1.925
"76127",71,107,"unpaired",70,92,80.2496105909555,37,15,26.7503894090445,22,26,-0.750389409044502,13.075
"76127",72,50,"unpaired",30,35,32.4037034920393,20,15,17.5962965079607,5,17.5,-0.0962965079607017,-43.925
"76127",73,78,"paired",40,45,42.4264068711928,38,33,35.5735931288072,5,35.5,-0.0735931288071612,-15.925
"76127",75,92,"unpaired",70,61,65.3452370108182,22,31,26.6547629891818,9,26.5,-0.154762989181819,-1.925
"76127",76,64,"unpaired",40,50,44.7213595499958,24,14,19.2786404500042,10,19,-0.278640450004211,-29.925
"76127",77,135,"paired",100,95,97.4679434480896,35,40,37.5320565519104,5,37.5,-0.0320565519103866,41.075
"76127",78,64,"paired",50,50,50,14,14,14,0,14,-7.105427357601e-15,-29.925
"76127",79,50,"unpaired",30,40,34.6410161513775,20,10,15.3589838486225,10,15,-0.358983848622451,-43.925
"76127",81,121,"paired",95,90,92.4662100445347,26,31,28.5337899554653,5,28.5,-0.0337899554653234,27.075
"76127",82,64,"paired",70,60,64.8074069840786,6,4,0.807406984078611,10,5,4.19259301592139,-29.925
"76127",83,121,"unpaired",100,95,97.4679434480896,21,26,23.5320565519104,5,23.5,-0.0320565519103866,27.075
"76127",84,50,"unpaired",35,45,39.6862696659688,15,5,10.3137303340312,10,10,-0.313730334031156,-43.925
"76127",85,64,"paired",35,40,37.4165738677394,29,24,26.5834261322606,5,26.5,-0.0834261322605911,-29.925
"76127",87,50,"unpaired",45,45,45,5,5,5.00000000000001,0,5,-7.105427357601e-15,-43.925
"76127",88,135,"unpaired",105,105,105,30,30,30,0,30,-2.8421709430404e-14,41.075
"76127",89,50,"paired",35,45,39.6862696659688,15,5,10.3137303340312,10,10,-0.313730334031156,-43.925
"76127",90,150,"paired",100,105,102.469507659596,50,45,47.530492340404,5,47.5,-0.030492340403967,56.075
"76127",91,92,"unpaired",94,65,78.1664889834512,2,27,13.8335110165488,29,14.5,0.666488983451202,-1.925
"76127",93,78,"paired",80,70,74.8331477354788,2,8,3.16685226452121,10,5,1.83314773547879,-15.925
"76127",94,78,"paired",65,55,59.791303715507,13,23,18.208696284493,10,18,-0.208696284493008,-15.925
"76127",95,64,"unpaired",60,50,54.7722557505166,4,14,9.22774424948341,10,9,-0.227744249483408,-29.925
"76127",96,92,"unpaired",100,80,89.4427190999916,8,12,2.55728090000841,20,10,7.44271909999159,-1.925
"76154",1,92,"paired",87,90,88.4872872225157,5,2,3.51271277748425,3,3.5,-0.0127127774842535,-1.925
"76154",3,50,"unpaired",37,61,47.5078940808788,13,11,2.49210591912118,24,12,9.50789408087882,-43.925
"76154",4,107,"unpaired",77,104,89.4874292847884,30,3,17.5125707152116,27,16.5,-1.01257071521162,13.075
"76154",5,50,"paired",45,35,39.6862696659688,5,15,10.3137303340312,10,10,-0.313730334031156,-43.925
"76154",6,78,"paired",88,87,87.4985714169094,10,9,9.49857141690944,1,9.5,0.00142858309055782,-15.925
"76154",7,50,"unpaired",39,43,40.9511904588865,11,7,9.04880954111346,4,9,-0.0488095411134566,-43.925
"76154",9,135,"paired",80,81,80.4984471899925,55,54,54.5015528100075,1,54.5,-0.0015528100075386,41.075
"76154",10,50,"paired",39,42,40.4722126896961,11,8,9.52778731030386,3,9.5,-0.0277873103038644,-43.925
"76154",11,107,"unpaired",85,110,96.6953980290687,22,3,10.3046019709313,25,12.5,2.19539802906866,13.075
"76154",12,92,"unpaired",84,112,96.994845223857,8,20,4.99484522385706,28,14,9.00515477614294,-1.925
"76154",13,107,"paired",75,80,77.4596669241483,32,27,29.5403330758517,5,29.5,-0.0403330758516915,13.075
"76154",15,121,"unpaired",110,115,112.47221879202,11,6,8.52778120798006,5,8.5,-0.0277812079800555,27.075
"76154",16,64,"unpaired",45,41,42.9534631898291,19,23,21.0465368101709,4,21,-0.0465368101709416,-29.925
"76154",17,92,"paired",56,51,53.4415568635496,36,41,38.5584431364504,5,38.5,-0.0584431364504283,-1.925
"76154",18,107,"paired",96,104,99.9199679743744,11,3,7.08003202562564,8,7,-0.0800320256256413,13.075
"76154",19,135,"unpaired",110,116,112.960169971544,25,19,22.0398300284565,6,22,-0.0398300284564783,41.075
"76154",21,92,"paired",70,81,75.2994023880668,22,11,16.7005976119332,11,16.5,-0.200597611933176,-1.925
"76154",22,92,"paired",105,111,107.958325292679,13,19,15.9583252926795,6,16,0.0416747073205386,-1.925
"76154",23,150,"unpaired",115,131,122.739561674303,35,19,27.2604383256971,16,27,-0.260438325697081,56.075
"76154",24,107,"unpaired",92,116,103.30537256116,15,9,3.69462743884029,24,12,8.30537256115971,13.075
"76154",25,107,"paired",81,79,79.9937497558403,26,28,27.0062502441597,2,27,-0.00625024415968767,13.075
"76154",27,121,"unpaired",111,77,92.4499864791769,10,44,28.5500135208231,34,27,-1.5500135208231,27.075
"76154",28,150,"unpaired",121,126,123.47469376354,29,24,26.52530623646,5,26.5,-0.0253062364599685,56.075
"76154",29,64,"paired",44,39,41.4246303544159,20,25,22.5753696455841,5,22.5,-0.075369645584054,-29.925
"76154",30,107,"paired",110,113,111.48990985735,3,6,4.48990985734986,3,4.5,0.0100901426501423,13.075
"76154",31,150,"unpaired",116,131,123.27205684988,34,19,26.7279431501203,15,26.5,-0.227943150120282,56.075
"76154",33,121,"paired",105,90,97.2111104761178,16,31,23.7888895238822,15,23.5,-0.288889523882162,27.075
"76154",34,50,"paired",51,44,47.370877129308,1,6,2.62912287069196,7,3.5,0.870877129308042,-43.925
"76154",35,78,"unpaired",66,76,70.8237248385031,12,2,7.17627516149692,10,7,-0.176275161496918,-15.925
"76154",36,50,"unpaired",40,49,44.2718872423573,10,1,5.72811275764269,9,5.5,-0.228112757642691,-43.925
"76154",37,135,"paired",80,84,81.9756061276768,55,51,53.0243938723232,4,53,-0.0243938723232446,41.075
"76154",39,78,"unpaired",64,111,84.2852300228219,14,33,6.28523002282189,47,23.5,17.2147699771781,-15.925
"76154",40,121,"unpaired",90,124,105.640901169954,31,3,15.359098830046,34,17,1.64090116995402,27.075
"76154",41,50,"paired",39,29,33.6303434416005,11,21,16.3696565583995,10,16,-0.369656558399534,-43.925
"76154",42,78,"paired",70,65,67.4536878161602,8,13,10.5463121838398,5,10.5,-0.0463121838397882,-15.925
"76154",43,64,"unpaired",35,42,38.3405790253616,29,22,25.6594209746384,7,25.5,-0.159420974638373,-29.925
"76154",45,121,"paired",96,94,94.9947366963033,25,27,26.0052633036967,2,26,-0.00526330369670802,27.075
"76154",46,107,"paired",109,109,109,2,2,1.99999999999997,0,2,2.8421709430404e-14,13.075
"76154",47,121,"unpaired",115,126,120.374415886433,6,5,0.625584113566717,11,5.5,4.87441588643328,27.075
"76154",48,135,"unpaired",121,125,122.983738762489,14,10,12.0162612375115,4,12,-0.0162612375114719,41.075
"76154",49,78,"paired",32,40,35.7770876399966,46,38,42.2229123600034,8,42,-0.222912360003363,-15.925
"76154",51,150,"unpaired",111,124,117.3200750085,39,26,32.6799249915003,13,32.5,-0.179924991500286,56.075
"76154",52,78,"unpaired",95,59,74.8665479369792,17,19,3.13345206302083,36,18,14.8665479369792,-15.925
"76154",53,50,"paired",40,40,40,10,10,10,0,10,0,-43.925
"76154",54,92,"paired",86,78,81.9023809177731,6,14,10.0976190822269,8,10,-0.097619082226899,-1.925
"76154",55,121,"unpaired",105,93,98.8180145520036,16,28,22.1819854479964,12,22,-0.181985447996425,27.075
"76154",57,64,"paired",51,49,49.9899989997999,13,15,14.0100010002001,2,14,-0.0100010002000559,-29.925
"76154",58,121,"paired",112,110,110.995495404093,9,11,10.0045045959071,2,10,-0.00450459590713592,27.075
"76154",59,135,"unpaired",45,120,73.4846922834954,90,15,61.5153077165046,75,52.5,-9.01530771650464,41.075
"76154",60,150,"unpaired",105,130,116.833214455479,45,20,33.1667855445208,25,32.5,-0.666785544520806,56.075
"76154",61,50,"paired",35,41,37.8813938497516,15,9,12.1186061502484,6,12,-0.118606150248368,-43.925
"76154",63,64,"unpaired",61,50,55.2268050859363,3,14,8.77319491406371,11,8.5,-0.273194914063708,-29.925
"76154",64,135,"unpaired",105,114,109.407495172863,30,21,25.5925048271372,9,25.5,-0.0925048271371907,41.075
"76154",65,107,"paired",90,88,88.994381845148,17,19,18.005618154852,2,18,-0.00561815485202999,13.075
"76154",66,64,"paired",37,35,35.9861084308932,27,29,28.0138915691068,2,28,-0.0138915691068391,-29.925
"76154",67,107,"unpaired",104,60,78.993670632526,3,47,28.0063293674741,44,25,-3.00632936747405,13.075
"76154",69,121,"paired",87,87,87,34,34,34,0,34,0,27.075
"76154",70,92,"paired",83,84,83.4985029805924,9,8,8.50149701940758,1,8.5,-0.00149701940758007,-1.925
"76154",71,107,"unpaired",96,106,100.876161703348,11,1,6.12383829665204,10,6,-0.123838296652039,13.075
"76154",72,50,"unpaired",35,35,35,15,15,15,0,15,-7.105427357601e-15,-43.925
"76154",73,78,"paired",52,55,53.4789678284838,26,23,24.5210321715162,3,24.5,-0.0210321715162252,-15.925
"76154",75,92,"unpaired",75,97,85.2936105461599,17,5,6.7063894538401,22,11,4.2936105461599,-1.925
"76154",76,64,"unpaired",50,93,68.1909084849293,14,29,4.19090848492931,43,21.5,17.3090915150707,-29.925
"76154",77,135,"paired",106,113,109.444049632678,29,22,25.5559503673223,7,25.5,-0.0559503673223389,41.075
"76154",78,64,"paired",87,83,84.9764673306675,23,19,20.9764673306675,4,21,0.0235326693324964,-29.925
"76154",79,50,"unpaired",36,40,37.9473319220206,14,10,12.0526680779794,4,12,-0.0526680779794404,-43.925
"76154",81,121,"paired",97,98,97.4987179402889,24,23,23.5012820597111,1,23.5,-0.00128205971114426,27.075
"76154",82,64,"paired",85,87,85.9941858499748,21,23,21.9941858499748,2,22,0.00581415002523045,-29.925
"76154",83,121,"unpaired",105,110,107.470926301023,16,11,13.5290736989766,5,13.5,-0.0290736989766174,27.075
"76154",84,50,"unpaired",37,35,35.9861084308932,13,15,14.0138915691068,2,14,-0.0138915691068391,-43.925
"76154",85,64,"paired",36,39,37.4699879903904,28,25,26.5300120096096,3,26.5,-0.0300120096096137,-29.925
"76154",87,50,"unpaired",38,36,36.9864840178139,12,14,13.0135159821861,2,13,-0.0135159821861421,-43.925
"76154",88,135,"unpaired",108,111,109.489725545368,27,24,25.5102744546321,3,25.5,-0.0102744546320963,41.075
"76154",89,50,"paired",30,29,29.4957624075053,20,21,20.5042375924947,1,20.5,-0.00423759249474642,-43.925
"76154",90,150,"paired",128,123,125.475097130865,22,27,24.5249028691351,5,24.5,-0.0249028691350617,56.075
"76154",91,92,"unpaired",94,68,79.9499843652267,2,24,12.0500156347733,26,13,0.94998436522674,-1.925
"76154",93,78,"paired",91,92,91.498633869583,13,14,13.498633869583,1,13.5,0.00136613041701139,-15.925
"76154",94,78,"paired",75,75,75,3,3,3.00000000000003,0,3,-2.8421709430404e-14,-15.925
"76154",95,64,"unpaired",35,61,46.2060602085917,29,3,17.7939397914083,26,16,-1.79393979140831,-29.925
"76154",96,92,"unpaired",60,90,73.4846922834954,32,2,18.5153077165046,30,17,-1.51530771650464,-1.925
"76167",1,92,"paired",76,95,84.970583144992,16,3,7.02941685500804,19,9.5,2.47058314499196,-1.925
"76167",3,50,"unpaired",50,98,70,0,48,20,48,24,3.99999999999997,-43.925
"76167",4,107,"unpaired",96,123,108.664621657649,11,16,1.66462165764892,27,13.5,11.8353783423511,13.075
"76167",5,50,"paired",70,65,67.4536878161602,20,15,17.4536878161602,5,17.5,0.0463121838397882,-43.925
"76167",6,78,"paired",74,103,87.3040663428686,4,25,9.30406634286858,29,14.5,5.19593365713142,-15.925
"76167",7,50,"unpaired",45,43,43.9886348958455,5,7,6.01136510415447,2,6,-0.0113651041544713,-43.925
"76167",9,135,"paired",114,127,120.324561083762,21,8,14.6754389162379,13,14.5,-0.175438916237937,41.075
"76167",10,50,"paired",72,80,75.8946638440411,22,30,25.8946638440411,8,26,0.105336155958881,-43.925
"76167",11,107,"unpaired",150,151,150.499169432924,43,44,43.499169432924,1,43.5,0.000830567075979616,13.075
"76167",12,92,"unpaired",104,134,118.05083650699,12,42,26.0508365069896,30,27,0.949163493010431,-1.925
"76167",13,107,"paired",100,90,94.8683298050514,7,17,12.1316701949486,10,12,-0.131670194948597,13.075
"76167",15,121,"unpaired",116,171,140.840335131666,5,50,19.8403351316661,55,27.5,7.65966486833389,27.075
"76167",16,64,"unpaired",50,88,66.332495807108,14,24,2.33249580710802,38,19,16.667504192892,-29.925
"76167",17,92,"paired",70,75,72.4568837309472,22,17,19.5431162690528,5,19.5,-0.0431162690528311,-1.925
"76167",18,107,"paired",110,126,117.728501222092,3,19,10.7285012220915,16,11,0.271498777908477,13.075
"76167",19,135,"unpaired",120,125,122.474487139159,15,10,12.5255128608411,5,12.5,-0.0255128608410757,41.075
"76167",21,92,"paired",99,112,105.299572648705,7,20,13.2995726487054,13,13.5,0.200427351294564,-1.925
"76167",22,92,"paired",110,130,119.582607431014,18,38,27.582607431014,20,28,0.417392568986017,-1.925
"76167",23,150,"unpaired",155,170,162.326830807479,5,20,12.3268308074793,15,12.5,0.173169192520703,56.075
"76167",24,107,"unpaired",121,119,119.995833260993,14,12,12.9958332609929,2,13,0.00416673900706144,13.075
"76167",25,107,"paired",105,115,109.88630487918,2,8,2.88630487917955,10,5,2.11369512082045,13.075
"76167",27,121,"unpaired",136,124,129.861464645983,15,3,8.86146464598346,12,9,0.13853535401654,27.075
"76167",28,150,"unpaired",158,162,159.98749951168,8,12,9.98749951168051,4,10,0.012500488319489,56.075
"76167",29,64,"paired",35,45,39.6862696659688,29,19,24.3137303340312,10,24,-0.313730334031156,-29.925
"76167",30,107,"paired",116,132,123.741666386064,9,25,16.7416663860642,16,17,0.258333613935818,13.075
"76167",31,150,"unpaired",126,169,145.924638084184,24,19,4.07536191581627,43,21.5,17.4246380841837,56.075
"76167",33,121,"paired",110,129,119.121786420453,11,8,1.87821357954708,19,9.5,7.62178642045292,27.075
"76167",34,50,"paired",35,46,40.1248052954777,15,4,9.87519470452225,11,9.5,-0.375194704522251,-43.925
"76167",35,78,"unpaired",80,77,78.4856674813943,2,1,0.48566748139433,3,1.5,1.01433251860567,-15.925
"76167",36,50,"unpaired",30,65,44.1588043316392,20,15,5.84119566836078,35,17.5,11.6588043316392,-43.925
"76167",37,135,"paired",145,158,151.360496827937,10,23,16.3604968279372,13,16.5,0.139503172062831,41.075
"76167",39,78,"unpaired",103,109,105.95753866526,25,31,27.9575386652597,6,28,0.0424613347403238,-15.925
"76167",40,121,"unpaired",160,153,156.460857724864,39,32,35.4608577248635,7,35.5,0.0391422751364701,27.075
"76167",41,50,"paired",50,44,46.9041575982343,0,6,3.09584240176571,6,3,-0.095842401765708,-43.925
"76167",42,78,"paired",110,100,104.880884817015,32,22,26.8808848170152,10,27,0.119115182984757,-15.925
"76167",43,64,"unpaired",61,92,74.9132832013121,3,28,10.9132832013121,31,15.5,4.58671679868786,-29.925
"76167",45,121,"paired",125,130,127.47548783982,4,9,6.47548783981964,5,6.5,0.0245121601803646,27.075
"76167",46,107,"paired",146,156,150.917195839308,39,49,43.9171958393079,10,44,0.082804160692092,13.075
"76167",47,121,"unpaired",150,156,152.970585407783,29,35,31.9705854077835,6,32,0.0294145922165399,27.075
"76167",48,135,"unpaired",164,172,167.952374201736,29,37,32.9523742017362,8,33,0.0476257982637946,41.075
"76167",49,78,"paired",50,50,50,28,28,28,0,28,-7.105427357601e-15,-15.925
"76167",51,150,"unpaired",145,138,141.456707158056,5,12,8.54329284194409,7,8.5,-0.0432928419440941,56.075
"76167",52,78,"unpaired",70,104,85.3229160308062,8,26,7.32291603080621,34,17,9.67708396919379,-15.925
"76167",53,50,"paired",40,80,56.5685424949238,10,30,6.56854249492378,40,20,13.4314575050762,-43.925
"76167",54,92,"paired",100,109,104.403065089106,8,17,12.4030650891055,9,12.5,0.0969349108944897,-1.925
"76167",55,121,"unpaired",150,120,134.164078649987,29,1,13.1640786499874,30,15,1.8359213500126,27.075
"76167",57,64,"paired",81,91,85.8545281275251,17,27,21.8545281275251,10,22,0.145471872474928,-29.925
"76167",58,121,"paired",158,170,163.890207151007,37,49,42.890207151007,12,43,0.10979284899301,27.075
"76167",59,135,"unpaired",171,155,162.803562614582,36,20,27.8035626145817,16,28,0.196437385418335,41.075
"76167",60,150,"unpaired",175,155,164.696690920006,25,5,14.6966909200061,20,15,0.303309079993909,56.075
"76167",61,50,"paired",44,45,44.497190922574,6,5,5.50280907742602,1,5.5,-0.0028090774260221,-43.925
"76167",63,64,"unpaired",108,76,90.598013223249,44,12,26.598013223249,32,28,1.40198677675099,-29.925
"76167",64,135,"unpaired",158,147,152.400787399541,23,12,17.4007873995407,11,17.5,0.0992126004592535,41.075
"76167",65,107,"paired",107,112,109.471457467232,0,5,2.47145746723203,5,2.5,0.0285425327679718,13.075
"76167",66,64,"paired",56,60,57.9655069847578,8,4,6.03449301524222,4,6,-0.0344930152422194,-29.925
"76167",67,107,"unpaired",102,106,103.980767452448,5,1,3.01923254755236,4,3,-0.0192325475523631,13.075
"76167",69,121,"paired",137,141,138.985610766007,16,20,17.9856107660071,4,18,0.0143892339929153,27.075
"76167",70,92,"paired",105,106,105.498815159223,13,14,13.4988151592234,1,13.5,0.00118484077655978,-1.925
"76167",71,107,"unpaired",100,120,109.544511501033,7,13,2.54451150103328,20,10,7.45548849896672,13.075
"76167",72,50,"unpaired",39,35,36.9459064038223,11,15,13.0540935961777,4,13,-0.0540935961776654,-43.925
"76167",73,78,"paired",73,87,79.6931615635871,5,9,1.69316156358711,14,7,5.30683843641289,-15.925
"76167",75,92,"unpaired",95,110,102.225241501304,3,18,10.2252415013044,15,10.5,0.274758498695618,-1.925
"76167",76,64,"unpaired",91,97,93.9521154631443,27,33,29.9521154631443,6,30,0.0478845368557046,-29.925
"76167",77,135,"paired",125,125,125,10,10,9.99999999999996,0,10,4.2632564145606e-14,41.075
"76167",78,64,"paired",100,98,98.9949493661167,36,34,34.9949493661167,2,35,0.00505063388330029,-29.925
"76167",79,50,"unpaired",35,38,36.4691650576209,15,12,13.5308349423791,3,13.5,-0.030834942379073,-43.925
"76167",81,121,"paired",151,147,148.986576576549,30,26,27.9865765765493,4,28,0.013423423450746,27.075
"76167",82,64,"paired",70,77,73.4166193719106,6,13,9.4166193719106,7,9.5,0.0833806280894009,-29.925
"76167",83,121,"unpaired",150,113,130.192165662915,29,8,9.19216566291536,37,18.5,9.30783433708464,27.075
"76167",84,50,"unpaired",49,54,51.4392845984468,1,4,1.43928459844675,5,2.5,1.06071540155325,-43.925
"76167",85,64,"paired",46,59,52.0960651105244,18,5,11.9039348894756,13,11.5,-0.403934889475572,-29.925
"76167",87,50,"unpaired",63,70,66.407830863536,13,20,16.407830863536,7,16.5,0.0921691364640225,-43.925
"76167",88,135,"unpaired",169,137,152.161098839355,34,2,17.1610988393551,32,18,0.838901160644866,41.075
"76167",89,50,"paired",61,40,49.3963561409139,11,10,0.603643859086112,21,10.5,9.89635614091389,-43.925
"76167",90,150,"paired",145,145,145,5,5,5.00000000000003,0,5,-2.8421709430404e-14,56.075
"76167",91,92,"unpaired",105,117,110.837719211467,13,25,18.837719211467,12,19,0.162280788532968,-1.925
"76167",93,78,"paired",93,84,88.3855191759374,15,6,10.3855191759374,9,10.5,0.114480824062582,-15.925
"76167",94,78,"paired",68,74,70.9365914038728,10,4,7.06340859612718,6,7,-0.0634085961271751,-15.925
"76167",95,64,"unpaired",92,55,71.133676975115,28,9,7.13367697511501,37,18.5,11.366323024885,-29.925
"76167",96,92,"unpaired",100,84,91.6515138991168,8,8,0.348486100883193,16,8,7.65151389911681,-1.925
"76175",1,92,"paired",120,147,132.815661727072,28,55,40.815661727072,27,41.5,0.684338272928045,-1.925
"76175",3,50,"unpaired",82,89,85.4283325366942,32,39,35.4283325366942,7,35.5,0.0716674633057863,-43.925
"76175",4,107,"unpaired",151,118,133.484081447939,44,11,26.484081447939,33,27.5,1.01591855206104,13.075
"76175",5,50,"paired",62,78,69.5413546028548,12,28,19.5413546028548,16,20,0.458645397145162,-43.925
"76175",6,78,"paired",108,117,112.409963971171,30,39,34.4099639711712,9,34.5,0.0900360288288056,-15.925
"76175",7,50,"unpaired",84,93,88.3855191759374,34,43,38.3855191759374,9,38.5,0.114480824062582,-43.925
"76175",9,135,"paired",144,143,143.499128917217,9,8,8.49912891721684,1,8.5,0.000871082783163502,41.075
"76175",10,50,"paired",89,82,85.4283325366942,39,32,35.4283325366942,7,35.5,0.0716674633057863,-43.925
"76175",11,107,"unpaired",144,121,132,37,14,25,23,25.5,0.500000000000028,13.075
"76175",12,92,"unpaired",137,130,133.454111963626,45,38,41.4541119636259,7,41.5,0.0458880363740946,-1.925
"76175",13,107,"paired",139,149,143.913168264756,32,42,36.9131682647561,10,37,0.0868317352438623,13.075
"76175",15,121,"unpaired",148,144,145.986300727157,27,23,24.9863007271573,4,25,0.0136992728426719,27.075
"76175",16,64,"unpaired",83,93,87.8578397184907,19,29,23.8578397184907,10,24,0.142160281509277,-29.925
"76175",17,92,"paired",100,108,103.923048454133,8,16,11.9230484541327,8,12,0.0769515458673311,-1.925
"76175",18,107,"paired",121,128,124.450793488832,14,21,17.4507934888323,7,17.5,0.0492065111676965,13.075
"76175",19,135,"unpaired",134,132,132.99624054837,1,3,2.00375945162958,2,2,-0.00375945162957692,41.075
"76175",21,92,"paired",107,113,109.959083299198,15,21,17.9590832991982,6,18,0.0409167008018017,-1.925
"76175",22,92,"paired",128,130,128.996123972777,36,38,36.9961239727768,2,37,0.00387602722324232,-1.925
"76175",23,150,"unpaired",142,151,146.430871062082,8,1,3.56912893791829,9,4.5,0.930871062081707,56.075
"76175",24,107,"unpaired",129,145,136.766223900494,22,38,29.7662239004938,16,30,0.233776099506173,13.075
"76175",25,107,"paired",124,128,125.984125984189,17,21,18.984125984189,4,19,0.015874015811022,13.075
"76175",27,121,"unpaired",140,139,139.499103939774,19,18,18.4991039397744,1,18.5,0.000896060225585416,27.075
"76175",28,150,"unpaired",146,149,147.492372684149,4,1,2.50762731585073,3,2.5,-0.00762731585072629,56.075
"76175",29,64,"paired",81,82,81.4984662432368,17,18,17.4984662432368,1,17.5,0.00153375676322298,-29.925
"76175",30,107,"paired",127,133,129.9653800056,20,26,22.9653800055999,6,23,0.0346199944000602,13.075
"76175",31,150,"unpaired",134,141,137.455447327489,16,9,12.5445526725114,7,12.5,-0.0445526725114291,56.075
"76175",33,121,"paired",138,143,140.477756246318,17,22,19.4777562463183,5,19.5,0.0222437536816926,27.075
"76175",34,50,"paired",91,93,91.9945650568554,41,43,41.9945650568554,2,42,0.00543494314460702,-43.925
"76175",35,78,"unpaired",92,113,101.960776772247,14,35,23.9607767722471,21,24.5,0.539223227752899,-15.925
"76175",36,50,"unpaired",84,91,87.4299719775776,34,41,37.4299719775776,7,37.5,0.0700280224224485,-43.925
"76175",37,135,"paired",128,138,132.905981806689,7,3,2.0940181933108,10,5,2.9059818066892,41.075
"76175",39,78,"unpaired",97,115,105.617233442275,19,37,27.6172334422749,18,28,0.382766557725105,-15.925
"76175",40,121,"unpaired",143,129,135.819733470509,22,8,14.8197334705085,14,15,0.180266529491462,27.075
"76175",41,50,"paired",88,79,83.3786543427034,38,29,33.3786543427034,9,33.5,0.121345657296615,-43.925
"76175",42,78,"paired",122,121,121.49897118906,44,43,43.4989711890599,1,43.5,0.00102881094005625,-15.925
"76175",43,64,"unpaired",93,106,99.2874614440313,29,42,35.2874614440313,13,35.5,0.212538555968663,-29.925
"76175",45,121,"paired",140,144,141.985914794391,19,23,20.9859147943908,4,21,0.0140852056091774,27.075
"76175",46,107,"paired",130,144,136.821051011897,23,37,29.8210510118965,14,30,0.178948988103457,13.075
"76175",47,121,"unpaired",152,141,146.396721274761,31,20,25.3967212747608,11,25.5,0.103278725239193,27.075
"76175",48,135,"unpaired",155,147,150.947010569935,20,12,15.9470105699348,8,16,0.0529894300652245,41.075
"76175",49,78,"paired",93,85,88.910066921581,15,7,10.910066921581,8,11,0.0899330784190369,-15.925
"76175",51,150,"unpaired",148,148,148,2,2,2.00000000000006,0,2,-5.6843418860808e-14,56.075
"76175",52,78,"unpaired",100,127,112.694276695846,22,49,34.6942766958465,27,35.5,0.805723304153531,-15.925
"76175",53,50,"paired",92,87,89.4650769853802,42,37,39.4650769853802,5,39.5,0.0349230146198209,-43.925
"76175",54,92,"paired",118,123,120.474063598768,26,31,28.474063598768,5,28.5,0.0259364012319878,-1.925
"76175",55,121,"unpaired",132,131,131.499049426222,11,10,10.4990494262221,1,10.5,0.000950573777942054,27.075
"76175",57,64,"paired",94,92,92.9946235005013,30,28,28.9946235005013,2,29,0.00537649949868069,-29.925
"76175",58,121,"paired",112,148,128.747815515449,9,27,7.74781551544865,36,18,10.2521844845513,27.075
"76175",59,135,"unpaired",143,148,145.478520751347,8,13,10.4785207513466,5,10.5,0.0214792486533781,41.075
"76175",60,150,"unpaired",151,141,145.914358443575,1,9,4.08564155642534,10,5,0.914358443574656,56.075
"76175",61,50,"paired",71,83,76.7658778364451,21,33,26.7658778364451,12,27,0.234122163554943,-43.925
"76175",63,64,"unpaired",95,90,92.4662100445347,31,26,28.4662100445347,5,28.5,0.0337899554653234,-29.925
"76175",64,135,"unpaired",145,133,138.870443219571,10,2,3.87044321957066,12,6,2.12955678042934,41.075
"76175",65,107,"paired",110,123,116.318528188763,3,16,9.31852818876277,13,9.5,0.18147181123723,13.075
"76175",66,64,"paired",86,93,89.4315380612455,22,29,25.4315380612455,7,25.5,0.0684619387545098,-29.925
"76175",67,107,"unpaired",108,108,108,1,1,1.00000000000003,0,1,-2.8421709430404e-14,13.075
"76175",69,121,"paired",125,136,130.384048104053,4,15,9.38404810405302,11,9.5,0.115951895946978,27.075
"76175",70,92,"paired",125,128,126.491106406735,33,36,34.4911064067352,3,34.5,0.00889359326481554,-1.925
"76175",71,107,"unpaired",134,136,134.99629624549,27,29,27.9962962454896,2,28,0.00370375451035443,13.075
"76175",72,50,"unpaired",97,88,92.3904756996088,47,38,42.3904756996088,9,42.5,0.1095243003912,-43.925
"76175",73,78,"paired",111,122,116.370099252342,33,44,38.3700992523423,11,38.5,0.129900747657686,-15.925
"76175",75,92,"unpaired",130,119,124.378454725889,38,27,32.3784547258889,11,32.5,0.121545274111085,-1.925
"76175",76,64,"unpaired",89,112,99.8398717947895,25,48,35.8398717947895,23,36.5,0.660128205210498,-29.925
"76175",77,135,"paired",111,107,108.98164983152,24,28,26.0183501684802,4,26,-0.0183501684802394,41.075
"76175",78,64,"paired",97,108,102.352332655392,33,44,38.3523326553919,11,38.5,0.147667344608109,-29.925
"76175",79,50,"unpaired",75,86,80.311892021045,25,36,30.311892021045,11,30.5,0.188107978954974,-43.925
"76175",81,121,"paired",141,136,138.47743498491,20,15,17.47743498491,5,17.5,0.0225650150899526,27.075
"76175",82,64,"paired",120,126,122.963409191515,56,62,58.9634091915152,6,59,0.0365908084848314,-29.925
"76175",83,121,"unpaired",141,152,146.396721274761,20,31,25.3967212747608,11,25.5,0.103278725239193,27.075
"76175",84,50,"unpaired",94,126,108.830142883302,44,76,58.8301428833023,32,60,1.16985711669768,-43.925
"76175",85,64,"paired",112,108,109.98181667894,48,44,45.9818166789401,4,46,0.0181833210598938,-29.925
"76175",87,50,"unpaired",96,91,93.4665715643834,46,41,43.4665715643834,5,43.5,0.0334284356166421,-43.925
"76175",88,135,"unpaired",151,155,152.986927546114,16,20,17.9869275461141,4,18,0.0130724538858544,41.075
"76175",89,50,"paired",93,83,87.8578397184907,43,33,37.8578397184907,10,38,0.142160281509277,-43.925
"76175",90,150,"paired",153,153,153,3,3,2.99999999999997,0,3,2.8421709430404e-14,56.075
"76175",91,92,"unpaired",94,125,108.397416943394,2,33,16.397416943394,31,17.5,1.10258305660598,-1.925
"76175",93,78,"paired",129,127,127.996093690393,51,49,49.9960936903935,2,50,0.00390630960653482,-15.925
"76175",94,78,"paired",115,123,118.932754109202,37,45,40.9327541092024,8,41,0.0672458907976221,-15.925
"76175",95,64,"unpaired",112,109,110.489818535465,48,45,46.4898185354651,3,46.5,0.0101814645349236,-29.925
"76175",96,92,"unpaired",133,110,120.954536913668,41,18,28.9545369136685,23,29.5,0.545463086331523,-1.925
"76176",1,92,"paired",99,100,99.498743710662,7,8,7.49874371066197,1,7.5,0.00125628933803057,-1.925
"76176",3,50,"unpaired",100,103,101.488915650922,50,53,51.4889156509222,3,51.5,0.0110843490777768,-43.925
"76176",4,107,"unpaired",100,100,100,7,7,6.99999999999996,0,7,4.2632564145606e-14,13.075
"76176",5,50,"paired",100,98,98.9949493661167,50,48,48.9949493661167,2,49,0.00505063388330029,-43.925
"76176",6,78,"paired",100,100,100,22,22,22,0,22,-4.2632564145606e-14,-15.925
"76176",7,50,"unpaired",100,100,100,50,50,50,0,50,-4.2632564145606e-14,-43.925
"76176",9,135,"paired",100,100,100,35,35,35,0,35,4.2632564145606e-14,41.075
"76176",10,50,"paired",100,100,100,50,50,50,0,50,-4.2632564145606e-14,-43.925
"76176",11,107,"unpaired",100,119,109.087121146357,7,12,2.08712114635713,19,9.5,7.41287885364287,13.075
"76176",12,92,"unpaired",100,122,110.453610171873,8,30,18.4536101718726,22,19,0.546389828127403,-1.925
"76176",13,107,"paired",100,100,100,7,7,6.99999999999996,0,7,4.2632564145606e-14,13.075
"76176",15,121,"unpaired",100,138,117.473401244707,21,17,3.5265987552926,38,19,15.4734012447074,27.075
"76176",16,64,"unpaired",100,109,104.403065089106,36,45,40.4030650891055,9,40.5,0.0969349108944897,-29.925
"76176",17,92,"paired",100,100,100,8,8,8.00000000000004,0,8,-4.2632564145606e-14,-1.925
"76176",18,107,"paired",111,111,111,4,4,3.99999999999997,0,4,2.8421709430404e-14,13.075
"76176",19,135,"unpaired",100,119,109.087121146357,35,16,25.9128788536429,19,25.5,-0.412878853642866,41.075
"76176",21,92,"paired",100,100,100,8,8,8.00000000000004,0,8,-4.2632564145606e-14,-1.925
"76176",22,92,"paired",118,126,121.934408597409,26,34,29.9344085974095,8,30,0.0655914025905275,-1.925
"76176",23,150,"unpaired",118,138,127.608777127594,32,12,22.3912228724058,20,22,-0.391222872405791,56.075
"76176",24,107,"unpaired",115,126,120.374415886433,8,19,13.3744158864333,11,13.5,0.125584113566717,13.075
"76176",25,107,"paired",105,100,102.469507659596,2,7,4.53049234040397,5,4.5,-0.030492340403967,13.075
"76176",27,121,"unpaired",112,132,121.589473228565,9,11,0.589473228565211,20,10,9.41052677143479,27.075
"76176",28,150,"unpaired",130,147,138.23892360692,20,3,11.7610763930796,17,11.5,-0.261076393079605,56.075
"76176",29,64,"paired",108,105,106.489436095793,44,41,42.489436095793,3,42.5,0.0105639042069612,-29.925
"76176",30,107,"paired",128,121,124.450793488832,21,14,17.4507934888323,7,17.5,0.0492065111676965,13.075
"76176",31,150,"unpaired",119,120,119.498953970317,31,30,30.5010460296828,1,30.5,-0.00104602968275458,56.075
"76176",33,121,"paired",113,127,119.795659353751,8,6,1.20434064624878,14,7,5.79565935375122,27.075
"76176",34,50,"paired",100,100,100,50,50,50,0,50,-4.2632564145606e-14,-43.925
"76176",35,78,"unpaired",115,100,107.238052947636,37,22,29.2380529476362,15,29.5,0.261947052363837,-15.925
"76176",36,50,"unpaired",103,100,101.488915650922,53,50,51.4889156509222,3,51.5,0.0110843490777768,-43.925
"76176",37,135,"paired",112,121,116.413057686842,23,14,18.5869423131581,9,18.5,-0.086942313158076,41.075
"76176",39,78,"unpaired",114,100,106.770782520313,36,22,28.7707825203131,14,29,0.229217479686895,-15.925
"76176",40,121,"unpaired",130,120,124.899959967968,9,1,3.89995996796794,10,5,1.10004003203206,27.075
"76176",41,50,"paired",100,100,100,50,50,50,0,50,-4.2632564145606e-14,-43.925
"76176",42,78,"paired",100,100,100,22,22,22,0,22,-4.2632564145606e-14,-15.925
"76176",43,64,"unpaired",100,100,100,36,36,36,0,36,-4.2632564145606e-14,-29.925
"76176",45,121,"paired",100,100,100,21,21,21,0,21,4.2632564145606e-14,27.075
"76176",46,107,"paired",109,128,118.118584481867,2,21,11.1185844818672,19,11.5,0.381415518132769,13.075
"76176",47,121,"unpaired",100,132,114.891252930761,21,11,6.10874706923941,32,16,9.89125293076059,27.075
"76176",48,135,"unpaired",100,146,120.830459735946,35,11,14.1695402640543,46,23,8.83045973594574,41.075
"76176",49,78,"paired",100,100,100,22,22,22,0,22,-4.2632564145606e-14,-15.925
"76176",51,150,"unpaired",125,136,130.384048104053,25,14,19.615951895947,11,19.5,-0.115951895946978,56.075
"76176",52,78,"unpaired",100,119,109.087121146357,22,41,31.0871211463571,19,31.5,0.412878853642866,-15.925
"76176",53,50,"paired",100,100,100,50,50,50,0,50,-4.2632564145606e-14,-43.925
"76176",54,92,"paired",112,114,112.995575134604,20,22,20.9955751346043,2,21,0.00442486539573395,-1.925
"76176",55,121,"unpaired",100,130,114.017542509914,21,9,6.98245749008625,30,15,8.01754250991375,27.075
"76176",57,64,"paired",100,100,100,36,36,36,0,36,-4.2632564145606e-14,-29.925
"76176",58,121,"paired",149,150,149.499163877261,28,29,28.4991638772606,1,28.5,0.000836122739428902,27.075
"76176",59,135,"unpaired",100,155,124.498995979887,35,20,10.5010040201126,55,27.5,16.9989959798874,41.075
"76176",60,150,"unpaired",122,157,138.397976863826,28,7,11.6020231361744,35,17.5,5.89797686382562,56.075
"76176",61,50,"paired",100,100,100,50,50,50,0,50,-4.2632564145606e-14,-43.925
"76176",63,64,"unpaired",100,112,105.830052442584,36,48,41.8300524425837,12,42,0.169947557416322,-29.925
"76176",64,135,"unpaired",117,149,132.034086507992,18,14,2.96591349200762,32,16,13.0340865079924,41.075
"76176",65,107,"paired",113,104,108.406641862941,6,3,1.40664186294123,9,4.5,3.09335813705877,13.075
"76176",66,64,"paired",100,100,100,36,36,36,0,36,-4.2632564145606e-14,-29.925
"76176",67,107,"unpaired",103,100,101.488915650922,4,7,5.51108434907778,3,5.5,-0.0110843490777768,13.075
"76176",69,121,"paired",128,119,123.417988964332,7,2,2.4179889643321,9,4.5,2.0820110356679,27.075
"76176",70,92,"paired",100,100,100,8,8,8.00000000000004,0,8,-4.2632564145606e-14,-1.925
"76176",71,107,"unpaired",127,100,112.694276695846,20,7,5.69427669584647,27,13.5,7.80572330415353,13.075
"76176",72,50,"unpaired",100,100,100,50,50,50,0,50,-4.2632564145606e-14,-43.925
"76176",73,78,"paired",115,106,110.408333018844,37,28,32.4083330188442,9,32.5,0.0916669811558108,-15.925
"76176",75,92,"unpaired",104,100,101.980390271856,12,8,9.98039027185571,4,10,0.0196097281442889,-1.925
"76176",76,64,"unpaired",103,100,101.488915650922,39,36,37.4889156509222,3,37.5,0.0110843490777768,-29.925
"76176",77,135,"paired",100,100,100,35,35,35,0,35,4.2632564145606e-14,41.075
"76176",78,64,"paired",100,100,100,36,36,36,0,36,-4.2632564145606e-14,-29.925
"76176",79,50,"unpaired",100,100,100,50,50,50,0,50,-4.2632564145606e-14,-43.925
"76176",81,121,"paired",100,100,100,21,21,21,0,21,4.2632564145606e-14,27.075
"76176",82,64,"paired",100,100,100,36,36,36,0,36,-4.2632564145606e-14,-29.925
"76176",83,121,"unpaired",100,129,113.578166916005,21,8,7.42183308399456,29,14.5,7.07816691600544,27.075
"76176",84,50,"unpaired",100,100,100,50,50,50,0,50,-4.2632564145606e-14,-43.925
"76176",85,64,"paired",100,100,100,36,36,36,0,36,-4.2632564145606e-14,-29.925
"76176",87,50,"unpaired",100,100,100,50,50,50,0,50,-4.2632564145606e-14,-43.925
"76176",88,135,"unpaired",134,142,137.942016804163,1,7,2.94201680416305,8,4,1.05798319583695,41.075
"76176",89,50,"paired",100,100,100,50,50,50,0,50,-4.2632564145606e-14,-43.925
"76176",90,150,"paired",146,147,146.499146755194,4,3,3.50085324480557,1,3.5,-0.00085324480556892,56.075
"76176",91,92,"unpaired",100,116,107.70329614269,8,24,15.70329614269,16,16,0.29670385730995,-1.925
"76176",93,78,"paired",109,103,105.95753866526,31,25,27.9575386652597,6,28,0.0424613347403238,-15.925
"76176",94,78,"paired",105,106,105.498815159223,27,28,27.4988151592234,1,27.5,0.00118484077655978,-15.925
"76176",95,64,"unpaired",106,100,102.95630140987,42,36,38.95630140987,6,39,0.0436985901300346,-29.925
"76176",96,92,"unpaired",116,120,117.983049630021,24,28,25.983049630021,4,26,0.0169503699790141,-1.925
"76189",1,92,"paired",78,77,77.4983870799902,14,15,14.5016129200098,1,14.5,-0.00161292000977653,-1.925
"76189",3,50,"unpaired",65,87,75.1997340420829,15,37,25.1997340420829,22,26,0.800265957917091,-43.925
"76189",4,107,"unpaired",110,113,111.48990985735,3,6,4.48990985734986,3,4.5,0.0100901426501423,13.075
"76189",5,50,"paired",50,44,46.9041575982343,0,6,3.09584240176571,6,3,-0.095842401765708,-43.925
"76189",6,78,"paired",113,111,111.99553562531,35,33,33.9955356253096,2,34,0.00446437469041427,-15.925
"76189",7,50,"unpaired",65,86,74.766302570075,15,36,24.766302570075,21,25.5,0.733697429925016,-43.925
"76189",9,135,"paired",100,100,100,35,35,35,0,35,4.2632564145606e-14,41.075
"76189",10,50,"paired",70,77,73.4166193719106,20,27,23.4166193719106,7,23.5,0.0833806280894009,-43.925
"76189",11,107,"unpaired",97,113,104.694794521982,10,6,2.30520547801814,16,8,5.69479452198186,13.075
"76189",12,92,"unpaired",76,110,91.4330356052997,16,18,0.566964394700264,34,17,16.4330356052997,-1.925
"76189",13,107,"paired",121,100,110,14,7,3.00000000000004,21,10.5,7.49999999999996,13.075
"76189",15,121,"unpaired",111,120,115.412304370028,10,1,5.58769562997196,9,5.5,-0.0876956299719609,27.075
"76189",16,64,"unpaired",75,92,83.0662386291807,11,28,19.0662386291807,17,19.5,0.433761370819255,-29.925
"76189",17,92,"paired",104,113,108.406641862941,12,21,16.4066418629412,9,16.5,0.0933581370587717,-1.925
"76189",18,107,"paired",108,113,110.471715837132,1,6,3.47171583713184,5,3.5,0.0282841628681609,13.075
"76189",19,135,"unpaired",122,119,120.490663538716,13,16,14.5093364612842,3,14.5,-0.00933646128424925,41.075
"76189",21,92,"paired",101,105,102.980580693643,9,13,10.9805806936434,4,11,0.0194193063565962,-1.925
"76189",22,92,"paired",100,107,103.440804327886,8,15,11.440804327886,7,11.5,0.0591956721140434,-1.925
"76189",23,150,"unpaired",122,122,122,28,28,28,0,28,2.8421709430404e-14,56.075
"76189",24,107,"unpaired",109,114,111.47196957083,2,7,4.47196957082973,5,4.5,0.028030429170272,13.075
"76189",25,107,"paired",112,114,112.995575134604,5,7,5.99557513460427,2,6,0.00442486539573395,13.075
"76189",27,121,"unpaired",114,120,116.961532137708,7,1,4.03846786229244,6,4,-0.0384678622924355,27.075
"76189",28,150,"unpaired",114,122,117.932183902445,36,28,32.0678160975554,8,32,-0.0678160975554363,56.075
"76189",29,64,"paired",78,86,81.9023809177731,14,22,17.9023809177731,8,18,0.097619082226899,-29.925
"76189",30,107,"paired",115,120,117.473401244707,8,13,10.4734012447073,5,10.5,0.0265987552926958,13.075
"76189",31,150,"unpaired",128,120,123.935467078637,22,30,26.0645329213627,8,26,-0.0645329213626837,56.075
"76189",33,121,"paired",136,134,134.99629624549,15,13,13.9962962454896,2,14,0.00370375451035443,27.075
"76189",34,50,"paired",100,94,96.9535971483266,50,44,46.9535971483266,6,47,0.0464028516733634,-43.925
"76189",35,78,"unpaired",95,93,93.9946807005588,17,15,15.9946807005588,2,16,0.00531929944115461,-15.925
"76189",36,50,"unpaired",72,92,81.3879597975033,22,42,31.3879597975033,20,32,0.612040202496743,-43.925
"76189",37,135,"paired",121,119,119.995833260993,14,16,15.0041667390071,2,15,-0.00416673900706144,41.075
"76189",39,78,"unpaired",100,113,106.301458127347,22,35,28.3014581273465,13,28.5,0.198541872653465,-15.925
"76189",40,121,"unpaired",109,121,114.843371598016,12,0,6.15662840198395,12,6,-0.156628401983951,27.075
"76189",41,50,"paired",79,86,82.4257241399795,29,36,32.4257241399795,7,32.5,0.0742758600205491,-43.925
"76189",42,78,"paired",114,119,116.473172876848,36,41,38.4731728768475,5,38.5,0.0268271231524864,-15.925
"76189",43,64,"unpaired",100,92,95.9166304662544,36,28,31.9166304662544,8,32,0.0833695337455822,-29.925
"76189",45,121,"paired",130,124,126.964561984831,9,3,5.96456198483102,6,6,0.0354380151689782,27.075
"76189",46,107,"paired",118,127,122.417319036156,11,20,15.417319036156,9,15.5,0.0826809638440409,13.075
"76189",47,121,"unpaired",136,125,130.384048104053,15,4,9.38404810405302,11,9.5,0.115951895946978,27.075
"76189",48,135,"unpaired",138,125,131.339255365637,3,10,3.66074463436297,13,6.5,2.83925536563703,41.075
"76189",49,78,"paired",100,98,98.9949493661167,22,20,20.9949493661167,2,21,0.00505063388330029,-15.925
"76189",51,150,"unpaired",123,119,120.983469945278,27,31,29.016530054722,4,29,-0.0165300547219545,56.075
"76189",52,78,"unpaired",100,94,96.9535971483266,22,16,18.9535971483266,6,19,0.0464028516733634,-15.925
"76189",53,50,"paired",67,68,67.4981481227448,17,18,17.4981481227448,1,17.5,0.00185187725517721,-43.925
"76189",54,92,"paired",110,112,110.995495404093,18,20,18.9954954040929,2,19,0.00450459590713592,-1.925
"76189",55,121,"unpaired",91,120,104.498803820905,30,1,16.5011961790949,29,15.5,-1.00119617909493,27.075
"76189",57,64,"paired",76,87,81.3142054010245,12,23,17.3142054010245,11,17.5,0.185794598975519,-29.925
"76189",58,121,"paired",108,119,113.366661766147,13,2,7.63333823385281,11,7.5,-0.133338233852811,27.075
"76189",59,135,"unpaired",110,123,116.318528188763,25,12,18.6814718112372,13,18.5,-0.18147181123723,41.075
"76189",60,150,"unpaired",135,121,127.808450424845,15,29,22.1915495751553,14,22,-0.191549575155278,56.075
"76189",61,50,"paired",88,87,87.4985714169094,38,37,37.4985714169094,1,37.5,0.00142858309055782,-43.925
"76189",63,64,"unpaired",110,100,104.880884817015,46,36,40.8808848170152,10,41,0.119115182984757,-29.925
"76189",64,135,"unpaired",125,117,120.933866224478,10,18,14.0661337755218,8,14,-0.0661337755217772,41.075
"76189",65,107,"paired",106,119,112.312065246793,1,12,5.31206524679349,13,6.5,1.18793475320651,13.075
"76189",66,64,"paired",94,100,96.9535971483266,30,36,32.9535971483266,6,33,0.0464028516733634,-29.925
"76189",67,107,"unpaired",123,108,115.256236273791,16,1,8.25623627379122,15,8.5,0.243763726208783,13.075
"76189",69,121,"paired",126,127,126.499011853848,5,6,5.49901185384815,1,5.5,0.000988146151854608,27.075
"76189",70,92,"paired",115,115,115,23,23,23,0,23,-1.4210854715202e-14,-1.925
"76189",71,107,"unpaired",112,119,115.446957517294,5,12,8.44695751729449,7,8.5,0.0530424827055072,13.075
"76189",72,50,"unpaired",74,71,72.4844810976805,24,21,22.4844810976805,3,22.5,0.0155189023194993,-43.925
"76189",73,78,"paired",96,100,97.9795897113271,18,22,19.9795897113271,4,20,0.0204102886728634,-15.925
"76189",75,92,"unpaired",113,115,113.995613950713,21,23,21.995613950713,2,22,0.00438604928699249,-1.925
"76189",76,64,"unpaired",100,100,100,36,36,36,0,36,-4.2632564145606e-14,-29.925
"76189",77,135,"paired",127,131,128.984495192252,8,4,6.01550480774833,4,6,-0.0155048077483286,41.075
"76189",78,64,"paired",113,110,111.48990985735,49,46,47.4899098573499,3,47.5,0.0100901426501423,-29.925
"76189",79,50,"unpaired",65,100,80.6225774829855,15,50,30.6225774829855,35,32.5,1.87742251701447,-43.925
"76189",81,121,"paired",120,126,122.963409191515,1,5,1.96340919151517,6,3,1.03659080848483,27.075
"76189",82,64,"paired",100,106,102.95630140987,36,42,38.95630140987,6,39,0.0436985901300346,-29.925
"76189",83,121,"unpaired",116,116,116,5,5,5.00000000000001,0,5,-1.4210854715202e-14,27.075
"76189",84,50,"unpaired",74,71,72.4844810976805,24,21,22.4844810976805,3,22.5,0.0155189023194993,-43.925
"76189",85,64,"paired",87,87,87,23,23,23,0,23,0,-29.925
"76189",87,50,"unpaired",100,100,100,50,50,50,0,50,-4.2632564145606e-14,-43.925
"76189",88,135,"unpaired",114,118,115.982757339184,21,17,19.0172426608161,4,19,-0.0172426608161373,41.075
"76189",89,50,"paired",80,83,81.4861951498534,30,33,31.4861951498534,3,31.5,0.0138048501465562,-43.925
"76189",90,150,"paired",121,126,123.47469376354,29,24,26.52530623646,5,26.5,-0.0253062364599685,56.075
"76189",91,92,"unpaired",100,102,100.995049383621,8,10,8.99504938362082,2,9,0.00495061637917615,-1.925
"76189",93,78,"paired",112,116,113.9824547902,34,38,35.9824547902,4,36,0.0175452097999766,-15.925
"76189",94,78,"paired",100,105,102.469507659596,22,27,24.469507659596,5,24.5,0.030492340403967,-15.925
"76189",95,64,"unpaired",111,99,104.828431257937,47,35,40.8284312579369,12,41,0.17156874206313,-29.925
"76189",96,92,"unpaired",116,100,107.70329614269,24,8,15.70329614269,16,16,0.29670385730995,-1.925
"76195",1,92,"paired",96,84,89.7997772825746,4,8,2.20022271742542,12,6,3.79977728257458,-1.925
"76195",3,50,"unpaired",62,44,52.2302594288024,12,6,2.23025942880237,18,9,6.76974057119763,-43.925
"76195",4,107,"unpaired",105,84,93.9148550549911,2,23,13.0851449450089,21,12.5,-0.585144945008906,13.075
"76195",5,50,"paired",47,42,44.4297197830461,3,8,5.57028021695387,5,5.5,-0.0702802169538685,-43.925
"76195",6,78,"paired",62,70,65.8786763680024,16,8,12.1213236319976,8,12,-0.121323631997569,-15.925
"76195",7,50,"unpaired",39,40,39.496835316263,11,10,10.503164683737,1,10.5,-0.00316468373699763,-43.925
"76195",9,135,"paired",92,104,97.8161540850999,43,31,37.1838459149001,12,37,-0.183845914900132,41.075
"76195",10,50,"paired",45,40,42.4264068711928,5,10,7.57359312880716,5,7.5,-0.0735931288071612,-43.925
"76195",11,107,"unpaired",102,80,90.3327183250896,5,27,16.6672816749104,22,16,-0.667281674910356,13.075
"76195",12,92,"unpaired",84,70,76.6811580507232,8,22,15.3188419492768,14,15,-0.318841949276774,-1.925
"76195",13,107,"paired",82,94,87.7952162705919,25,13,19.2047837294081,12,19,-0.20478372940812,13.075
"76195",15,121,"unpaired",112,110,110.995495404093,9,11,10.0045045959071,2,10,-0.00450459590713592,27.075
"76195",16,64,"unpaired",66,64,64.9923072370876,2,0,0.99230723708763,2,1,0.0076927629123702,-29.925
"76195",17,92,"paired",62,77,69.0941386804988,30,15,22.9058613195012,15,22.5,-0.405861319501156,-1.925
"76195",18,107,"paired",105,90,97.2111104761178,2,17,9.78888952388216,15,9.5,-0.288889523882162,13.075
"76195",19,135,"unpaired",124,125,124.498995979887,11,10,10.5010040201126,1,10.5,-0.00100402011264578,41.075
"76195",21,92,"paired",84,76,79.8999374217527,8,16,12.1000625782473,8,12,-0.100062578247289,-1.925
"76195",22,92,"paired",80,70,74.8331477354788,12,22,17.1668522645212,10,17,-0.166852264521211,-1.925
"76195",23,150,"unpaired",137,130,133.454111963626,13,20,16.5458880363741,7,16.5,-0.0458880363740946,56.075
"76195",24,107,"unpaired",110,75,90.8295106229247,3,32,16.1704893770753,35,17.5,1.32951062292472,13.075
"76195",25,107,"paired",112,98,104.76640682967,5,9,2.2335931703296,14,7,4.7664068296704,13.075
"76195",27,121,"unpaired",120,110,114.891252930761,1,11,6.10874706923941,10,6,-0.108747069239413,27.075
"76195",28,150,"unpaired",144,135,139.427400463467,6,15,10.572599536533,9,10.5,-0.0725995365329766,56.075
"76195",29,64,"paired",62,70,65.8786763680024,2,6,1.87867636800243,8,4,2.12132363199757,-29.925
"76195",30,107,"paired",96,106,100.876161703348,11,1,6.12383829665204,10,6,-0.123838296652039,13.075
"76195",31,150,"unpaired",115,140,126.885775404495,35,10,23.1142245955048,25,22.5,-0.614224595504766,56.075
"76195",33,121,"paired",120,105,112.249721603218,1,16,8.75027839678178,15,8.5,-0.250278396781781,27.075
"76195",34,50,"paired",46,40,42.8952211790544,4,10,7.10477882094558,6,7,-0.104778820945576,-43.925
"76195",35,78,"unpaired",72,77,74.4580418759452,6,1,3.54195812405482,5,3.5,-0.0419581240548155,-15.925
"76195",36,50,"unpaired",48,45,46.475800154489,2,5,3.52419984551101,3,3.5,-0.0241998455110064,-43.925
"76195",37,135,"paired",96,86,90.8625335328043,39,49,44.1374664671957,10,44,-0.137466467195651,41.075
"76195",39,78,"unpaired",72,68,69.9714227381436,6,10,8.02857726185638,4,8,-0.028577261856384,-15.925
"76195",40,121,"unpaired",120,76,95.4986910905066,1,45,25.5013089094934,44,23,-2.50130890949339,27.075
"76195",41,50,"paired",36,44,39.7994974842648,14,6,10.2005025157352,8,10,-0.200502515735216,-43.925
"76195",42,78,"paired",66,70,67.9705818718657,12,8,10.0294181281343,4,10,-0.0294181281342532,-15.925
"76195",43,64,"unpaired",52,60,55.8569601750758,12,4,8.14303982492422,8,8,-0.143039824924223,-29.925
"76195",45,121,"paired",95,105,99.8749217771909,26,16,21.1250782228091,10,21,-0.125078222809123,27.075
"76195",46,107,"paired",82,76,78.9430174239622,25,31,28.0569825760378,6,28,-0.056982576037754,13.075
"76195",47,121,"unpaired",110,110,110,11,11,11,0,11,4.2632564145606e-14,27.075
"76195",48,135,"unpaired",110,115,112.47221879202,25,20,22.5277812079801,5,22.5,-0.0277812079800555,41.075
"76195",49,78,"paired",62,72,66.8131723539603,16,6,11.1868276460397,10,11,-0.186827646039731,-15.925
"76195",51,150,"unpaired",125,120,122.474487139159,25,30,27.5255128608411,5,27.5,-0.0255128608410757,56.075
"76195",52,78,"unpaired",70,65,67.4536878161602,8,13,10.5463121838398,5,10.5,-0.0463121838397882,-15.925
"76195",53,50,"paired",45,52,48.3735464897913,5,2,1.62645351020871,7,3.5,1.87354648979129,-43.925
"76195",54,92,"paired",85,95,89.8610037780571,7,3,2.13899622194289,10,5,2.86100377805711,-1.925
"76195",55,121,"unpaired",96,90,92.951600308978,25,31,28.048399691022,6,28,-0.0483996910219986,27.075
"76195",57,64,"paired",55,62,58.3952052826257,9,2,5.60479471737426,7,5.5,-0.104794717374261,-29.925
"76195",58,121,"paired",100,95,97.4679434480896,21,26,23.5320565519104,5,23.5,-0.0320565519103866,27.075
"76195",59,135,"unpaired",110,110,110,25,25,25,0,25,4.2632564145606e-14,41.075
"76195",60,150,"unpaired",140,125,132.287565553229,10,25,17.7124344467705,15,17.5,-0.212434446770544,56.075
"76195",61,50,"paired",40,70,52.9150262212918,10,20,2.91502622129183,30,15,12.0849737787082,-43.925
"76195",63,64,"unpaired",64,60,61.9677335393187,0,4,2.03226646068135,4,2,-0.032266460681349,-29.925
"76195",64,135,"unpaired",125,120,122.474487139159,10,15,12.5255128608411,5,12.5,-0.0255128608410757,41.075
"76195",65,107,"paired",95,85,89.8610037780571,12,22,17.1389962219429,10,17,-0.13899622194289,13.075
"76195",66,64,"paired",56,64,59.8665181883831,8,0,4.13348181161691,8,4,-0.13348181161691,-29.925
"76195",67,107,"unpaired",115,110,112.47221879202,8,3,5.47221879201994,5,5.5,0.0277812079800555,13.075
"76195",69,121,"paired",85,100,92.1954445729289,36,21,28.8045554270711,15,28.5,-0.304555427071094,27.075
"76195",70,92,"paired",80,90,84.8528137423857,12,2,7.14718625761432,10,7,-0.147186257614322,-1.925
"76195",71,107,"unpaired",75,105,88.7411967464942,32,2,18.2588032535058,30,17,-1.25880325350583,13.075
"76195",72,50,"unpaired",45,45,45,5,5,5.00000000000001,0,5,-7.105427357601e-15,-43.925
"76195",73,78,"paired",65,75,69.8212002188447,13,3,8.17879978115535,10,8,-0.178799781155348,-15.925
"76195",75,92,"unpaired",75,70,72.4568837309472,17,22,19.5431162690528,5,19.5,-0.0431162690528311,-1.925
"76195",76,64,"unpaired",65,54,59.2452529743945,1,10,4.75474702560548,11,5.5,0.745252974394518,-29.925
"76195",77,135,"paired",85,80,82.4621125123532,50,55,52.5378874876468,5,52.5,-0.0378874876467989,41.075
"76195",78,64,"paired",60,50,54.7722557505166,4,14,9.22774424948341,10,9,-0.227744249483408,-29.925
"76195",79,50,"unpaired",40,42,40.9878030638384,10,8,9.01219693616161,2,9,-0.0121969361616081,-43.925
"76195",81,121,"paired",80,90,84.8528137423857,41,31,36.1471862576143,10,36,-0.147186257614322,27.075
"76195",82,64,"paired",50,60,54.7722557505166,14,4,9.22774424948341,10,9,-0.227744249483408,-29.925
"76195",83,121,"unpaired",110,110,110,11,11,11,0,11,4.2632564145606e-14,27.075
"76195",84,50,"unpaired",45,56,50.1996015920445,5,6,0.199601592044537,11,5.5,5.30039840795546,-43.925
"76195",85,64,"paired",55,60,57.4456264653803,9,4,6.55437353461971,5,6.5,-0.0543735346197138,-29.925
"76195",87,50,"unpaired",42,45,43.4741302385683,8,5,6.52586976143169,3,6.5,-0.025869761431693,-43.925
"76195",88,135,"unpaired",125,125,125,10,10,9.99999999999996,0,10,4.2632564145606e-14,41.075
"76195",89,50,"paired",45,50,47.4341649025257,5,0,2.56583509747431,5,2.5,-0.0658350974743058,-43.925
"76195",90,150,"paired",140,160,149.666295470958,10,10,0.333704529042393,20,10,9.66629547095761,56.075
"76195",91,92,"unpaired",62,72,66.8131723539603,30,20,25.1868276460397,10,25,-0.186827646039731,-1.925
"76195",93,78,"paired",90,75,82.1583836257749,12,3,4.1583836257749,15,7.5,3.3416163742251,-15.925
"76195",94,78,"paired",70,80,74.8331477354788,8,2,3.16685226452121,10,5,1.83314773547879,-15.925
"76195",95,64,"unpaired",55,60,57.4456264653803,9,4,6.55437353461971,5,6.5,-0.0543735346197138,-29.925
"76195",96,92,"unpaired",75,75,75,17,17,17,0,17,-2.8421709430404e-14,-1.925
"76202",1,92,"paired",93,102,97.3960984844875,1,10,5.39609848448751,9,5.5,0.10390151551249,-1.925
"76202",3,50,"unpaired",67,35,48.425200051213,17,15,1.574799948787,32,16,14.425200051213,-43.925
"76202",4,107,"unpaired",94,76,84.5221864364618,13,31,22.4778135635382,18,22,-0.477813563538206,13.075
"76202",5,50,"paired",57,53,54.9636243346452,7,3,4.96362433464517,4,5,0.0363756653548251,-43.925
"76202",6,78,"paired",66,57,61.3351449007826,12,21,16.6648550992174,9,16.5,-0.164855099217363,-15.925
"76202",7,50,"unpaired",65,34,47.0106370941726,15,16,2.98936290582737,31,15.5,12.5106370941726,-43.925
"76202",9,135,"paired",130,132,130.996183150503,5,3,4.00381684949747,2,4,-0.00381684949746841,41.075
"76202",10,50,"paired",32,34,32.9848450049413,18,16,17.0151549950587,2,17,-0.0151549950587224,-43.925
"76202",11,107,"unpaired",123,95,108.097178501569,16,12,1.09717850156865,28,14,12.9028214984314,13.075
"76202",12,92,"unpaired",120,102,110.634533487515,28,10,18.6345334875146,18,19,0.365466512485384,-1.925
"76202",13,107,"paired",113,107,109.959083299198,6,0,2.9590832991982,6,3,0.0409167008018017,13.075
"76202",15,121,"unpaired",126,115,120.374415886433,5,6,0.625584113566717,11,5.5,4.87441588643328,27.075
"76202",16,64,"unpaired",49,58,53.3104117410473,15,6,10.6895882589527,9,10.5,-0.189588258952661,-29.925
"76202",17,92,"paired",84,70,76.6811580507232,8,22,15.3188419492768,14,15,-0.318841949276774,-1.925
"76202",18,107,"paired",107,97,101.877377272876,0,10,5.12262272712354,10,5,-0.122622727123542,13.075
"76202",19,135,"unpaired",115,119,116.982904733982,20,16,18.0170952660176,4,18,-0.0170952660175914,41.075
"76202",21,92,"paired",91,104,97.2830920561225,1,12,5.28309205612246,13,6.5,1.21690794387754,-1.925
"76202",22,92,"paired",110,100,104.880884817015,18,8,12.8808848170152,10,13,0.119115182984757,-1.925
"76202",23,150,"unpaired",136,130,132.966161108757,14,20,17.0338388912427,6,17,-0.0338388912427092,56.075
"76202",24,107,"unpaired",115,104,109.361784915939,8,3,2.36178491593857,11,5.5,3.13821508406143,13.075
"76202",25,107,"paired",121,111,115.89219128138,14,4,8.89219128138008,10,9,0.107808718619921,13.075
"76202",27,121,"unpaired",126,109,117.192149907748,5,12,3.80785009225231,17,8.5,4.69214990774769,27.075
"76202",28,150,"unpaired",136,108,121.194059260345,14,42,28.805940739655,28,28,-0.805940739654972,56.075
"76202",29,64,"paired",48,44,45.9565011723042,16,20,18.0434988276958,4,18,-0.0434988276957711,-29.925
"76202",30,107,"paired",79,81,79.9937497558403,28,26,27.0062502441597,2,27,-0.00625024415968767,13.075
"76202",31,150,"unpaired",122,104,112.64102272263,28,46,37.3589772773703,18,37,-0.358977277370258,56.075
"76202",33,121,"paired",104,105,104.498803820905,17,16,16.5011961790949,1,16.5,-0.00119617909493286,27.075
"76202",34,50,"paired",61,50,55.2268050859363,11,0,5.22680508593629,11,5.5,0.273194914063708,-43.925
"76202",35,78,"unpaired",75,71,72.9725975966321,3,7,5.02740240336792,4,5,-0.0274024033679154,-15.925
"76202",36,50,"unpaired",42,34,37.7888872553824,8,16,12.2111127446176,8,12,-0.211112744617616,-43.925
"76202",37,135,"paired",107,106,106.498826284612,28,29,28.5011737153879,1,28.5,-0.00117371538786415,41.075
"76202",39,78,"unpaired",80,61,69.8569967862919,2,17,8.14300321370811,19,9.5,1.35699678629189,-15.925
"76202",40,121,"unpaired",114,107,110.44455622619,7,14,10.5554437738102,7,10.5,-0.0554437738102109,27.075
"76202",41,50,"paired",35,31,32.9393381840012,15,19,17.0606618159988,4,17,-0.0606618159987846,-43.925
"76202",42,78,"paired",73,83,77.8395786216755,5,5,0.1604213783245,10,5,4.8395786216755,-15.925
"76202",43,64,"unpaired",41,31,35.6510869399518,23,33,28.3489130600482,10,28,-0.348913060048226,-29.925
"76202",45,121,"paired",108,109,108.498847920151,13,12,12.5011520798492,1,12.5,-0.00115207984924837,27.075
"76202",46,107,"paired",90,80,84.8528137423857,17,27,22.1471862576143,10,22,-0.147186257614322,13.075
"76202",47,121,"unpaired",112,108,109.98181667894,9,13,11.0181833210599,4,11,-0.0181833210598938,27.075
"76202",48,135,"unpaired",111,113,111.99553562531,24,22,23.0044643746904,2,23,-0.00446437469041427,41.075
"76202",49,78,"paired",58,54,55.9642743185329,20,24,22.0357256814671,4,22,-0.0357256814670848,-15.925
"76202",51,150,"unpaired",129,122,125.451185725763,21,28,24.5488142742365,7,24.5,-0.0488142742365341,56.075
"76202",52,78,"unpaired",44,45,44.497190922574,34,33,33.502809077426,1,33.5,-0.0028090774260221,-15.925
"76202",53,50,"paired",32,30,30.9838667696593,18,20,19.0161332303407,2,19,-0.0161332303406638,-43.925
"76202",54,92,"paired",77,75,75.9934207678533,15,17,16.0065792321467,2,16,-0.00657923214667733,-1.925
"76202",55,121,"unpaired",112,87,98.7117014340245,9,34,22.2882985659755,25,21.5,-0.788298565975452,27.075
"76202",57,64,"paired",35,42,38.3405790253616,29,22,25.6594209746384,7,25.5,-0.159420974638373,-29.925
"76202",58,121,"paired",107,106,106.498826284612,14,15,14.5011737153879,1,14.5,-0.00117371538786415,27.075
"76202",59,135,"unpaired",125,111,117.792189893897,10,24,17.2078101061025,14,17,-0.207810106102528,41.075
"76202",60,150,"unpaired",89,116,101.607086367044,61,34,48.3929136329558,27,47.5,-0.892913632955768,56.075
"76202",61,50,"paired",27,29,27.9821371592665,23,21,22.0178628407335,2,22,-0.0178628407335459,-43.925
"76202",63,64,"unpaired",38,46,41.8090899207337,26,18,22.1909100792663,8,22,-0.190910079266253,-29.925
"76202",64,135,"unpaired",113,104,108.406641862941,22,31,26.5933581370588,9,26.5,-0.0933581370587717,41.075
"76202",65,107,"paired",105,96,100.399203184089,2,11,6.600796815911,9,6.5,-0.100796815910996,13.075
"76202",66,64,"paired",48,47,47.4973683481517,16,17,16.5026316518483,1,16.5,-0.00263165184831848,-29.925
"76202",67,107,"unpaired",102,74,86.8792265158939,5,33,20.1207734841061,28,19,-1.12077348410611,13.075
"76202",69,121,"paired",108,109,108.498847920151,13,12,12.5011520798492,1,12.5,-0.00115207984924837,27.075
"76202",70,92,"paired",62,63,62.497999967999,30,29,29.502000032001,1,29.5,-0.00200003200102117,-1.925
"76202",71,107,"unpaired",106,66,83.6420946653059,1,41,23.3579053346941,40,21,-2.35790533469412,13.075
"76202",72,50,"unpaired",29,27,27.9821371592665,21,23,22.0178628407335,2,22,-0.0178628407335459,-43.925
"76202",73,78,"paired",87,49,65.2916533716217,9,29,12.7083466283783,38,19,6.29165337162172,-15.925
"76202",75,92,"unpaired",62,70,65.8786763680024,30,22,26.1213236319976,8,26,-0.121323631997569,-1.925
"76202",76,64,"unpaired",41,38,39.4715087119811,23,26,24.5284912880189,3,24.5,-0.0284912880188983,-29.925
"76202",77,135,"paired",106,109,107.489534374282,29,26,27.5104656257178,3,27.5,-0.0104656257178419,41.075
"76202",78,64,"paired",57,61,58.9660919512223,7,3,5.03390804877772,4,5,-0.0339080487777181,-29.925
"76202",79,50,"unpaired",36,53,43.6806593356831,14,3,6.3193406643169,17,8.5,2.1806593356831,-43.925
"76202",81,121,"paired",110,110,110,11,11,11,0,11,4.2632564145606e-14,27.075
"76202",82,64,"paired",65,59,61.9273768215641,1,5,2.07262317843585,6,3,0.927376821564145,-29.925
"76202",83,121,"unpaired",108,108,108,13,13,13,0,13,2.8421709430404e-14,27.075
"76202",84,50,"unpaired",26,28,26.9814751264641,24,22,23.0185248735359,2,23,-0.0185248735359167,-43.925
"76202",85,64,"paired",26,36,30.5941170815567,38,28,33.4058829184433,10,33,-0.405882918443282,-29.925
"76202",87,50,"unpaired",41,51,45.7274534606947,9,1,4.2725465393053,10,5,0.727453460694697,-43.925
"76202",88,135,"unpaired",108,114,110.959452053442,27,21,24.0405479465583,6,24,-0.0405479465583483,41.075
"76202",89,50,"paired",27,27,27,23,23,23,0,23,0,-43.925
"76202",90,150,"paired",131,130,130.499042142078,19,20,19.5009578579215,1,19.5,-0.000957857921520144,56.075
"76202",91,92,"unpaired",50,88,66.332495807108,42,4,25.667504192892,38,23,-2.66750419289198,-1.925
"76202",93,78,"paired",62,62,62,16,16,16,0,16,7.105427357601e-15,-15.925
"76202",94,78,"paired",77,79,77.9935894801618,1,1,0.00641051983818386,2,1,0.993589480161816,-15.925
"76202",95,64,"unpaired",55,69,61.6035713250458,9,5,2.39642867495422,14,7,4.60357132504578,-29.925
"76202",96,92,"unpaired",95,85,89.8610037780571,3,7,2.13899622194289,10,5,2.86100377805711,-1.925
"76242",1,92,"paired",68,75,71.4142842854285,24,17,20.5857157145715,7,20.5,-0.0857157145715348,-1.925
"76242",3,50,"unpaired",45,44,44.497190922574,5,6,5.50280907742602,1,5.5,-0.0028090774260221,-43.925
"76242",4,107,"unpaired",80,76,77.9743547584717,27,31,29.0256452415283,4,29,-0.0256452415283093,13.075
"76242",5,50,"paired",40,109,66.0302960768767,10,59,16.0302960768767,69,34.5,18.4697039231233,-43.925
"76242",6,78,"paired",51,73,61.0163912403872,27,5,16.9836087596128,22,16,-0.983608759612792,-15.925
"76242",7,50,"unpaired",51,30,39.1152144312159,1,20,10.8847855687841,21,10.5,-0.38478556878411,-43.925
"76242",9,135,"paired",125,115,119.895788082818,10,20,15.104211917182,10,15,-0.104211917181985,41.075
"76242",10,50,"paired",40,39,39.496835316263,10,11,10.503164683737,1,10.5,-0.00316468373699763,-43.925
"76242",11,107,"unpaired",94,75,83.9642781187333,13,32,23.0357218812667,19,22.5,-0.535721881266724,13.075
"76242",12,92,"unpaired",87,82,84.4630096551147,5,10,7.53699034488525,5,7.5,-0.036990344885254,-1.925
"76242",13,107,"paired",103,104,103.498792263485,4,3,3.50120773651511,1,3.5,-0.00120773651511286,13.075
"76242",15,121,"unpaired",114,103,108.36050941187,7,18,12.6394905881298,11,12.5,-0.139490588129789,27.075
"76242",16,64,"unpaired",93,68,79.5235814082842,29,4,15.5235814082842,25,16.5,0.976418591715841,-29.925
"76242",17,92,"paired",76,59,66.9626761711329,16,33,25.0373238288671,17,24.5,-0.53732382886713,-1.925
"76242",18,107,"paired",47,50,48.4767985741633,60,57,58.5232014258367,3,58.5,-0.0232014258367244,13.075
"76242",19,135,"unpaired",95,80,87.1779788708135,40,55,47.8220211291865,15,47.5,-0.32202112918651,41.075
"76242",21,92,"paired",59,89,72.4637840579693,33,3,19.5362159420307,30,18,-1.53621594203071,-1.925
"76242",22,92,"paired",64,60,61.9677335393187,28,32,30.0322664606813,4,30,-0.032266460681349,-1.925
"76242",23,150,"unpaired",119,105,111.781035958699,31,45,38.2189640413008,14,38,-0.218964041300822,56.075
"76242",24,107,"unpaired",103,105,103.995192196563,4,2,3.00480780343743,2,3,-0.00480780343742992,13.075
"76242",25,107,"paired",96,92,93.9787209957658,11,15,13.0212790042342,4,13,-0.0212790042341595,13.075
"76242",27,121,"unpaired",94,63,76.954532030284,27,58,44.045467969716,31,42.5,-1.54546796971604,27.075
"76242",28,150,"unpaired",112,103,107.40577265678,38,47,42.5942273432196,9,42.5,-0.094227343219643,56.075
"76242",29,64,"paired",39,49,43.7149859887888,25,15,20.2850140112112,10,20,-0.285014011211231,-29.925
"76242",30,107,"paired",75,44,57.4456264653803,32,63,49.5543735346197,31,47.5,-2.05437353461971,13.075
"76242",31,150,"unpaired",106,75,89.1627725006351,44,75,60.8372274993649,31,59.5,-1.33722749936494,56.075
"76242",33,121,"paired",78,79,78.4984076271615,43,42,42.5015923728385,1,42.5,-0.00159237283854452,27.075
"76242",34,50,"paired",33,56,42.9883705204094,17,6,7.01162947959065,23,11.5,4.48837052040935,-43.925
"76242",35,78,"unpaired",37,44,40.348482003664,41,34,37.651517996336,7,37.5,-0.151517996335976,-15.925
"76242",36,50,"unpaired",29,29,29,21,21,21,0,21,3.5527136788005e-15,-43.925
"76242",37,135,"paired",72,74,72.9931503635786,63,61,62.0068496364214,2,62,-0.00684963642135017,41.075
"76242",39,78,"unpaired",50,65,57.0087712549569,28,13,20.9912287450431,15,20.5,-0.491228745043124,-15.925
"76242",40,121,"unpaired",85,84,84.4985206971104,36,37,36.5014793028896,1,36.5,-0.00147930288956388,27.075
"76242",41,50,"paired",31,34,32.4653661614959,19,16,17.5346338385041,3,17.5,-0.034633838504142,-43.925
"76242",42,78,"paired",45,49,46.9574275274956,33,29,31.0425724725044,4,31,-0.0425724725044105,-15.925
"76242",43,64,"unpaired",42,50,45.8257569495584,22,14,18.1742430504416,8,18,-0.174243050441596,-29.925
"76242",45,121,"paired",82,80,80.9938269252663,39,41,40.0061730747337,2,40,-0.00617307473369522,27.075
"76242",46,107,"paired",79,77,77.9935894801618,28,30,29.0064105198382,2,29,-0.00641051983818386,13.075
"76242",47,121,"unpaired",95,87,90.9120454065356,26,34,30.0879545934644,8,30,-0.0879545934643886,27.075
"76242",48,135,"unpaired",103,103,103,32,32,32,0,32,1.4210854715202e-14,41.075
"76242",49,78,"paired",34,53,42.4499705535822,44,25,35.5500294464178,19,34.5,-1.05002944641775,-15.925
"76242",51,150,"unpaired",91,89,89.9944442729661,59,61,60.0055557270339,2,60,-0.00555572703392215,56.075
"76242",52,78,"unpaired",41,43,41.988093550434,37,35,36.011906449566,2,36,-0.0119064495659558,-15.925
"76242",53,50,"paired",29,34,31.4006369362152,21,16,18.5993630637848,5,18.5,-0.0993630637848391,-43.925
"76242",54,92,"paired",71,54,61.9193023216509,21,38,30.0806976783491,17,29.5,-0.58069767834909,-1.925
"76242",55,121,"unpaired",55,82,67.1565335615233,66,39,53.8434664384767,27,52.5,-1.34346643847672,27.075
"76242",57,64,"paired",34,53,42.4499705535822,30,11,21.5500294464178,19,20.5,-1.05002944641775,-29.925
"76242",58,121,"paired",79,82,80.4860236314355,42,39,40.5139763685645,3,40.5,-0.0139763685644567,27.075
"76242",59,135,"unpaired",112,90,100.399203184089,23,45,34.600796815911,22,34,-0.600796815910996,41.075
"76242",60,150,"unpaired",105,76,89.3308457365092,45,74,60.6691542634908,29,59.5,-1.1691542634908,56.075
"76242",61,50,"paired",34,34,34,16,16,16,0,16,7.105427357601e-15,-43.925
"76242",63,64,"unpaired",36,41,38.4187454245971,28,23,25.5812545754029,5,25.5,-0.0812545754029088,-29.925
"76242",64,135,"unpaired",90,90,90,45,45,45,0,45,0,41.075
"76242",65,107,"paired",49,56,52.3832034148352,58,51,54.6167965851648,7,54.5,-0.116796585164799,13.075
"76242",66,64,"paired",52,50,50.9901951359278,12,14,13.0098048640722,2,13,-0.00980486407215153,-29.925
"76242",67,107,"unpaired",58,84,69.7997134664605,49,23,37.2002865335395,26,36,-1.20028653353945,13.075
"76242",69,121,"paired",83,81,81.9939022122987,38,40,39.0060977877013,2,39,-0.00609778770132152,27.075
"76242",70,92,"paired",68,73,70.4556598152342,24,19,21.5443401847658,5,21.5,-0.0443401847658151,-1.925
"76242",71,107,"unpaired",84,87,85.48684109265,23,20,21.51315890735,3,21.5,-0.0131589073499754,13.075
"76242",72,50,"unpaired",34,35,34.4963766213207,16,15,15.5036233786793,1,15.5,-0.00362337867931473,-43.925
"76242",73,78,"paired",61,47,53.5443741209102,17,31,24.4556258790898,14,24,-0.45562587908978,-15.925
"76242",75,92,"unpaired",64,65,64.4980619863884,28,27,27.5019380136116,1,27.5,-0.00193801361162116,-1.925
"76242",76,64,"unpaired",83,73,77.8395786216755,19,9,13.8395786216755,10,14,0.1604213783245,-29.925
"76242",77,135,"paired",90,79,84.3208159353312,45,56,50.6791840646688,11,50.5,-0.179184064668789,41.075
"76242",78,64,"paired",50,49,49.4974746830583,14,15,14.5025253169417,1,14.5,-0.00252531694167857,-29.925
"76242",79,50,"unpaired",25,25,25,25,25,25,0,25,-3.5527136788005e-15,-43.925
"76242",81,121,"paired",69,70,69.4982014155762,52,51,51.5017985844238,1,51.5,-0.00179858442376712,27.075
"76242",82,64,"paired",40,60,48.9897948556636,24,4,15.0102051443364,20,14,-1.01020514433643,-29.925
"76242",83,121,"unpaired",85,92,88.4307638777366,36,29,32.5692361222634,7,32.5,-0.0692361222634048,27.075
"76242",84,50,"unpaired",40,42,40.9878030638384,10,8,9.01219693616161,2,9,-0.0121969361616081,-43.925
"76242",85,64,"paired",36,38,36.9864840178139,28,26,27.0135159821861,2,27,-0.0135159821861421,-29.925
"76242",87,50,"unpaired",60,56,57.9655069847578,10,6,7.96550698475778,4,8,0.0344930152422194,-43.925
"76242",88,135,"unpaired",78,91,84.2496290793022,57,44,50.7503709206978,13,50.5,-0.25037092069779,41.075
"76242",89,50,"paired",38,29,33.1963853453957,12,21,16.8036146546043,9,16.5,-0.303614654604331,-43.925
"76242",90,150,"paired",104,108,105.981130395934,46,42,44.0188696040658,4,44,-0.0188696040658414,56.075
"76242",91,92,"unpaired",57,41,48.3425278610873,35,51,43.6574721389127,16,43,-0.657472138912709,-1.925
"76242",93,78,"paired",39,63,49.5681349255749,39,15,28.4318650744251,24,27,-1.43186507442509,-15.925
"76242",94,78,"paired",47,50,48.4767985741633,31,28,29.5232014258367,3,29.5,-0.0232014258367244,-15.925
"76242",95,64,"unpaired",62,26,40.1497197997695,2,38,23.8502802002305,36,20,-3.85028020023052,-29.925
"76242",96,92,"unpaired",75,59,66.5206734782503,17,33,25.4793265217497,16,25,-0.479326521749684,-1.925
"76244",1,92,"paired",90,80,84.8528137423857,2,12,7.14718625761432,10,7,-0.147186257614322,-1.925
"76244",3,50,"unpaired",63,69,65.9317829275077,13,19,15.9317829275077,6,16,0.06821707249226,-43.925
"76244",4,107,"unpaired",128,121,124.450793488832,21,14,17.4507934888323,7,17.5,0.0492065111676965,13.075
"76244",5,50,"paired",43,58,49.9399639567351,7,8,0.0600360432649083,15,7.5,7.43996395673509,-43.925
"76244",6,78,"paired",97,95,95.994791525374,19,17,17.994791525374,2,18,0.00520847462604479,-15.925
"76244",7,50,"unpaired",48,48,48,2,2,1.99999999999999,0,2,7.105427357601e-15,-43.925
"76244",9,135,"paired",162,161,161.499226004337,27,26,26.4992260043372,1,26.5,0.000773995662768812,41.075
"76244",10,50,"paired",60,78,68.4105255059483,10,28,18.4105255059483,18,19,0.589474494051728,-43.925
"76244",11,107,"unpaired",154,148,150.970195734125,47,41,43.970195734125,6,44,0.0298042658750433,13.075
"76244",12,92,"unpaired",106,158,129.414064150694,14,66,37.4140641506942,52,40,2.5859358493058,-1.925
"76244",13,107,"paired",109,123,115.788600475176,2,16,8.78860047517632,14,9,0.211399524823676,13.075
"76244",15,121,"unpaired",160,173,166.373074744683,39,52,45.3730747446833,13,45.5,0.126925255316706,27.075
"76244",16,64,"unpaired",70,82,75.7627876995033,6,18,11.7627876995033,12,12,0.237212300496736,-29.925
"76244",17,92,"paired",81,80,80.4984471899925,11,12,11.5015528100075,1,11.5,-0.0015528100075386,-1.925
"76244",18,107,"paired",130,158,143.317828618773,23,51,36.317828618773,28,37,0.682171381226965,13.075
"76244",19,135,"unpaired",134,160,146.424041741785,1,25,11.4240417417849,26,13,1.57595825821508,41.075
"76244",21,92,"paired",83,81,81.9939022122987,9,11,10.0060977877013,2,10,-0.00609778770132152,-1.925
"76244",22,92,"paired",111,127,118.730787919562,19,35,26.730787919562,16,27,0.26921208043801,-1.925
"76244",23,150,"unpaired",163,174,168.410213466999,13,24,18.4102134669986,11,18.5,0.0897865330014156,56.075
"76244",24,107,"unpaired",93,136,112.463327356076,14,29,5.46332735607648,43,21.5,16.0366726439235,13.075
"76244",25,107,"paired",113,78,93.8829057922687,6,29,13.1170942077313,35,17.5,4.38290579226867,13.075
"76244",27,121,"unpaired",147,152,149.479095528438,26,31,28.4790955284383,5,28.5,0.0209044715616642,27.075
"76244",28,150,"unpaired",160,162,160.996894379985,10,12,10.9968943799848,2,11,0.00310562001519088,56.075
"76244",29,64,"paired",45,55,49.749371855331,19,9,14.250628144669,10,14,-0.250628144669001,-29.925
"76244",30,107,"paired",141,143,141.996478829582,34,36,34.9964788295822,2,35,0.00352117041776978,13.075
"76244",31,150,"unpaired",164,163,163.499235472219,14,13,13.4992354722187,1,13.5,0.000764527781313973,56.075
"76244",33,121,"paired",154,142,147.87832836491,33,21,26.8783283649095,12,27,0.121671635090507,27.075
"76244",34,50,"paired",86,72,78.689262291624,36,22,28.689262291624,14,29,0.310737708376038,-43.925
"76244",35,78,"unpaired",74,116,92.6498785752038,4,38,14.6498785752038,42,21,6.35012142479623,-15.925
"76244",36,50,"unpaired",45,46,45.4972526643093,5,4,4.5027473356907,1,4.5,-0.00274733569069951,-43.925
"76244",37,135,"paired",160,167,163.46253393362,25,32,28.4625339336203,7,28.5,0.0374660663796647,41.075
"76244",39,78,"unpaired",99,126,111.687062813918,21,48,33.6870628139177,27,34.5,0.812937186082294,-15.925
"76244",40,121,"unpaired",162,149,155.364088514689,41,28,34.3640885146885,13,34.5,0.135911485311482,27.075
"76244",41,50,"paired",35,36,35.4964786985977,15,14,14.5035213014023,1,14.5,-0.00352130140230145,-43.925
"76244",42,78,"paired",154,145,149.432258900145,76,67,71.4322589001451,9,71.5,0.0677410998548567,-15.925
"76244",43,64,"unpaired",57,82,68.3666585405489,7,18,4.36665854054885,25,12.5,8.13334145945115,-29.925
"76244",45,121,"paired",162,171,166.439178080162,41,50,45.4391780801623,9,45.5,0.0608219198376503,27.075
"76244",46,107,"paired",159,162,160.492990501143,52,55,53.492990501143,3,53.5,0.00700949885697355,13.075
"76244",47,121,"unpaired",135,152,143.24803663576,14,31,22.2480366357598,17,22.5,0.251963364240169,27.075
"76244",48,135,"unpaired",157,161,158.987420886056,22,26,23.9874208860562,4,24,0.0125791139437581,41.075
"76244",49,78,"paired",57,53,54.9636243346452,21,25,23.0363756653548,4,23,-0.0363756653548251,-15.925
"76244",51,150,"unpaired",154,141,147.356710060995,4,9,2.64328993900546,13,6.5,3.85671006099454,56.075
"76244",52,78,"unpaired",75,88,81.2403840463596,3,10,3.24038404635961,13,6.5,3.25961595364039,-15.925
"76244",53,50,"paired",61,49,54.6717477313466,11,1,4.67174773134657,12,6,1.32825226865343,-43.925
"76244",54,92,"paired",86,133,106.948585778401,6,41,14.948585778401,47,23.5,8.551414221599,-1.925
"76244",55,121,"unpaired",117,143,129.348366823861,4,22,8.34836682386057,26,13,4.65163317613943,27.075
"76244",57,64,"paired",51,53,51.9903837262238,13,11,12.0096162737762,2,12,-0.00961627377616736,-29.925
"76244",58,121,"paired",164,170,166.973051717935,43,49,45.9730517179345,6,46,0.0269482820654616,27.075
"76244",59,135,"unpaired",159,173,165.852343968965,24,38,30.8523439689655,14,31,0.147656031034529,41.075
"76244",60,150,"unpaired",162,171,166.439178080162,12,21,16.4391780801623,9,16.5,0.0608219198376503,56.075
"76244",61,50,"paired",27,62,40.9145450909576,23,12,9.08545490904243,35,17.5,8.41454509095757,-43.925
"76244",63,64,"unpaired",61,87,72.8491592264455,3,23,8.84915922644547,26,13,4.15084077355453,-29.925
"76244",64,135,"unpaired",163,150,156.364957711119,28,15,21.3649577111188,13,21.5,0.135042288881181,41.075
"76244",65,107,"paired",129,148,138.173803595327,22,41,31.1738035953269,19,31.5,0.326196404673112,13.075
"76244",66,64,"paired",86,100,92.736184954957,22,36,28.736184954957,14,29,0.263815045042961,-29.925
"76244",67,107,"unpaired",148,129,138.173803595327,41,22,31.1738035953269,19,31.5,0.326196404673112,13.075
"76244",69,121,"paired",166,159,162.462303319878,45,38,41.4623033198779,7,41.5,0.0376966801220817,27.075
"76244",70,92,"paired",105,107,105.995282913911,13,15,13.9952829139108,2,14,0.00471708608918675,-1.925
"76244",71,107,"unpaired",138,150,143.874945699382,31,43,36.8749456993817,12,37,0.125054300618331,13.075
"76244",72,50,"unpaired",64,58,60.9261848469112,14,8,10.9261848469112,6,11,0.0738151530887521,-43.925
"76244",73,78,"paired",61,65,62.9682459657247,17,13,15.0317540342753,4,15,-0.0317540342753446,-15.925
"76244",75,92,"unpaired",97,94,95.4882191686492,5,2,3.48821916864924,3,3.5,0.0117808313507624,-1.925
"76244",76,64,"unpaired",77,88,82.3164625090267,13,24,18.3164625090267,11,18.5,0.183537490973265,-29.925
"76244",77,135,"paired",135,152,143.24803663576,0,17,8.24803663575983,17,8.5,0.251963364240169,41.075
"76244",78,64,"paired",88,100,93.8083151964686,24,36,29.8083151964686,12,30,0.191684803531373,-29.925
"76244",79,50,"unpaired",41,85,59.0338885725818,9,35,9.03388857258175,44,22,12.9661114274182,-43.925
"76244",81,121,"paired",142,159,150.2597750564,21,38,29.2597750564003,17,29.5,0.240224943599685,27.075
"76244",82,64,"paired",95,95,95,31,31,31,0,31,0,-29.925
"76244",83,121,"unpaired",167,166,166.499249247557,46,45,45.4992492475568,1,45.5,0.000750752443195779,27.075
"76244",84,50,"unpaired",38,86,57.1664237118258,12,36,7.16642371182579,48,24,16.8335762881742,-43.925
"76244",85,64,"paired",44,50,46.9041575982343,20,14,17.0958424017657,6,17,-0.095842401765708,-29.925
"76244",87,50,"unpaired",44,104,67.646138101151,6,54,17.6461381011511,60,30,12.3538618988489,-43.925
"76244",88,135,"unpaired",164,175,169.410743460974,29,40,34.4107434609743,11,34.5,0.0892565390257118,41.075
"76244",89,50,"paired",35,47,40.5585995813465,15,3,9.4414004186535,12,9,-0.441400418653501,-43.925
"76244",90,150,"paired",175,174,174.499283666152,25,24,24.4992836661515,1,24.5,0.000716333848487238,56.075
"76244",91,92,"unpaired",76,134,100.915806492343,16,42,8.91580649234285,58,29,20.0841935076571,-1.925
"76244",93,78,"paired",60,72,65.7267069006199,18,6,12.2732930993801,12,12,-0.273293099380069,-15.925
"76244",94,78,"paired",117,106,111.364267159623,39,28,33.3642671596235,11,33.5,0.135732840376534,-15.925
"76244",95,64,"unpaired",78,96,86.5332306111357,14,32,22.5332306111357,18,23,0.466769388864307,-29.925
"76244",96,92,"unpaired",115,107,110.927904514599,23,15,18.927904514599,8,19,0.072095485400979,-1.925
"76341",1,92,"paired",65,71,67.9337912971151,27,21,24.0662087028849,6,24,-0.0662087028848504,-1.925
"76341",3,50,"unpaired",48,87,64.621977685614,2,37,14.621977685614,39,19.5,4.87802231438596,-43.925
"76341",4,107,"unpaired",136,107,120.631670800002,29,0,13.6316708000018,29,14.5,0.868329199998229,13.075
"76341",5,50,"paired",43,57,49.5075751779463,7,7,0.492424822053735,14,7,6.50757517794626,-43.925
"76341",6,78,"paired",114,111,112.489999555516,36,33,34.489999555516,3,34.5,0.0100004444839499,-15.925
"76341",7,50,"unpaired",77,68,72.3602100605022,27,18,22.3602100605022,9,22.5,0.139789939497845,-43.925
"76341",9,135,"paired",143,154,148.398113195552,8,19,13.3981131955525,11,13.5,0.101886804447531,41.075
"76341",10,50,"paired",62,66,63.9687423668779,12,16,13.9687423668779,4,14,0.0312576331221308,-43.925
"76341",11,107,"unpaired",136,127,131.422981247573,29,20,24.4229812475732,9,24.5,0.0770187524267669,13.075
"76341",12,92,"unpaired",133,135,133.996268604764,41,43,41.9962686047637,2,42,0.00373139523628652,-1.925
"76341",13,107,"paired",114,123,118.414526135943,7,16,11.4145261359433,9,11.5,0.0854738640567092,13.075
"76341",15,121,"unpaired",149,160,154.40207252495,28,39,33.4020725249503,11,33.5,0.097927475049687,27.075
"76341",16,64,"unpaired",72,65,68.4105255059483,8,1,4.41052550594827,7,4.5,0.0894744940517285,-29.925
"76341",17,92,"paired",130,131,130.499042142078,38,39,38.4990421420785,1,38.5,0.000957857921520144,-1.925
"76341",18,107,"paired",133,133,133,26,26,26,0,26,0,13.075
"76341",19,135,"unpaired",155,152,153.492670834799,20,17,18.4926708347992,3,18.5,0.00732916520084359,41.075
"76341",21,92,"paired",97,92,94.4669254289564,5,0,2.46692542895636,5,2.5,0.0330745710436418,-1.925
"76341",22,92,"paired",127,130,128.491244837927,35,38,36.4912448379265,3,36.5,0.00875516207347005,-1.925
"76341",23,150,"unpaired",146,150,147.986485869487,4,0,2.01351413051259,4,2,-0.0135141305125899,56.075
"76341",24,107,"unpaired",135,127,130.938917056771,28,20,23.9389170567712,8,24,0.0610829432287687,13.075
"76341",25,107,"paired",140,136,137.985506485283,33,29,30.9855064852827,4,31,0.0144935147173442,13.075
"76341",27,121,"unpaired",144,137,140.456398928636,23,16,19.4563989286355,7,19.5,0.0436010713644919,27.075
"76341",28,150,"unpaired",145,152,148.458748479165,5,2,1.54125152083492,7,3.5,1.95874847916508,56.075
"76341",29,64,"paired",76,67,71.3582510996451,12,3,7.35825109964512,9,7.5,0.141748900354884,-29.925
"76341",30,107,"paired",138,133,135.476935306346,31,26,28.4769353063465,5,28.5,0.0230646936535095,13.075
"76341",31,150,"unpaired",151,156,153.479640343597,1,6,3.47964034359737,5,3.5,0.0203596564026327,56.075
"76341",33,121,"paired",135,144,139.427400463467,14,23,18.427400463467,9,18.5,0.0725995365329766,27.075
"76341",34,50,"paired",77,66,71.2881476824865,27,16,21.2881476824865,11,21.5,0.211852317513546,-43.925
"76341",35,78,"unpaired",91,90,90.4986187739901,13,12,12.4986187739901,1,12.5,0.00138122600988311,-15.925
"76341",36,50,"unpaired",75,50,61.2372435695795,25,0,11.2372435695795,25,12.5,1.26275643042054,-43.925
"76341",37,135,"paired",129,131,129.996153789256,6,4,5.00384621074369,2,5,-0.00384621074368852,41.075
"76341",39,78,"unpaired",115,119,116.982904733982,37,41,38.9829047339824,4,39,0.0170952660175914,-15.925
"76341",40,121,"unpaired",141,125,132.759180473518,20,4,11.7591804735175,16,12,0.240819526482483,27.075
"76341",41,50,"paired",83,71,76.7658778364451,33,21,26.7658778364451,12,27,0.234122163554943,-43.925
"76341",42,78,"paired",121,130,125.419296760905,43,52,47.4192967609052,9,47.5,0.0807032390947597,-15.925
"76341",43,64,"unpaired",114,78,94.2974018730103,50,14,30.2974018730103,36,32,1.70259812698973,-29.925
"76341",45,121,"paired",128,135,131.45341380124,7,14,10.4534138012399,7,10.5,0.0465861987601386,27.075
"76341",46,107,"paired",131,149,139.710414787159,24,42,32.710414787159,18,33,0.289585212841018,13.075
"76341",47,121,"unpaired",131,140,135.425256137842,10,19,14.4252561378415,9,14.5,0.0747438621584706,27.075
"76341",48,135,"unpaired",129,151,139.567188120991,6,16,4.56718812099066,22,11,6.43281187900934,41.075
"76341",49,78,"paired",85,69,76.5832879941832,7,9,1.41671200581685,16,8,6.58328799418315,-15.925
"76341",51,150,"unpaired",158,143,150.313006755903,8,7,0.313006755902592,15,7.5,7.18699324409741,56.075
"76341",52,78,"unpaired",105,116,110.363037290571,27,38,32.3630372905711,11,32.5,0.136962709428872,-15.925
"76341",53,50,"paired",68,56,61.708994482166,18,6,11.708994482166,12,12,0.291005517833959,-43.925
"76341",54,92,"paired",122,133,127.381317311449,30,41,35.3813173114488,11,35.5,0.118682688551161,-1.925
"76341",55,121,"unpaired",123,141,131.692824405888,2,20,10.6928244058878,18,11,0.307175594112152,27.075
"76341",57,64,"paired",55,67,60.7042008431048,9,3,3.29579915689525,12,6,2.70420084310475,-29.925
"76341",58,121,"paired",131,148,139.240798618796,10,27,18.2407986187956,17,18.5,0.259201381204406,27.075
"76341",59,135,"unpaired",122,144,132.544332206247,13,9,2.45566779375287,22,11,8.54433220624713,41.075
"76341",60,150,"unpaired",130,161,144.672042910854,20,11,5.327957089146,31,15.5,10.172042910854,56.075
"76341",61,50,"paired",61,46,52.9716905525961,11,4,2.97169055259612,15,7.5,4.52830944740388,-43.925
"76341",63,64,"unpaired",82,87,84.4630096551147,18,23,20.4630096551147,5,20.5,0.036990344885254,-29.925
"76341",64,135,"unpaired",110,156,130.996183150503,25,21,4.00381684949747,46,23,18.9961831505025,41.075
"76341",65,107,"paired",125,129,126.984250992003,18,22,19.984250992003,4,20,0.0157490079970444,13.075
"76341",66,64,"paired",68,72,69.9714227381436,4,8,5.97142273814362,4,6,0.028577261856384,-29.925
"76341",67,107,"unpaired",129,140,134.387499418659,22,33,27.3874994186586,11,27.5,0.112500581341379,13.075
"76341",69,121,"paired",131,120,125.37942414926,10,1,4.37942414925986,11,5.5,1.12057585074014,27.075
"76341",70,92,"paired",120,86,101.587400793602,28,6,9.58740079360237,34,17,7.41259920639763,-1.925
"76341",71,107,"unpaired",129,128,128.499027233672,22,21,21.4990272336721,1,21.5,0.000972766327947738,13.075
"76341",72,50,"unpaired",50,53,51.478150704935,0,3,1.478150704935,3,1.5,0.021849295064996,-43.925
"76341",73,78,"paired",51,78,63.0713881248859,27,0,14.9286118751141,27,13.5,-1.4286118751141,-15.925
"76341",75,92,"unpaired",91,116,102.742396312331,1,24,10.7423963123305,25,12.5,1.75760368766949,-1.925
"76341",76,64,"unpaired",78,86,81.9023809177731,14,22,17.9023809177731,8,18,0.097619082226899,-29.925
"76341",77,135,"paired",123,134,128.382241762636,12,1,6.61775823736372,11,6.5,-0.117758237363716,41.075
"76341",78,64,"paired",88,80,83.9047078536121,24,16,19.9047078536121,8,20,0.0952921463878766,-29.925
"76341",79,50,"unpaired",57,93,72.8079665970696,7,43,22.8079665970696,36,25,2.19203340293043,-43.925
"76341",81,121,"paired",135,118,126.214103807776,14,3,5.21410380777581,17,8.5,3.28589619222419,27.075
"76341",82,64,"paired",122,119,120.490663538716,58,55,56.4906635387158,3,56.5,0.00933646128424925,-29.925
"76341",83,121,"unpaired",133,142,137.426343908292,12,21,16.4263439082915,9,16.5,0.0736560917084716,27.075
"76341",84,50,"unpaired",65,85,74.3303437365926,15,35,24.3303437365926,20,25,0.669656263407447,-43.925
"76341",85,64,"paired",76,76,76,12,12,12,0,12,0,-29.925
"76341",87,50,"unpaired",64,84,73.3212111192935,14,34,23.3212111192935,20,24,0.678788880706549,-43.925
"76341",88,135,"unpaired",123,141,131.692824405888,12,6,3.30717559411215,18,9,5.69282440588785,41.075
"76341",89,50,"paired",91,68,78.6638417571886,41,18,28.6638417571886,23,29.5,0.836158242811422,-43.925
"76341",90,150,"paired",165,153,158.886752122384,15,3,8.88675212238437,12,9,0.113247877615635,56.075
"76341",91,92,"unpaired",112,114,112.995575134604,20,22,20.9955751346043,2,21,0.00442486539573395,-1.925
"76341",93,78,"paired",115,124,119.415241908225,37,46,41.4152419082255,9,41.5,0.0847580917745461,-15.925
"76341",94,78,"paired",112,114,112.995575134604,34,36,34.9955751346043,2,35,0.00442486539573395,-15.925
"76341",95,64,"unpaired",117,89,102.04410811017,53,25,38.0441081101697,28,39,0.955891889830312,-29.925
"76341",96,92,"unpaired",127,111,118.730787919562,35,19,26.730787919562,16,27,0.26921208043801,-1.925
"76387",1,92,"paired",84,103,93.0161276338679,8,11,1.01612763386787,19,9.5,8.48387236613213,-1.925
"76387",3,50,"unpaired",81,83,81.9939022122987,31,33,31.9939022122987,2,32,0.00609778770132152,-43.925
"76387",4,107,"unpaired",132,116,123.741666386064,25,9,16.7416663860642,16,17,0.258333613935818,13.075
"76387",5,50,"paired",70,47,57.3585215988,20,3,7.35852159879995,23,11.5,4.14147840120005,-43.925
"76387",6,78,"paired",93,86,89.4315380612455,15,8,11.4315380612455,7,11.5,0.0684619387545098,-15.925
"76387",7,50,"unpaired",51,46,48.4355241532493,1,4,1.56447584675065,5,2.5,0.935524153249347,-43.925
"76387",9,135,"paired",150,157,153.460092532228,15,22,18.460092532228,7,18.5,0.0399074677719682,41.075
"76387",10,50,"paired",86,74,79.7746827007166,36,24,29.7746827007166,12,30,0.225317299283446,-43.925
"76387",11,107,"unpaired",130,135,132.476412994918,23,28,25.4764129949177,5,25.5,0.0235870050823053,13.075
"76387",12,92,"unpaired",113,102,107.359210131222,21,10,15.3592101312225,11,15.5,0.140789868777503,-1.925
"76387",13,107,"paired",96,115,105.07140429251,11,8,1.92859570749047,19,9.5,7.57140429250953,13.075
"76387",15,121,"unpaired",155,124,138.636214604987,34,3,17.6362146049871,31,18.5,0.86378539501294,27.075
"76387",16,64,"unpaired",98,90,93.9148550549912,34,26,29.9148550549912,8,30,0.0851449450088211,-29.925
"76387",17,92,"paired",113,95,103.609845092057,21,3,11.6098450920568,18,12,0.39015490794317,-1.925
"76387",18,107,"paired",92,102,96.8710483064986,15,5,10.1289516935014,10,10,-0.128951693501378,13.075
"76387",19,135,"unpaired",113,111,111.99553562531,22,24,23.0044643746904,2,23,-0.00446437469041427,41.075
"76387",21,92,"paired",105,96,100.399203184089,13,4,8.399203184089,9,8.5,0.100796815910996,-1.925
"76387",22,92,"paired",133,116,124.209500441794,41,24,32.209500441794,17,32.5,0.290499558206051,-1.925
"76387",23,150,"unpaired",155,158,156.492811336496,5,8,6.49281133649566,3,6.5,0.007188663504337,56.075
"76387",24,107,"unpaired",120,115,117.473401244707,13,8,10.4734012447073,5,10.5,0.0265987552926958,13.075
"76387",25,107,"paired",89,99,93.866927082972,18,8,13.133072917028,10,13,-0.13307291702796,13.075
"76387",27,121,"unpaired",115,113,113.995613950713,6,8,7.00438604928699,2,7,-0.00438604928699249,27.075
"76387",28,150,"unpaired",148,127,137.098504732911,2,23,12.9014952670891,21,12.5,-0.401495267089103,56.075
"76387",29,64,"paired",127,119,122.934942144209,63,55,58.9349421442089,8,59,0.0650578557910961,-29.925
"76387",30,107,"paired",104,94,98.8736567544662,3,13,8.12634324553376,10,8,-0.126343245533761,13.075
"76387",31,150,"unpaired",129,122,125.451185725763,21,28,24.5488142742365,7,24.5,-0.0488142742365341,56.075
"76387",33,121,"paired",122,122,122,1,1,1.00000000000003,0,1,-2.8421709430404e-14,27.075
"76387",34,50,"paired",88,93,90.4654630231892,38,43,40.4654630231892,5,40.5,0.0345369768108412,-43.925
"76387",35,78,"unpaired",128,110,118.659175793531,50,32,40.6591757935306,18,41,0.340824206469392,-15.925
"76387",36,50,"unpaired",75,87,80.7774721070175,25,37,30.7774721070175,12,31,0.222527892982455,-43.925
"76387",37,135,"paired",90,89,89.4986033410578,45,46,45.5013966589422,1,45.5,-0.00139665894222674,41.075
"76387",39,78,"unpaired",98,103,100.468900660851,20,25,22.4689006608513,5,22.5,0.0310993391487102,-15.925
"76387",40,121,"unpaired",104,131,116.721891691319,17,10,4.27810830868104,27,13.5,9.22189169131896,27.075
"76387",41,50,"paired",58,39,47.5604878023764,8,11,2.43951219762355,19,9.5,7.06048780237645,-43.925
"76387",42,78,"paired",94,79,86.1742420912421,16,1,8.17424209124209,15,8.5,0.325757908757907,-15.925
"76387",43,64,"unpaired",81,86,83.4625664594613,17,22,19.4625664594613,5,19.5,0.0374335405387001,-29.925
"76387",45,121,"paired",152,145,148.458748479165,31,24,27.4587484791651,7,27.5,0.0412515208349191,27.075
"76387",46,107,"paired",138,115,125.976188226188,31,8,18.9761882261882,23,19.5,0.523811773811758,13.075
"76387",47,121,"unpaired",139,131,134.940727728881,18,10,13.940727728881,8,14,0.0592722711190277,27.075
"76387",48,135,"unpaired",122,112,116.89311356962,13,23,18.1068864303804,10,18,-0.106886430380357,41.075
"76387",49,78,"paired",87,91,88.9775252521669,9,13,10.9775252521669,4,11,0.0224747478331011,-15.925
"76387",51,150,"unpaired",147,139,142.944044996635,3,11,7.05595500336509,8,7,-0.0559550033650851,56.075
"76387",52,78,"unpaired",101,94,97.4371592360943,23,16,19.4371592360943,7,19.5,0.062840763905669,-15.925
"76387",53,50,"paired",65,67,65.9924238075857,15,17,15.9924238075857,2,16,0.00757619241434782,-43.925
"76387",54,92,"paired",92,107,99.2169340384997,0,15,7.21693403849973,15,7.5,0.28306596150027,-1.925
"76387",55,121,"unpaired",106,105,105.498815159223,15,16,15.5011848407766,1,15.5,-0.00118484077655978,27.075
"76387",57,64,"paired",90,95,92.4662100445347,26,31,28.4662100445347,5,28.5,0.0337899554653234,-29.925
"76387",58,121,"paired",126,131,128.475678632183,5,10,7.47567863218316,5,7.5,0.0243213678168388,27.075
"76387",59,135,"unpaired",132,149,140.242646866066,3,14,5.2426468660656,17,8.5,3.2573531339344,41.075
"76387",60,150,"unpaired",139,115,126.431799797361,11,35,23.5682002026388,24,23,-0.568200202638849,56.075
"76387",61,50,"paired",52,48,49.9599839871872,2,2,0.0400160128128064,4,2,1.95998398718719,-43.925
"76387",63,64,"unpaired",68,79,73.2939288072348,4,15,9.29392880723479,11,9.5,0.206071192765208,-29.925
"76387",64,135,"unpaired",143,132,137.389955964765,8,3,2.38995596476471,11,5.5,3.11004403523529,41.075
"76387",65,107,"paired",133,114,123.134073269749,26,7,16.1340732697494,19,16.5,0.365926730250592,13.075
"76387",66,64,"paired",89,95,91.9510739469637,25,31,27.9510739469637,6,28,0.0489260530362827,-29.925
"76387",67,107,"unpaired",111,86,97.7036335045939,4,21,9.2963664954061,25,12.5,3.2036335045939,13.075
"76387",69,121,"paired",138,152,144.830935921853,17,31,23.8309359218534,14,24,0.169064078146647,27.075
"76387",70,92,"paired",119,110,114.411537879709,27,18,22.4115378797086,9,22.5,0.0884621202913536,-1.925
"76387",71,107,"unpaired",106,134,119.180535323517,1,27,12.1805353235166,28,14,1.81946467648338,13.075
"76387",72,50,"unpaired",66,64,64.9923072370876,16,14,14.9923072370876,2,15,0.0076927629123702,-43.925
"76387",73,78,"paired",88,76,81.7801932010435,10,2,3.7801932010435,12,6,2.2198067989565,-15.925
"76387",75,92,"unpaired",109,117,112.929181348312,17,25,20.9291813483123,8,21,0.0708186516877305,-1.925
"76387",76,64,"unpaired",88,88,88,24,24,24,0,24,-2.8421709430404e-14,-29.925
"76387",77,135,"paired",108,102,104.957134107215,27,33,30.0428658927846,6,30,-0.042865892784647,41.075
"76387",78,64,"paired",82,81,81.4984662432368,18,17,17.4984662432368,1,17.5,0.00153375676322298,-29.925
"76387",79,50,"unpaired",66,90,77.0713954719908,16,40,27.0713954719908,24,28,0.928604528009245,-43.925
"76387",81,121,"paired",124,136,129.861464645983,3,15,8.86146464598346,12,9,0.13853535401654,27.075
"76387",82,64,"paired",119,79,96.9587541174081,55,15,32.9587541174081,40,35,2.04124588259189,-29.925
"76387",83,121,"unpaired",137,130,133.454111963626,16,9,12.4541119636259,7,12.5,0.0458880363740946,27.075
"76387",84,50,"unpaired",91,49,66.7757440991862,41,1,16.7757440991862,42,21,4.2242559008138,-43.925
"76387",85,64,"paired",53,65,58.6941223633167,11,1,5.30587763668326,12,6,0.694122363316737,-29.925
"76387",87,50,"unpaired",70,70,70,20,20,20,0,20,-2.8421709430404e-14,-43.925
"76387",88,135,"unpaired",137,143,139.967853452141,2,8,4.96785345214099,6,5,0.0321465478590142,41.075
"76387",89,50,"paired",98,89,93.3916484488843,48,39,43.3916484488843,9,43.5,0.108351551115661,-43.925
"76387",90,150,"paired",141,114,126.783279654693,9,36,23.2167203453074,27,22.5,-0.716720345307394,56.075
"76387",91,92,"unpaired",90,92,90.9945053286186,2,0,1.00549467138138,2,1,-0.00549467138138482,-1.925
"76387",93,78,"paired",111,118,114.446494048529,33,40,36.4464940485291,7,36.5,0.0535059514709246,-15.925
"76387",94,78,"paired",86,91,88.4646822183859,8,13,10.4646822183859,5,10.5,0.0353177816141397,-15.925
"76387",95,64,"unpaired",99,88,93.3380951166243,35,24,29.3380951166243,11,29.5,0.161904883375669,-29.925
"76387",96,92,"unpaired",94,95,94.4986772394196,2,3,2.49867723941959,1,2.5,0.00132276058040759,-1.925
"76388",1,92,"paired",91,83,86.9079973305104,1,9,5.09200266948962,8,5,-0.0920026694896166,-1.925
"76388",3,50,"unpaired",77,54,64.482555780614,27,4,14.482555780614,23,15.5,1.01744421938595,-43.925
"76388",4,107,"unpaired",117,109,112.929181348312,10,2,5.92918134831227,8,6,0.0708186516877305,13.075
"76388",5,50,"paired",60,64,61.9677335393187,10,14,11.9677335393187,4,12,0.032266460681349,-43.925
"76388",6,78,"paired",87,76,81.3142054010245,9,2,3.31420540102448,11,5.5,2.18579459897552,-15.925
"76388",7,50,"unpaired",63,70,66.407830863536,13,20,16.407830863536,7,16.5,0.0921691364640225,-43.925
"76388",9,135,"paired",136,139,137.491817938378,1,4,2.49181793837764,3,2.5,0.00818206162236379,41.075
"76388",10,50,"paired",65,54,59.2452529743945,15,4,9.24525297439452,11,9.5,0.254747025605482,-43.925
"76388",11,107,"unpaired",123,106,114.184061935105,16,1,7.18406193510542,17,8.5,1.31593806489458,13.075
"76388",12,92,"unpaired",90,81,85.3814968245463,2,11,6.61850317545371,9,6.5,-0.118503175453711,-1.925
"76388",13,107,"paired",106,94,99.8198377077422,1,13,7.18016229225778,12,7,-0.180162292257776,13.075
"76388",15,121,"unpaired",128,112,119.733036376766,7,9,1.26696362323392,16,8,6.73303637676608,27.075
"76388",16,64,"unpaired",93,97,94.9789450352024,29,33,30.9789450352024,4,31,0.0210549647975711,-29.925
"76388",17,92,"paired",92,90,90.9945053286186,0,2,1.00549467138138,2,1,-0.00549467138138482,-1.925
"76388",18,107,"paired",93,101,96.917490681507,14,6,10.082509318493,8,10,-0.0825093184929955,13.075
"76388",19,135,"unpaired",110,118,113.929802949009,25,17,21.070197050991,8,21,-0.070197050991041,41.075
"76388",21,92,"paired",126,103,113.921025276285,34,11,21.9210252762851,23,22.5,0.578974723714893,-1.925
"76388",22,92,"paired",116,116,116,24,24,24,0,24,1.4210854715202e-14,-1.925
"76388",23,150,"unpaired",124,140,131.757352736005,26,10,18.2426472639951,16,18,-0.242647263995138,56.075
"76388",24,107,"unpaired",108,125,116.189500386223,1,18,9.18950038622259,17,9.5,0.310499613777409,13.075
"76388",25,107,"paired",93,96,94.4880944881417,14,11,12.5119055118583,3,12.5,-0.0119055118582594,13.075
"76388",27,121,"unpaired",121,113,116.931603940081,0,8,4.06839605991883,8,4,-0.0683960599188254,27.075
"76388",28,150,"unpaired",130,122,125.936491931449,20,28,24.0635080685507,8,24,-0.063508068550675,56.075
"76388",29,64,"paired",85,79,81.9451035755035,21,15,17.9451035755035,6,18,0.0548964244965049,-29.925
"76388",30,107,"paired",96,81,88.1816307401945,11,26,18.8183692598055,15,18.5,-0.318369259805536,13.075
"76388",31,150,"unpaired",106,115,110.408333018844,44,35,39.5916669811558,9,39.5,-0.0916669811558108,56.075
"76388",33,121,"paired",120,116,117.983049630021,1,5,3.01695036997901,4,3,-0.0169503699790141,27.075
"76388",34,50,"paired",69,61,64.8768063332344,19,11,14.8768063332344,8,15,0.123193666765616,-43.925
"76388",35,78,"unpaired",90,84,86.9482604771366,12,6,8.94826047713661,6,9,0.0517395228633859,-15.925
"76388",36,50,"unpaired",64,61,62.4819974072532,14,11,12.4819974072532,3,12.5,0.0180025927467753,-43.925
"76388",37,135,"paired",94,104,98.8736567544662,41,31,36.1263432455338,10,36,-0.126343245533761,41.075
"76388",39,78,"unpaired",83,63,72.3118247591637,5,15,5.68817524083633,20,10,4.31182475916367,-15.925
"76388",40,121,"unpaired",122,103,112.09817126073,1,18,8.90182873926973,19,9.5,0.598171260730268,27.075
"76388",41,50,"paired",64,49,56,14,1,5.99999999999997,15,7.5,1.50000000000003,-43.925
"76388",42,78,"paired",82,77,79.4606821012757,4,1,1.46068210127571,5,2.5,1.03931789872429,-15.925
"76388",43,64,"unpaired",81,72,76.3675323681472,17,8,12.3675323681472,9,12.5,0.132467631852847,-29.925
"76388",45,121,"paired",116,118,116.995726417677,5,3,4.00427358232267,2,4,-0.00427358232266783,27.075
"76388",46,107,"paired",113,108,110.471715837132,6,1,3.47171583713184,5,3.5,0.0282841628681609,13.075
"76388",47,121,"unpaired",123,96,108.664621657649,2,25,12.3353783423511,27,13.5,1.16462165764892,27.075
"76388",48,135,"unpaired",90,108,98.5900603509299,45,27,36.4099396490701,18,36,-0.409939649070097,41.075
"76388",49,78,"paired",77,68,72.3602100605022,1,10,5.63978993949785,9,5.5,-0.139789939497845,-15.925
"76388",51,150,"unpaired",114,118,115.982757339184,36,32,34.0172426608161,4,34,-0.0172426608161373,56.075
"76388",52,78,"unpaired",87,78,82.3771813064759,9,0,4.37718130647592,9,4.5,0.122818693524081,-15.925
"76388",53,50,"paired",57,79,67.1043962792305,7,29,17.1043962792305,22,18,0.895603720769529,-43.925
"76388",54,92,"paired",74,73,73.4982993000519,18,19,18.5017006999481,1,18.5,-0.00170069994811684,-1.925
"76388",55,121,"unpaired",112,96,103.691851174526,9,25,17.3081488254743,16,17,-0.308148825474305,27.075
"76388",57,64,"paired",66,88,76.2102355330306,2,24,12.2102355330306,22,13,0.789764466969402,-29.925
"76388",58,121,"paired",109,103,105.95753866526,12,18,15.0424613347403,6,15,-0.0424613347403238,27.075
"76388",59,135,"unpaired",120,113,116.447413024077,15,22,18.552586975923,7,18.5,-0.0525869759229494,41.075
"76388",60,150,"unpaired",133,119,125.80540528928,17,31,24.1945947107199,14,24,-0.19459471071994,56.075
"76388",61,50,"paired",56,51,53.4415568635496,6,1,3.44155686354957,5,3.5,0.0584431364504283,-43.925
"76388",63,64,"unpaired",68,68,68,4,4,4.00000000000001,0,4,-1.4210854715202e-14,-29.925
"76388",64,135,"unpaired",128,112,119.733036376766,7,23,15.2669636232339,16,15,-0.26696362323392,41.075
"76388",65,107,"paired",110,94,101.685790551089,3,13,5.3142094489107,16,8,2.6857905510893,13.075
"76388",66,64,"paired",57,67,61.7980582219215,7,3,2.20194177807851,10,5,2.79805822192149,-29.925
"76388",67,107,"unpaired",91,93,91.9945650568554,16,14,15.0054349431446,2,15,-0.00543494314460702,13.075
"76388",69,121,"paired",116,118,116.995726417677,5,3,4.00427358232267,2,4,-0.00427358232266783,27.075
"76388",70,92,"paired",91,90,90.4986187739901,1,2,1.50138122600988,1,1.5,-0.00138122600988311,-1.925
"76388",71,107,"unpaired",112,93,102.058806577385,5,14,4.94119342261546,19,9.5,4.55880657738454,13.075
"76388",72,50,"unpaired",64,87,74.6190324247105,14,37,24.6190324247105,23,25.5,0.880967575289532,-43.925
"76388",73,78,"paired",79,75,76.9740215917033,1,3,1.02597840829671,4,2,0.974021591703291,-15.925
"76388",75,92,"unpaired",82,92,86.8562030024338,10,0,5.14379699756617,10,5,-0.14379699756617,-1.925
"76388",76,64,"unpaired",78,78,78,14,14,14,0,14,0,-29.925
"76388",77,135,"paired",113,110,111.48990985735,22,25,23.5100901426501,3,23.5,-0.0100901426501423,41.075
"76388",78,64,"paired",82,78,79.9749960925288,18,14,15.9749960925288,4,16,0.0250039074711736,-29.925
"76388",79,50,"unpaired",59,60,59.4978991225741,9,10,9.49789912257407,1,9.5,0.00210087742593146,-43.925
"76388",81,121,"paired",127,119,122.934942144209,6,2,1.9349421442089,8,4,2.0650578557911,27.075
"76388",82,64,"paired",79,78,78.4984076271615,15,14,14.4984076271615,1,14.5,0.00159237283854452,-29.925
"76388",83,121,"unpaired",131,120,125.37942414926,10,1,4.37942414925986,11,5.5,1.12057585074014,27.075
"76388",84,50,"unpaired",44,57,50.0799361021956,6,7,0.0799361021956457,13,6.5,6.42006389780435,-43.925
"76388",85,64,"paired",63,66,64.482555780614,1,2,0.482555780613993,3,1.5,1.01744421938601,-29.925
"76388",87,50,"unpaired",67,63,64.9692234831231,17,13,14.9692234831231,4,15,0.0307765168768697,-43.925
"76388",88,135,"unpaired",121,129,124.935983607606,14,6,10.0640163923939,8,10,-0.0640163923939241,41.075
"76388",89,50,"paired",86,68,76.4722171772207,36,18,26.4722171772207,18,27,0.527782822779329,-43.925
"76388",90,150,"paired",120,135,127.279220613579,30,15,22.7207793864214,15,22.5,-0.220779386421441,56.075
"76388",91,92,"unpaired",82,91,86.3828686719769,10,1,5.61713132802311,9,5.5,-0.117131328023106,-1.925
"76388",93,78,"paired",88,96,91.9130023446085,10,18,13.9130023446085,8,14,0.0869976553915279,-15.925
"76388",94,78,"paired",110,85,96.6953980290687,32,7,18.6953980290687,25,19.5,0.804601970931344,-15.925
"76388",95,64,"unpaired",70,89,78.9303490426845,6,25,14.9303490426845,19,15.5,0.569650957315503,-29.925
"76388",96,92,"unpaired",91,86,88.4646822183859,1,6,3.53531778161414,5,3.5,-0.0353177816141397,-1.925
"76419",1,92,"paired",86,73,79.2338311581612,6,19,12.7661688418388,13,12.5,-0.266168841838805,-1.925
"76419",3,50,"unpaired",66,60,62.928530890209,16,10,12.928530890209,6,13,0.0714691097909537,-43.925
"76419",4,107,"unpaired",97,94,95.4882191686492,10,13,11.5117808313508,3,11.5,-0.0117808313507624,13.075
"76419",5,50,"paired",70,64,66.932802122726,20,14,16.932802122726,6,17,0.067197877273955,-43.925
"76419",6,78,"paired",76,80,77.9743547584717,2,2,0.0256452415283093,4,2,1.97435475847169,-15.925
"76419",7,50,"unpaired",76,58,66.3927706907914,26,8,16.3927706907914,18,17,0.607229309208648,-43.925
"76419",9,135,"paired",104,119,111.247471881387,31,16,23.752528118613,15,23.5,-0.252528118613,41.075
"76419",10,50,"paired",49,52,50.4777178564959,1,2,0.47771785649585,3,1.5,1.02228214350415,-43.925
"76419",11,107,"unpaired",96,91,93.4665715643834,11,16,13.5334284356166,5,13.5,-0.0334284356166421,13.075
"76419",12,92,"unpaired",95,87,90.9120454065356,3,5,1.08795459346439,8,4,2.91204540653561,-1.925
"76419",13,107,"paired",80,86,82.9457654133109,27,21,24.0542345866891,6,24,-0.054234586689148,13.075
"76419",15,121,"unpaired",86,103,94.1169485268195,35,18,26.8830514731805,17,26.5,-0.383051473180473,27.075
"76419",16,64,"unpaired",67,54,60.1498129672903,3,10,3.85018703270971,13,6.5,2.64981296729029,-29.925
"76419",17,92,"paired",86,90,87.9772697916911,6,2,4.02273020830894,4,4,-0.0227302083089427,-1.925
"76419",18,107,"paired",80,93,86.2554346113913,27,14,20.7445653886087,13,20.5,-0.244565388608706,13.075
"76419",19,135,"unpaired",92,108,99.6794863550169,43,27,35.3205136449831,16,35,-0.32051364498308,41.075
"76419",21,92,"paired",87,105,95.577193932444,5,13,3.57719393244398,18,9,5.42280606755602,-1.925
"76419",22,92,"paired",64,63,63.4980314655502,28,29,28.5019685344498,1,28.5,-0.00196853444984413,-1.925
"76419",23,150,"unpaired",119,114,116.473172876848,31,36,33.5268271231525,5,33.5,-0.0268271231524864,56.075
"76419",24,107,"unpaired",95,73,83.2766473868875,12,34,23.7233526131125,22,23,-0.723352613112525,13.075
"76419",25,107,"paired",92,102,96.8710483064986,15,5,10.1289516935014,10,10,-0.128951693501378,13.075
"76419",27,121,"unpaired",106,72,87.3613186713662,15,49,33.6386813286338,34,32,-1.63868132863379,27.075
"76419",28,150,"unpaired",103,123,112.556652402246,47,27,37.4433475977542,20,37,-0.443347597754197,56.075
"76419",29,64,"paired",75,87,80.7774721070175,11,23,16.7774721070175,12,17,0.222527892982455,-29.925
"76419",30,107,"paired",103,89,95.7444515363684,4,18,11.2555484636316,14,11,-0.255548463631584,13.075
"76419",31,150,"unpaired",113,95,103.609845092057,37,55,46.3901549079432,18,46,-0.39015490794317,56.075
"76419",33,121,"paired",104,98,100.955435712992,17,23,20.0445642870083,6,20,-0.044564287008285,27.075
"76419",34,50,"paired",58,65,61.400325732035,8,15,11.400325732035,7,11.5,0.099674267965014,-43.925
"76419",35,78,"unpaired",94,67,79.359939516106,16,11,1.35993951610597,27,13.5,12.140060483894,-15.925
"76419",36,50,"unpaired",77,54,64.482555780614,27,4,14.482555780614,23,15.5,1.01744421938595,-43.925
"76419",37,135,"paired",85,95,89.8610037780571,50,40,45.1389962219429,10,45,-0.13899622194289,41.075
"76419",39,78,"unpaired",85,70,77.1362431027076,7,8,0.863756897292376,15,7.5,6.63624310270762,-15.925
"76419",40,121,"unpaired",88,106,96.5815717411971,33,15,24.4184282588029,18,24,-0.418428258802862,27.075
"76419",41,50,"paired",66,71,68.4543643604993,16,21,18.4543643604993,5,18.5,0.0456356395006594,-43.925
"76419",42,78,"paired",80,74,76.9415362466853,2,4,1.05846375331465,6,3,1.94153624668535,-15.925
"76419",43,64,"unpaired",76,60,67.5277720645365,12,4,3.52777206453649,16,8,4.47222793546351,-29.925
"76419",45,121,"paired",108,116,111.928548637066,13,5,9.07145136293417,8,9,-0.0714513629341695,27.075
"76419",46,107,"paired",105,71,86.3423418723398,2,36,20.6576581276602,34,19,-1.65765812766023,13.075
"76419",47,121,"unpaired",105,96,100.399203184089,16,25,20.600796815911,9,20.5,-0.100796815910996,27.075
"76419",48,135,"unpaired",102,109,105.441927144756,33,26,29.5580728552441,7,29.5,-0.0580728552441343,41.075
"76419",49,78,"paired",63,67,64.9692234831231,15,11,13.0307765168769,4,13,-0.0307765168768697,-15.925
"76419",51,150,"unpaired",95,117,105.427700344833,55,33,44.5722996551666,22,44,-0.572299655166574,56.075
"76419",52,78,"unpaired",69,85,76.5832879941832,9,7,1.41671200581685,16,8,6.58328799418315,-15.925
"76419",53,50,"paired",60,54,56.9209978830308,10,4,6.9209978830308,6,7,0.0790021169691997,-43.925
"76419",54,92,"paired",79,85,81.9451035755035,13,7,10.0548964244965,6,10,-0.0548964244965049,-1.925
"76419",55,121,"unpaired",93,83,87.8578397184907,28,38,33.1421602815093,10,33,-0.142160281509277,27.075
"76419",57,64,"paired",68,70,68.9927532426414,4,6,4.99275324264138,2,5,0.00724675735861524,-29.925
"76419",58,121,"paired",106,116,110.887330205033,15,5,10.1126697949671,10,10,-0.112669794967132,27.075
"76419",59,135,"unpaired",111,114,112.489999555516,24,21,22.510000444484,3,22.5,-0.0100004444839499,41.075
"76419",60,150,"unpaired",117,111,113.960519479336,33,39,36.0394805206645,6,36,-0.0394805206644833,56.075
"76419",61,50,"paired",48,55,51.3809303146605,2,5,1.38093031466054,7,3.5,2.11906968533946,-43.925
"76419",63,64,"unpaired",70,78,73.8918128076447,6,14,9.89181280764467,8,10,0.108187192355331,-29.925
"76419",64,135,"unpaired",69,111,87.5157128748889,66,24,47.4842871251111,42,45,-2.48428712511107,41.075
"76419",65,107,"paired",70,69,69.4982014155762,37,38,37.5017985844238,1,37.5,-0.00179858442376712,13.075
"76419",66,64,"paired",71,77,73.9391641824547,7,13,9.93916418245473,6,10,0.0608358175452679,-29.925
"76419",67,107,"unpaired",79,83,80.9753048774748,28,24,26.0246951225252,4,26,-0.0246951225251877,13.075
"76419",69,121,"paired",93,107,99.7546991374342,28,14,21.2453008625658,14,21,-0.245300862565841,27.075
"76419",70,92,"paired",94,86,89.9110671719561,2,6,2.08893282804389,8,4,1.91106717195611,-1.925
"76419",71,107,"unpaired",116,103,109.306907375518,9,4,2.30690737551772,13,6.5,4.19309262448228,13.075
"76419",72,50,"unpaired",57,58,57.4978260458602,7,8,7.4978260458602,1,7.5,0.00217395413979915,-43.925
"76419",73,78,"paired",66,74,69.8856208386246,12,4,8.11437916137537,8,8,-0.114379161375368,-15.925
"76419",75,92,"unpaired",77,66,71.2881476824865,15,26,20.7118523175135,11,20.5,-0.211852317513546,-1.925
"76419",76,64,"unpaired",82,71,76.3020314277412,18,7,12.3020314277412,11,12.5,0.19796857225883,-29.925
"76419",77,135,"paired",107,103,104.980950652964,28,32,30.0190493470363,4,30,-0.0190493470362725,41.075
"76419",78,64,"paired",66,75,70.3562363973514,2,11,6.35623639735142,9,6.5,0.143763602648576,-29.925
"76419",79,50,"unpaired",75,49,60.6217782649107,25,1,10.6217782649107,26,13,2.3782217350893,-43.925
"76419",81,121,"paired",109,117,112.929181348312,12,4,8.07081865168773,8,8,-0.0708186516877305,27.075
"76419",82,64,"paired",59,58,58.4978632088387,5,6,5.50213679116133,1,5.5,-0.00213679116133392,-29.925
"76419",83,121,"unpaired",107,112,109.471457467232,14,9,11.528542532768,5,11.5,-0.0285425327679718,27.075
"76419",84,50,"unpaired",76,93,84.0713982279348,26,43,34.0713982279348,17,34.5,0.428601772065178,-43.925
"76419",85,64,"paired",78,75,76.4852927038917,14,11,12.4852927038917,3,12.5,0.0147072961082699,-29.925
"76419",87,50,"unpaired",83,59,69.9785681476837,33,9,19.9785681476837,24,21,1.02143185231633,-43.925
"76419",88,135,"unpaired",85,75,79.8435971133566,50,60,55.1564028866434,10,55,-0.156402886643448,41.075
"76419",89,50,"paired",60,61,60.4979338490167,10,11,10.4979338490167,1,10.5,0.00206615098331042,-43.925
"76419",90,150,"paired",116,111,113.472463620034,34,39,36.5275363799658,5,36.5,-0.0275363799657526,56.075
"76419",91,92,"unpaired",85,85,85,7,7,6.99999999999999,0,7,1.4210854715202e-14,-1.925
"76419",93,78,"paired",92,94,92.9946235005013,14,16,14.9946235005013,2,15,0.00537649949868069,-15.925
"76419",94,78,"paired",76,61,68.0881781221968,2,17,9.91182187780316,15,9.5,-0.411821877803163,-15.925
"76419",95,64,"unpaired",82,72,76.8374908491942,18,8,12.8374908491942,10,13,0.162509150805803,-29.925
"76419",96,92,"unpaired",103,83,92.4608025057105,11,9,0.460802505710518,20,10,9.53919749428948,-1.925
"76432",1,92,"paired",107,125,115.650335062204,15,33,23.6503350622038,18,24,0.34966493779622,-1.925
"76432",3,50,"unpaired",75,67,70.8872343937891,25,17,20.8872343937891,8,21,0.112765606210928,-43.925
"76432",4,107,"unpaired",139,138,138.499097469984,32,31,31.4990974699836,1,31.5,0.000902530016389846,13.075
"76432",5,50,"paired",67,72,69.4550214167413,17,22,19.4550214167413,5,19.5,0.0449785832586542,-43.925
"76432",6,78,"paired",88,100,93.8083151964686,10,22,15.8083151964686,12,16,0.191684803531373,-15.925
"76432",7,50,"unpaired",80,81,80.4984471899925,30,31,30.4984471899925,1,30.5,0.0015528100075386,-43.925
"76432",9,135,"paired",150,175,162.018517460197,15,40,27.0185174601965,25,27.5,0.481482539803466,41.075
"76432",10,50,"paired",55,67,60.7042008431048,5,17,10.7042008431048,12,11,0.295799156895249,-43.925
"76432",11,107,"unpaired",111,123,116.846052564903,4,16,9.84605256490264,12,10,0.153947435097365,13.075
"76432",12,92,"unpaired",83,129,103.474634572923,9,37,11.4746345729232,46,23,11.5253654270768,-1.925
"76432",13,107,"paired",127,140,133.341666406266,20,33,26.3416664062662,13,26.5,0.158333593733772,13.075
"76432",15,121,"unpaired",139,156,147.2548810736,18,35,26.2548810735996,17,26.5,0.245118926400352,27.075
"76432",16,64,"unpaired",77,76,76.4983659956211,13,12,12.4983659956211,1,12.5,0.00163400437888583,-29.925
"76432",17,92,"paired",89,95,91.9510739469637,3,3,0.0489260530362827,6,3,2.95107394696372,-1.925
"76432",18,107,"paired",127,125,125.996031683541,20,18,18.9960316835415,2,19,0.00396831645851137,13.075
"76432",19,135,"unpaired",145,142,143.492160064583,10,7,8.49216006458337,3,8.5,0.00783993541662653,41.075
"76432",21,92,"paired",104,95,99.3981891183134,12,3,7.39818911831337,9,7.5,0.101810881686632,-1.925
"76432",22,92,"paired",110,90,99.498743710662,18,2,7.49874371066197,20,10,2.50125628933803,-1.925
"76432",23,150,"unpaired",148,154,150.970195734125,2,4,0.970195734124957,6,3,2.02980426587504,56.075
"76432",24,107,"unpaired",130,143,136.34515026212,23,36,29.3451502621196,13,29.5,0.154849737880397,13.075
"76432",25,107,"paired",129,146,137.237021244269,22,39,30.2370212442693,17,30.5,0.262978755730728,13.075
"76432",27,121,"unpaired",154,133,143.115338101826,33,12,22.1153381018261,21,22.5,0.384661898173874,27.075
"76432",28,150,"unpaired",164,150,156.843871413581,14,0,6.84387141358116,14,7,0.156128586418845,56.075
"76432",29,64,"paired",84,78,80.9444253793922,20,14,16.9444253793922,6,17,0.0555746206077998,-29.925
"76432",30,107,"paired",124,121,122.49081598226,17,14,15.4908159822605,3,15.5,0.00918401773954258,13.075
"76432",31,150,"unpaired",166,143,154.07141201404,16,7,4.07141201403979,23,11.5,7.42858798596021,56.075
"76432",33,121,"paired",151,150,150.499169432924,30,29,29.499169432924,1,29.5,0.000830567075979616,27.075
"76432",34,50,"paired",73,76,74.4848977981443,23,26,24.4848977981443,3,24.5,0.0151022018557114,-43.925
"76432",35,78,"unpaired",96,97,96.4987046545185,18,19,18.4987046545185,1,18.5,0.00129534548145216,-15.925
"76432",36,50,"unpaired",70,70,70,20,20,20,0,20,-2.8421709430404e-14,-43.925
"76432",37,135,"paired",146,149,147.492372684149,11,14,12.4923726841493,3,12.5,0.00762731585072629,41.075
"76432",39,78,"unpaired",77,105,89.9166280506559,1,27,11.9166280506559,28,14,2.08337194934414,-15.925
"76432",40,121,"unpaired",161,154,157.461106308828,40,33,36.4611063088279,7,36.5,0.0388936911720634,27.075
"76432",41,50,"paired",64,73,68.3520299625402,14,23,18.3520299625402,9,18.5,0.1479700374598,-43.925
"76432",42,78,"paired",108,83,94.678403028357,30,5,16.678403028357,25,17.5,0.821596971642975,-15.925
"76432",43,64,"unpaired",67,77,71.8261790714221,3,13,7.8261790714221,10,8,0.173820928577896,-29.925
"76432",45,121,"paired",160,171,165.408585025083,39,50,44.4085850250827,11,44.5,0.0914149749173419,27.075
"76432",46,107,"paired",151,148,149.492474726991,44,41,42.4924747269908,3,42.5,0.00752527300923589,13.075
"76432",47,121,"unpaired",157,146,151.400132100339,36,25,30.4001321003386,11,30.5,0.0998678996613762,27.075
"76432",48,135,"unpaired",163,148,155.319026522831,28,13,20.3190265228313,15,20.5,0.18097347716872,41.075
"76432",49,78,"paired",66,67,66.4981202741852,12,11,11.5018797258148,1,11.5,-0.00187972581480267,-15.925
"76432",51,150,"unpaired",166,153,159.367499823521,16,3,9.36749982352111,13,9.5,0.132500176478885,56.075
"76432",52,78,"unpaired",112,85,97.5704873412038,34,7,19.5704873412038,27,20.5,0.929512658796227,-15.925
"76432",53,50,"paired",81,85,82.975900115636,31,35,32.975900115636,4,33,0.0240998843640341,-43.925
"76432",54,92,"paired",106,109,107.489534374282,14,17,15.4895343742822,3,15.5,0.0104656257178419,-1.925
"76432",55,121,"unpaired",151,145,147.96959147068,30,24,26.9695914706803,6,27,0.0304085293197431,27.075
"76432",57,64,"paired",90,106,97.6729235765983,26,42,33.6729235765983,16,34,0.327076423401735,-29.925
"76432",58,121,"paired",140,145,142.47806848775,19,24,21.47806848775,5,21.5,0.0219315122499779,27.075
"76432",59,135,"unpaired",160,157,158.492902049272,25,22,23.4929020492715,3,23.5,0.00709795072845054,41.075
"76432",60,150,"unpaired",168,161,164.46276174259,18,11,14.4627617425902,7,14.5,0.0372382574097685,56.075
"76432",61,50,"paired",71,75,72.9725975966321,21,25,22.9725975966321,4,23,0.0274024033679154,-43.925
"76432",63,64,"unpaired",103,90,96.2808392152873,39,26,32.2808392152873,13,32.5,0.219160784712727,-29.925
"76432",64,135,"unpaired",153,148,150.479234447813,18,13,15.4792344478134,5,15.5,0.0207655521866172,41.075
"76432",65,107,"paired",103,113,107.884197174563,4,6,0.884197174563084,10,5,4.11580282543692,13.075
"76432",66,64,"paired",78,76,76.9935062196807,14,12,12.9935062196807,2,13,0.00649378031933168,-29.925
"76432",67,107,"unpaired",115,120,117.473401244707,8,13,10.4734012447073,5,10.5,0.0265987552926958,13.075
"76432",69,121,"paired",132,144,137.869503516913,11,23,16.8695035169126,12,17,0.130496483087398,27.075
"76432",70,92,"paired",127,120,123.450394896088,35,28,31.4503948960878,7,31.5,0.049605103912242,-1.925
"76432",71,107,"unpaired",124,137,130.338022081049,17,30,23.338022081049,13,23.5,0.161977918951038,13.075
"76432",72,50,"unpaired",69,65,66.9701426010129,19,15,16.9701426010129,4,17,0.0298573989871187,-43.925
"76432",73,78,"paired",83,105,93.3541643420368,5,27,15.3541643420368,22,16,0.645835657963232,-15.925
"76432",75,92,"unpaired",116,104,109.836241741968,24,12,17.8362417419678,12,18,0.163758258032217,-1.925
"76432",76,64,"unpaired",75,74,74.4983221287567,11,10,10.4983221287567,1,10.5,0.00167787124333074,-29.925
"76432",77,135,"paired",151,160,155.434873821803,16,25,20.4348738218035,9,20.5,0.0651261781965218,41.075
"76432",78,64,"paired",78,83,80.4611707595658,14,19,16.4611707595658,5,16.5,0.0388292404341968,-29.925
"76432",79,50,"unpaired",67,81,73.668174946852,17,31,23.668174946852,14,24,0.331825053147952,-43.925
"76432",81,121,"paired",151,157,153.970776448,30,36,32.9707764480001,6,33,0.0292235519999338,27.075
"76432",82,64,"paired",72,81,76.3675323681472,8,17,12.3675323681472,9,12.5,0.132467631852847,-29.925
"76432",83,121,"unpaired",149,145,146.986393928146,28,24,25.9863939281455,4,26,0.0136060718544684,27.075
"76432",84,50,"unpaired",69,72,70.4840407468244,19,22,20.4840407468244,3,20.5,0.015959253175609,-43.925
"76432",85,64,"paired",76,80,77.9743547584717,12,16,13.9743547584717,4,14,0.0256452415283093,-29.925
"76432",87,50,"unpaired",80,84,81.9756061276768,30,34,31.9756061276768,4,32,0.0243938723232446,-43.925
"76432",88,135,"unpaired",156,152,153.987012439361,21,17,18.9870124393613,4,19,0.0129875606386634,41.075
"76432",89,50,"paired",70,72,70.9929573971954,20,22,20.9929573971954,2,21,0.00704260280458868,-43.925
"76432",90,150,"paired",155,145,149.91664350565,5,5,0.083356494350511,10,5,4.91664350564949,56.075
"76432",91,92,"unpaired",108,73,88.7918915216924,16,19,3.20810847830755,35,17.5,14.2918915216924,-1.925
"76432",93,78,"paired",125,133,128.937969582276,47,55,50.9379695822763,8,51,0.0620304177236619,-15.925
"76432",94,78,"paired",92,106,98.7522151650281,14,28,20.7522151650281,14,21,0.247784834971895,-15.925
"76432",95,64,"unpaired",75,72,73.4846922834954,11,8,9.48469228349536,3,9.5,0.0153077165046369,-29.925
"76432",96,92,"unpaired",113,112,112.498888883402,21,20,20.4988888834018,1,20.5,0.00111111659819585,-1.925
"76478",1,92,"paired",74,82,77.8973683766018,18,10,14.1026316233982,8,14,-0.102631623398182,-1.925
"76478",3,50,"unpaired",62,57,59.4474557908074,12,7,9.4474557908074,5,9.5,0.0525442091925967,-43.925
"76478",4,107,"unpaired",105,111,107.958325292679,2,4,0.958325292679461,6,3,2.04167470732054,13.075
"76478",5,50,"paired",65,58,61.400325732035,15,8,11.400325732035,7,11.5,0.099674267965014,-43.925
"76478",6,78,"paired",85,88,86.4869932417586,7,10,8.48699324175864,3,8.5,0.0130067582413602,-15.925
"76478",7,50,"unpaired",72,63,67.3498329619309,22,13,17.3498329619309,9,17.5,0.150167038069057,-43.925
"76478",9,135,"paired",138,145,141.456707158056,3,10,6.45670715805591,7,6.5,0.0432928419440941,41.075
"76478",10,50,"paired",60,58,58.9915248150105,10,8,8.99152481501049,2,9,0.00847518498951416,-43.925
"76478",11,107,"unpaired",119,131,124.855916960311,12,24,17.8559169603106,12,18,0.144083039689363,13.075
"76478",12,92,"unpaired",86,128,104.919016388832,6,36,12.919016388832,42,21,8.08098361116798,-1.925
"76478",13,107,"paired",131,130,130.499042142078,24,23,23.4990421420785,1,23.5,0.000957857921520144,13.075
"76478",15,121,"unpaired",155,123,138.076065992626,34,2,17.076065992626,32,18,0.923934007373987,27.075
"76478",16,64,"unpaired",87,81,83.9464114777993,23,17,19.9464114777993,6,20,0.053588522200684,-29.925
"76478",17,92,"paired",84,94,88.8594395660922,8,2,3.14056043390781,10,5,1.85943956609219,-1.925
"76478",18,107,"paired",83,114,97.2728122344574,24,7,9.72718776554264,31,15.5,5.77281223445736,13.075
"76478",19,135,"unpaired",136,122,128.809937504837,1,13,6.190062495163,14,7,0.809937504836995,41.075
"76478",21,92,"paired",121,107,113.784884760675,29,15,21.7848847606746,14,22,0.215115239325357,-1.925
"76478",22,92,"paired",91,119,104.062481231229,1,27,12.0624812312295,28,14,1.93751876877052,-1.925
"76478",23,150,"unpaired",157,134,145.044820658995,7,16,4.95517934100505,23,11.5,6.54482065899495,56.075
"76478",24,107,"unpaired",139,120,129.151074327704,32,13,22.1510743277036,19,22.5,0.348925672296446,13.075
"76478",25,107,"paired",124,136,129.861464645983,17,29,22.8614646459835,12,23,0.13853535401654,13.075
"76478",27,121,"unpaired",156,127,140.755106479303,35,6,19.7551064793032,29,20.5,0.744893520696792,27.075
"76478",28,150,"unpaired",165,155,159.921855917195,15,5,9.92185591719482,10,10,0.0781440828051814,56.075
"76478",29,64,"paired",65,62,63.4822809924155,1,2,0.517719007584496,3,1.5,0.982280992415504,-29.925
"76478",30,107,"paired",122,124,122.995934892174,15,17,15.9959348921744,2,16,0.00406510782559621,13.075
"76478",31,150,"unpaired",151,151,151,1,1,1,0,1,0,56.075
"76478",33,121,"paired",139,140,139.499103939774,18,19,18.4991039397744,1,18.5,0.000896060225585416,27.075
"76478",34,50,"paired",75,81,77.9422863405995,25,31,27.9422863405995,6,28,0.0577136594004912,-43.925
"76478",35,78,"unpaired",82,91,86.3828686719769,4,13,8.38286867197689,9,8.5,0.117131328023106,-15.925
"76478",36,50,"unpaired",68,66,66.9925368977769,18,16,16.9925368977769,2,17,0.00746310222307045,-43.925
"76478",37,135,"paired",130,132,130.996183150503,5,3,4.00381684949747,2,4,-0.00381684949746841,41.075
"76478",39,78,"unpaired",117,115,115.995689575087,39,37,37.9956895750873,2,38,0.00431042491270262,-15.925
"76478",40,121,"unpaired",155,154,154.499190936393,34,33,33.499190936393,1,33.5,0.000809063607022154,27.075
"76478",41,50,"paired",50,53,51.478150704935,0,3,1.478150704935,3,1.5,0.021849295064996,-43.925
"76478",42,78,"paired",119,129,123.899152539475,41,51,45.8991525394746,10,46,0.100847460525372,-15.925
"76478",43,64,"unpaired",78,88,82.8492607088319,14,24,18.8492607088319,10,19,0.150739291168108,-29.925
"76478",45,121,"paired",140,147,143.457310723434,19,26,22.4573107234343,7,22.5,0.0426892765656817,27.075
"76478",46,107,"paired",140,154,146.833238743821,33,47,39.8332387438212,14,40,0.166761256178802,13.075
"76478",47,121,"unpaired",146,143,144.492214323125,25,22,23.4922143231254,3,23.5,0.00778567687464715,27.075
"76478",48,135,"unpaired",162,159,160.492990501143,27,24,25.492990501143,3,25.5,0.00700949885697355,41.075
"76478",49,78,"paired",112,88,99.2773891679268,34,10,21.2773891679268,24,22,0.722610832073187,-15.925
"76478",51,150,"unpaired",164,129,145.451022684614,14,21,4.54897731538631,35,17.5,12.9510226846137,56.075
"76478",52,78,"unpaired",110,78,92.6282894152753,32,0,14.6282894152753,32,16,1.3717105847247,-15.925
"76478",53,50,"paired",80,60,69.2820323027551,30,10,19.2820323027551,20,20,0.717967697244902,-43.925
"76478",54,92,"paired",113,115,113.995613950713,21,23,21.995613950713,2,22,0.00438604928699249,-1.925
"76478",55,121,"unpaired",123,139,130.755497016378,2,18,9.75549701637789,16,10,0.244502983622112,27.075
"76478",57,64,"paired",91,81,85.8545281275251,27,17,21.8545281275251,10,22,0.145471872474928,-29.925
"76478",58,121,"paired",149,142,145.457897688644,28,21,24.4578976886439,7,24.5,0.042102311356075,27.075
"76478",59,135,"unpaired",134,143,138.426876003181,1,8,3.42687600318072,9,4.5,1.07312399681928,41.075
"76478",60,150,"unpaired",149,157,152.947703480634,1,7,2.94770348063409,8,4,1.05229651936591,56.075
"76478",61,50,"paired",73,78,75.458597919654,23,28,25.458597919654,5,25.5,0.041402080346046,-43.925
"76478",63,64,"unpaired",115,63,85.1175657546666,51,1,21.1175657546666,52,26,4.88243424533336,-29.925
"76478",64,135,"unpaired",152,147,149.479095528438,17,12,14.4790955284383,5,14.5,0.0209044715616642,41.075
"76478",65,107,"paired",111,125,117.792189893897,4,18,10.7921898938975,14,11,0.207810106102528,13.075
"76478",66,64,"paired",91,87,88.9775252521669,27,23,24.9775252521669,4,25,0.0224747478331011,-29.925
"76478",67,107,"unpaired",123,108,115.256236273791,16,1,8.25623627379122,15,8.5,0.243763726208783,13.075
"76478",69,121,"paired",135,132,133.491572767722,14,11,12.4915727677219,3,12.5,0.00842723227813735,27.075
"76478",70,92,"paired",107,110,108.489630840924,15,18,16.4896308409241,3,16.5,0.0103691590758501,-1.925
"76478",71,107,"unpaired",131,119,124.855916960311,24,12,17.8559169603106,12,18,0.144083039689363,13.075
"76478",72,50,"unpaired",75,68,71.4142842854285,25,18,21.4142842854285,7,21.5,0.0857157145715348,-43.925
"76478",73,78,"paired",117,122,119.473846510439,39,44,41.4738465104392,5,41.5,0.0261534895607696,-15.925
"76478",75,92,"unpaired",110,123,116.318528188763,18,31,24.3185281887628,13,24.5,0.18147181123723,-1.925
"76478",76,64,"unpaired",108,63,82.4863625092052,44,1,18.4863625092052,45,22.5,4.01363749079484,-29.925
"76478",77,135,"paired",137,124,130.338022081049,2,11,4.66197791895104,13,6.5,1.83802208104896,41.075
"76478",78,64,"paired",87,87,87,23,23,23,0,23,0,-29.925
"76478",79,50,"unpaired",68,67,67.4981481227448,18,17,17.4981481227448,1,17.5,0.00185187725517721,-43.925
"76478",81,121,"paired",109,112,110.489818535465,12,9,10.5101814645349,3,10.5,-0.0101814645349236,27.075
"76478",82,64,"paired",88,83,85.463442476886,24,19,21.463442476886,5,21.5,0.0365575231139843,-29.925
"76478",83,121,"unpaired",109,140,123.531372533458,12,19,2.53137253345803,31,15.5,12.968627466542,27.075
"76478",84,50,"unpaired",70,75,72.4568837309472,20,25,22.4568837309472,5,22.5,0.0431162690528311,-43.925
"76478",85,64,"paired",72,75,73.4846922834954,8,11,9.48469228349536,3,9.5,0.0153077165046369,-29.925
"76478",87,50,"unpaired",87,73,79.6931615635871,37,23,29.6931615635871,14,30,0.306838436412889,-43.925
"76478",88,135,"unpaired",123,143,132.623527324529,12,8,2.37647267547132,20,10,7.62352732452868,41.075
"76478",89,50,"paired",68,61,64.4049687524185,18,11,14.4049687524185,7,14.5,0.0950312475815167,-43.925
"76478",90,150,"paired",174,172,172.997109802447,24,22,22.9971098024473,2,23,0.00289019755274467,56.075
"76478",91,92,"unpaired",89,121,103.773792452623,3,29,11.7737924526226,32,16,4.22620754737736,-1.925
"76478",93,78,"paired",86,87,86.4985549012236,8,9,8.49855490122363,1,8.5,0.00144509877637233,-15.925
"76478",94,78,"paired",111,118,114.446494048529,33,40,36.4464940485291,7,36.5,0.0535059514709246,-15.925
"76478",95,64,"unpaired",89,119,102.912584264511,25,55,38.9125842645106,30,40,1.08741573548942,-29.925
"76478",96,92,"unpaired",113,113,113,21,21,21,0,21,-2.8421709430404e-14,-1.925
"76743",1,92,"paired",93,88,90.4654630231892,1,4,1.53453697681084,5,2.5,0.965463023189159,-1.925
"76743",3,50,"unpaired",57,79,67.1043962792305,7,29,17.1043962792305,22,18,0.895603720769529,-43.925
"76743",4,107,"unpaired",104,114,108.88526071053,3,7,1.88526071052955,10,5,3.11473928947045,13.075
"76743",5,50,"paired",47,45,45.9891291502677,3,5,4.01087084973233,2,4,-0.0108708497323349,-43.925
"76743",6,78,"paired",81,92,86.324967419629,3,14,8.32496741962902,11,8.5,0.175032580370981,-15.925
"76743",7,50,"unpaired",38,80,55.1361950083609,12,30,5.13619500836087,42,21,15.8638049916391,-43.925
"76743",9,135,"paired",109,129,118.57908753233,26,6,16.42091246767,20,16,-0.420912467669993,41.075
"76743",10,50,"paired",84,81,82.4863625092052,34,31,32.4863625092052,3,32.5,0.0136374907948351,-43.925
"76743",11,107,"unpaired",122,109,115.316954521007,15,2,8.31695452100696,13,8.5,0.183045478993037,13.075
"76743",12,92,"unpaired",118,91,103.624321469431,26,1,11.6243214694311,27,13.5,1.87567853056893,-1.925
"76743",13,107,"paired",132,115,123.207142650091,25,8,16.2071426500915,17,16.5,0.292857349908545,13.075
"76743",15,121,"unpaired",118,84,99.5590277172292,3,37,21.4409722827708,34,20,-1.44097228277082,27.075
"76743",16,64,"unpaired",75,68,71.4142842854285,11,4,7.41428428542847,7,7.5,0.0857157145715348,-29.925
"76743",17,92,"paired",84,82,82.9939756849857,8,10,9.00602431501433,2,9,-0.00602431501432932,-1.925
"76743",18,107,"paired",65,117,87.2066511224918,42,10,19.7933488775082,52,26,6.20665112249183,13.075
"76743",19,135,"unpaired",113,111,111.99553562531,22,24,23.0044643746904,2,23,-0.00446437469041427,41.075
"76743",21,92,"paired",80,73,76.4198926981712,12,19,15.5801073018288,7,15.5,-0.0801073018288179,-1.925
"76743",22,92,"paired",122,108,114.786758818254,30,16,22.786758818254,14,23,0.213241181745985,-1.925
"76743",23,150,"unpaired",119,118,118.498945142984,31,32,31.5010548570157,1,31.5,-0.00105485701567432,56.075
"76743",24,107,"unpaired",117,114,115.490259329521,10,7,8.49025932952092,3,8.5,0.00974067047907567,13.075
"76743",25,107,"paired",113,113,113,6,6,6.00000000000003,0,6,-2.8421709430404e-14,13.075
"76743",27,121,"unpaired",133,88,108.185026690388,12,33,12.8149733096118,45,22.5,9.68502669038818,27.075
"76743",28,150,"unpaired",134,111,121.959009507293,16,39,28.040990492707,23,27.5,-0.540990492706968,56.075
"76743",29,64,"paired",95,77,85.5277732669336,31,13,21.5277732669336,18,22,0.472226733066364,-29.925
"76743",30,107,"paired",111,115,112.982299498638,4,8,5.98229949863827,4,6,0.0177005013617304,13.075
"76743",31,150,"unpaired",118,113,115.472940553188,32,37,34.5270594468123,5,34.5,-0.0270594468123022,56.075
"76743",33,121,"paired",127,124,125.491035536408,6,3,4.49103553640801,3,4.5,0.00896446359199388,27.075
"76743",34,50,"paired",85,85,85,35,35,35,0,35,-1.4210854715202e-14,-43.925
"76743",35,78,"unpaired",89,88,88.4985875593504,11,10,10.4985875593504,1,10.5,0.00141244064964496,-15.925
"76743",36,50,"unpaired",31,70,46.5832587954085,19,20,3.41674120459152,39,19.5,16.0832587954085,-43.925
"76743",37,135,"paired",117,119,117.995762635783,18,16,17.0042373642172,2,17,-0.00423736421721799,41.075
"76743",39,78,"unpaired",77,66,71.2881476824865,1,12,6.71185231751355,11,6.5,-0.211852317513546,-15.925
"76743",40,121,"unpaired",116,112,113.9824547902,5,9,7.01754520979998,4,7,-0.0175452097999766,27.075
"76743",41,50,"paired",27,25,25.9807621135332,23,25,24.0192378864668,2,24,-0.0192378864668363,-43.925
"76743",42,78,"paired",104,84,93.4665715643834,26,6,15.4665715643834,20,16,0.533428435616642,-15.925
"76743",43,64,"unpaired",50,88,66.332495807108,14,24,2.33249580710802,38,19,16.667504192892,-29.925
"76743",45,121,"paired",97,109,102.825094213426,24,12,18.1749057865737,12,18,-0.174905786573689,27.075
"76743",46,107,"paired",109,111,109.995454451536,2,4,2.99545445153633,2,3,0.00454554846366761,13.075
"76743",47,121,"unpaired",114,112,112.995575134604,7,9,8.00442486539573,2,8,-0.00442486539573395,27.075
"76743",48,135,"unpaired",126,119,122.449989791751,9,16,12.5500102082487,7,12.5,-0.0500102082486791,41.075
"76743",49,78,"paired",86,84,84.9941174435031,8,6,6.99411744350309,2,7,0.00588255649691405,-15.925
"76743",51,150,"unpaired",127,116,121.37545056559,23,34,28.62454943441,11,28.5,-0.12454943441,56.075
"76743",52,78,"unpaired",93,73,82.3953882204581,15,5,4.39538822045807,20,10,5.60461177954193,-15.925
"76743",53,50,"paired",46,42,43.9545219516718,4,8,6.04547804832819,4,6,-0.0454780483281851,-43.925
"76743",54,92,"paired",110,106,107.981479893545,18,14,15.9814798935447,4,16,0.0185201064552842,-1.925
"76743",55,121,"unpaired",88,111,98.8331928048467,33,10,22.1668071951533,23,21.5,-0.666807195153339,27.075
"76743",57,64,"paired",65,68,66.4830805543786,1,4,2.48308055437865,3,2.5,0.0169194456213546,-29.925
"76743",58,121,"paired",88,117,101.469207151727,33,4,19.5307928482734,29,18.5,-1.03079284827339,27.075
"76743",59,135,"unpaired",85,120,100.995049383621,50,15,34.0049506163792,35,32.5,-1.50495061637918,41.075
"76743",60,150,"unpaired",146,126,135.631854665488,4,24,14.3681453345123,20,14,-0.368145334512292,56.075
"76743",61,50,"paired",36,50,42.4264068711928,14,0,7.57359312880716,14,7,-0.573593128807161,-43.925
"76743",63,64,"unpaired",84,59,70.3988636271921,20,5,6.39886362719213,25,12.5,6.10113637280787,-29.925
"76743",64,135,"unpaired",143,128,135.292276202302,8,7,0.292276202302133,15,7.5,7.20772379769787,41.075
"76743",65,107,"paired",134,131,132.491509161908,27,24,25.4915091619081,3,25.5,0.00849083809191598,13.075
"76743",66,64,"paired",84,70,76.6811580507232,20,6,12.6811580507232,14,13,0.318841949276774,-29.925
"76743",67,107,"unpaired",118,110,113.929802949009,11,3,6.92980294900896,8,7,0.070197050991041,13.075
"76743",69,121,"paired",122,120,120.995867698033,1,1,0.00413230196660663,2,1,0.995867698033393,27.075
"76743",70,92,"paired",80,82,80.9938269252663,12,10,11.0061730747337,2,11,-0.00617307473369522,-1.925
"76743",71,107,"unpaired",124,108,115.723809131915,17,1,8.72380913191543,16,9,0.276190868084569,13.075
"76743",72,50,"unpaired",41,26,32.649655434629,9,24,17.350344565371,15,16.5,-0.850344565370975,-43.925
"76743",73,78,"paired",106,65,83.0060238777885,28,13,5.00602387778851,41,20.5,15.4939761222115,-15.925
"76743",75,92,"unpaired",108,105,106.489436095793,16,13,14.489436095793,3,14.5,0.0105639042069612,-1.925
"76743",76,64,"unpaired",34,112,61.708994482166,30,48,2.29100551783396,78,39,36.708994482166,-29.925
"76743",77,135,"paired",114,121,117.447860772344,21,14,17.5521392276555,7,17.5,-0.0521392276555019,41.075
"76743",78,64,"paired",91,96,93.4665715643834,27,32,29.4665715643834,5,29.5,0.0334284356166421,-29.925
"76743",79,50,"unpaired",25,45,33.5410196624969,25,5,16.4589803375031,20,15,-1.45898033750315,-43.925
"76743",81,121,"paired",134,118,125.745775276945,13,3,4.7457752769452,16,8,3.2542247230548,27.075
"76743",82,64,"paired",50,71,59.5818764390649,14,7,4.41812356093509,21,10.5,6.08187643906491,-29.925
"76743",83,121,"unpaired",114,108,110.959452053442,7,13,10.0405479465583,6,10,-0.0405479465583483,27.075
"76743",84,50,"unpaired",25,40,31.6227766016838,25,10,18.3772233983162,15,17.5,-0.877223398316211,-43.925
"76743",85,64,"paired",57,50,53.3853912601565,7,14,10.6146087398435,7,10.5,-0.114608739843455,-29.925
"76743",87,50,"unpaired",61,46,52.9716905525961,11,4,2.97169055259612,15,7.5,4.52830944740388,-43.925
"76743",88,135,"unpaired",119,123,120.983469945278,16,12,14.016530054722,4,14,-0.0165300547219545,41.075
"76743",89,50,"paired",48,54,50.9116882454314,2,4,0.911688245431421,6,3,2.08831175456858,-43.925
"76743",90,150,"paired",107,114,110.44455622619,43,36,39.5554437738102,7,39.5,-0.0554437738102109,56.075
"76743",91,92,"unpaired",101,78,88.7580982220777,9,14,3.24190177792225,23,11.5,8.25809822207775,-1.925
"76743",93,78,"paired",83,87,84.9764673306675,5,9,6.9764673306675,4,7,0.0235326693324964,-15.925
"76743",94,78,"paired",75,61,67.6387462923434,3,17,10.3612537076566,14,10,-0.36125370765663,-15.925
"76743",95,64,"unpaired",87,41,59.7243668865564,23,23,4.27563311344358,46,23,18.7243668865564,-29.925
"76743",96,92,"unpaired",71,113,89.5712007288057,21,21,2.42879927119434,42,21,18.5712007288057,-1.925
"77061",1,92,"paired",108,128,117.575507653592,16,36,25.5755076535925,20,26,0.424492346407504,-1.925
"77061",3,50,"unpaired",123,107,114.721401665077,73,57,64.7214016650773,16,65,0.278598334922748,-43.925
"77061",4,107,"unpaired",150,124,136.381816969859,43,17,29.3818169698586,26,30,0.618183030141381,13.075
"77061",5,50,"paired",99,87,92.8062497895481,49,37,42.8062497895481,12,43,0.193750210451924,-43.925
"77061",6,78,"paired",110,116,112.960169971544,32,38,34.9601699715435,6,35,0.0398300284564783,-15.925
"77061",7,50,"unpaired",88,91,89.4874292847884,38,41,39.4874292847884,3,39.5,0.0125707152116235,-43.925
"77061",9,135,"paired",127,134,130.453056690903,8,1,4.54694330909689,7,4.5,-0.0469433090968892,41.075
"77061",10,50,"paired",93,83,87.8578397184907,43,33,37.8578397184907,10,38,0.142160281509277,-43.925
"77061",11,107,"unpaired",123,118,120.474063598768,16,11,13.474063598768,5,13.5,0.0259364012319878,13.075
"77061",12,92,"unpaired",129,116,122.327429466984,37,24,30.3274294669842,13,30.5,0.172570533015801,-1.925
"77061",13,107,"paired",123,126,124.490963527479,16,19,17.4909635274785,3,17.5,0.00903647252145845,13.075
"77061",15,121,"unpaired",128,124,125.984125984189,7,3,4.98412598418898,4,5,0.015874015811022,27.075
"77061",16,64,"unpaired",97,90,93.4344690143846,33,26,29.4344690143846,7,29.5,0.0655309856153821,-29.925
"77061",17,92,"paired",117,121,118.983192090312,25,29,26.9831920903117,4,27,0.0168079096883247,-1.925
"77061",18,107,"paired",123,131,126.936992244184,16,24,19.9369922441839,8,20,0.063007755816102,13.075
"77061",19,135,"unpaired",130,150,139.642400437689,5,15,4.64240043768933,20,10,5.35759956231067,41.075
"77061",21,92,"paired",120,127,123.450394896088,28,35,31.4503948960878,7,31.5,0.049605103912242,-1.925
"77061",22,92,"paired",124,119,121.474277112482,32,27,29.4742771124817,5,29.5,0.0257228875182562,-1.925
"77061",23,150,"unpaired",148,150,148.996644257513,2,0,1.00335574248663,2,1,-0.00335574248663306,56.075
"77061",24,107,"unpaired",154,143,148.398113195552,47,36,41.3981131955525,11,41.5,0.101886804447531,13.075
"77061",25,107,"paired",145,150,147.478812037526,38,43,40.4788120375262,5,40.5,0.0211879624737605,13.075
"77061",27,121,"unpaired",152,140,145.876660230484,31,19,24.8766602304837,12,25,0.123339769516264,27.075
"77061",28,150,"unpaired",25,157,62.6498204307083,125,7,87.3501795692917,132,66,-21.3501795692917,56.075
"77061",29,64,"paired",89,78,83.3186653757728,25,14,19.3186653757728,11,19.5,0.181334624227176,-29.925
"77061",30,107,"paired",157,144,150.3595690337,50,37,43.3595690336999,13,43.5,0.140430966300073,13.075
"77061",31,150,"unpaired",135,148,141.350627872677,15,2,8.649372127323,13,8.5,-0.149372127323005,56.075
"77061",33,121,"paired",147,152,149.479095528438,26,31,28.4790955284383,5,28.5,0.0209044715616642,27.075
"77061",34,50,"paired",90,79,84.3208159353312,40,29,34.3208159353312,11,34.5,0.179184064668789,-43.925
"77061",35,78,"unpaired",105,131,117.281712129385,27,53,39.2817121293853,26,40,0.718287870614702,-15.925
"77061",36,50,"unpaired",91,79,84.7879708449258,41,29,34.7879708449258,12,35,0.212029155074177,-43.925
"77061",37,135,"paired",106,125,115.108644332213,29,10,19.8913556677866,19,19.5,-0.391355667786613,41.075
"77061",39,78,"unpaired",116,121,118.473625756959,38,43,40.4736257569592,5,40.5,0.0263742430408485,-15.925
"77061",40,121,"unpaired",132,158,144.416065588286,11,37,23.4160655882855,26,24,0.583934411714495,27.075
"77061",41,50,"paired",92,80,85.7904423581089,42,30,35.7904423581089,12,36,0.209557641891138,-43.925
"77061",42,78,"paired",128,134,130.965644349959,50,56,52.9656443499592,6,53,0.0343556500408226,-15.925
"77061",43,64,"unpaired",70,101,84.0832920383117,6,37,20.0832920383117,31,21.5,1.41670796168835,-29.925
"77061",45,121,"paired",152,150,150.996688705415,31,29,29.996688705415,2,30,0.00331129458501778,27.075
"77061",46,107,"paired",153,152,152.499180325666,46,45,45.499180325666,1,45.5,0.000819674333996545,13.075
"77061",47,121,"unpaired",144,159,151.314242555022,23,38,30.3142425550218,15,30.5,0.185757444978151,27.075
"77061",48,135,"unpaired",156,150,152.970585407783,21,15,17.9705854077835,6,18,0.0294145922165399,41.075
"77061",49,78,"paired",96,90,92.951600308978,18,12,14.951600308978,6,15,0.0483996910219986,-15.925
"77061",51,150,"unpaired",144,161,152.262930485394,6,11,2.26293048539432,17,8.5,6.23706951460568,56.075
"77061",52,78,"unpaired",118,128,122.898331965898,40,50,44.8983319658977,10,45,0.101668034102261,-15.925
"77061",53,50,"paired",80,74,76.9415362466853,30,24,26.9415362466853,6,27,0.0584637533146548,-43.925
"77061",54,92,"paired",138,143,140.477756246318,46,51,48.4777562463183,5,48.5,0.0222437536816926,-1.925
"77061",55,121,"unpaired",127,163,143.878420897645,6,42,22.8784208976453,36,24,1.12157910235467,27.075
"77061",57,64,"paired",84,76,79.8999374217527,20,12,15.8999374217527,8,16,0.100062578247289,-29.925
"77061",58,121,"paired",135,139,136.985400681971,14,18,15.9854006819705,4,16,0.0145993180294681,27.075
"77061",59,135,"unpaired",137,155,145.722338713047,2,20,10.7223387130471,18,11,0.277661286952906,41.075
"77061",60,150,"unpaired",156,148,151.947359305781,6,2,1.94735930578054,8,4,2.05264069421946,56.075
"77061",61,50,"paired",81,67,73.668174946852,31,17,23.668174946852,14,24,0.331825053147952,-43.925
"77061",63,64,"unpaired",95,114,104.067285925982,31,50,40.0672859259816,19,40.5,0.432714074018435,-29.925
"77061",64,135,"unpaired",146,144,144.996551683135,11,9,9.99655168313481,2,10,0.00344831686518887,41.075
"77061",65,107,"paired",120,136,127.74975538137,13,29,20.7497553813705,16,21,0.250244618629495,13.075
"77061",66,64,"paired",96,87,91.3892772703669,32,23,27.3892772703669,9,27.5,0.11072272963311,-29.925
"77061",67,107,"unpaired",120,121,120.498962651136,13,14,13.4989626511365,1,13.5,0.00103734886350537,13.075
"77061",69,121,"paired",147,151,148.986576576549,26,30,27.9865765765493,4,28,0.013423423450746,27.075
"77061",70,92,"paired",129,145,136.766223900494,37,53,44.7662239004938,16,45,0.233776099506173,-1.925
"77061",71,107,"unpaired",141,144,142.492105044455,34,37,35.4921050444551,3,35.5,0.00789495554491282,13.075
"77061",72,50,"unpaired",81,88,84.4274836768218,31,38,34.4274836768218,7,34.5,0.072516323178192,-43.925
"77061",73,78,"paired",92,78,84.7112743381895,14,0,6.71127433818945,14,7,0.288725661810545,-15.925
"77061",75,92,"unpaired",126,131,128.475678632183,34,39,36.4756786321832,5,36.5,0.0243213678168388,-1.925
"77061",76,64,"unpaired",89,95,91.9510739469637,25,31,27.9510739469637,6,28,0.0489260530362827,-29.925
"77061",77,135,"paired",144,145,144.499134945507,9,10,9.49913494550748,1,9.5,0.000865054492521722,41.075
"77061",78,64,"paired",109,110,109.498858441538,45,46,45.4988584415382,1,45.5,0.00114155846183905,-29.925
"77061",79,50,"unpaired",70,83,76.2233560006381,20,33,26.2233560006381,13,26.5,0.276643999361923,-43.925
"77061",81,121,"paired",158,165,161.462069849237,37,44,40.4620698492373,7,40.5,0.0379301507626622,27.075
"77061",82,64,"paired",96,86,90.8625335328043,32,22,26.8625335328043,10,27,0.137466467195651,-29.925
"77061",83,121,"unpaired",162,139,150.059988004798,41,18,29.0599880047976,23,29.5,0.44001199520244,27.075
"77061",84,50,"unpaired",75,67,70.8872343937891,25,17,20.8872343937891,8,21,0.112765606210928,-43.925
"77061",85,64,"paired",67,70,68.4835746730557,3,6,4.48357467305573,3,4.5,0.0164253269442725,-29.925
"77061",87,50,"unpaired",67,89,77.2204636090719,17,39,27.2204636090719,22,28,0.779536390928072,-43.925
"77061",88,135,"unpaired",137,126,131.384930642749,2,9,3.61506935725086,11,5.5,1.88493064274914,41.075
"77061",89,50,"paired",82,73,77.3692445355388,32,23,27.3692445355388,9,27.5,0.13075546446116,-43.925
"77061",90,150,"paired",143,147,144.986206240456,7,3,5.0137937595442,4,5,-0.0137937595441997,56.075
"77061",91,92,"unpaired",112,132,121.589473228565,20,40,29.5894732285652,20,30,0.410526771434789,-1.925
"77061",93,78,"paired",115,112,113.490087672889,37,34,35.4900876728888,3,35.5,0.00991232711115231,-15.925
"77061",94,78,"paired",110,115,112.47221879202,32,37,34.4722187920199,5,34.5,0.0277812079800555,-15.925
"77061",95,64,"unpaired",111,93,101.602165331257,47,29,37.6021653312566,18,38,0.397834668743442,-29.925
"77061",96,92,"unpaired",126,127,126.499011853848,34,35,34.4990118538481,1,34.5,0.000988146151854608,-1.925
"77167",1,92,"paired",89,108,98.0408078302091,3,16,6.04080783020915,19,9.5,3.45919216979085,-1.925
"77167",3,50,"unpaired",57,61,58.9660919512223,7,11,8.96609195122228,4,9,0.0339080487777181,-43.925
"77167",4,107,"unpaired",99,83,90.6476695784287,8,24,16.3523304215713,16,16,-0.352330421571267,13.075
"77167",5,50,"paired",45,53,48.8364617882991,5,3,1.16353821170087,8,4,2.83646178829913,-43.925
"77167",6,78,"paired",81,76,78.4601809837321,3,2,0.460180983732101,5,2.5,2.0398190162679,-15.925
"77167",7,50,"unpaired",69,50,58.7367006223536,19,0,8.73670062235364,19,9.5,0.763299377646355,-43.925
"77167",9,135,"paired",132,138,134.966662550424,3,3,0.0333374495761518,6,3,2.96666255042385,41.075
"77167",10,50,"paired",66,54,59.6992462263972,16,4,9.69924622639719,12,10,0.300753773602807,-43.925
"77167",11,107,"unpaired",138,110,123.207142650092,31,3,16.2071426500916,28,17,0.792857349908445,13.075
"77167",12,92,"unpaired",106,110,107.981479893545,14,18,15.9814798935447,4,16,0.0185201064552842,-1.925
"77167",13,107,"paired",128,124,125.984125984189,21,17,18.984125984189,4,19,0.015874015811022,13.075
"77167",15,121,"unpaired",130,113,121.202310209006,9,8,0.20231020900556,17,8.5,8.29768979099444,27.075
"77167",16,64,"unpaired",68,86,76.4722171772207,4,22,12.4722171772207,18,13,0.527782822779329,-29.925
"77167",17,92,"paired",83,83,83,9,9,8.99999999999997,0,9,2.8421709430404e-14,-1.925
"77167",18,107,"paired",105,106,105.498815159223,2,1,1.50118484077656,1,1.5,-0.00118484077655978,13.075
"77167",19,135,"unpaired",114,111,112.489999555516,21,24,22.510000444484,3,22.5,-0.0100004444839499,41.075
"77167",21,92,"paired",109,118,113.410757867144,17,26,21.4107578671441,9,21.5,0.0892421328558868,-1.925
"77167",22,92,"paired",105,97,100.920760995942,13,5,8.9207609959417,8,9,0.0792390040582944,-1.925
"77167",23,150,"unpaired",128,115,121.326007104825,22,35,28.6739928951752,13,28.5,-0.173992895175203,56.075
"77167",24,107,"unpaired",107,115,110.927904514599,0,8,3.92790451459902,8,4,0.072095485400979,13.075
"77167",25,107,"paired",113,117,114.982607380421,6,10,7.98260738042083,4,8,0.0173926195791694,13.075
"77167",27,121,"unpaired",139,111,124.213525833542,18,10,3.21352583354201,28,14,10.786474166458,27.075
"77167",28,150,"unpaired",122,132,126.901536633723,28,18,23.0984633662775,10,23,-0.0984633662774996,56.075
"77167",29,64,"paired",59,63,60.9672042987047,5,1,3.03279570129527,4,3,-0.0327957012952709,-29.925
"77167",30,107,"paired",121,114,117.447860772344,14,7,10.4478607723445,7,10.5,0.0521392276555019,13.075
"77167",31,150,"unpaired",113,117,114.982607380421,37,33,35.0173926195792,4,35,-0.0173926195791694,56.075
"77167",33,121,"paired",114,118,115.982757339184,7,3,5.01724266081614,4,5,-0.0172426608161373,27.075
"77167",34,50,"paired",66,74,69.8856208386246,16,24,19.8856208386246,8,20,0.114379161375368,-43.925
"77167",35,78,"unpaired",115,113,113.995613950713,37,35,35.995613950713,2,36,0.00438604928699249,-15.925
"77167",36,50,"unpaired",38,61,48.1456124688429,12,11,1.85438753115711,23,11.5,9.64561246884289,-43.925
"77167",37,135,"paired",56,77,65.665820637528,79,58,69.334179362472,21,68.5,-0.834179362471957,41.075
"77167",39,78,"unpaired",60,84,70.9929573971954,18,6,7.00704260280459,24,12,4.99295739719541,-15.925
"77167",40,121,"unpaired",76,89,82.2435407798083,45,32,38.7564592201917,13,38.5,-0.256459220191658,27.075
"77167",41,50,"paired",46,60,52.5357021462548,4,10,2.53570214625478,14,7,4.46429785374522,-43.925
"77167",42,78,"paired",93,88,90.4654630231892,15,10,12.4654630231892,5,12.5,0.0345369768108412,-15.925
"77167",43,64,"unpaired",58,71,64.1716448285378,6,7,0.171644828537779,13,6.5,6.32835517146222,-29.925
"77167",45,121,"paired",110,140,124.096736459909,11,19,3.09673645990861,30,15,11.9032635400914,27.075
"77167",46,107,"paired",117,112,114.472704170034,10,5,7.47270417003352,5,7.5,0.0272958299664765,13.075
"77167",47,121,"unpaired",124,85,102.664502141685,3,36,18.3354978583152,39,19.5,1.16450214168485,27.075
"77167",48,135,"unpaired",124,122,122.995934892174,11,13,12.0040651078256,2,12,-0.00406510782559621,41.075
"77167",49,78,"paired",75,84,79.3725393319377,3,6,1.3725393319377,9,4.5,3.1274606680623,-15.925
"77167",51,150,"unpaired",142,94,115.533544912289,8,56,34.4664550877106,48,32,-2.46645508771056,56.075
"77167",52,78,"unpaired",96,82,88.7242920512753,18,4,10.7242920512753,14,11,0.275707948724701,-15.925
"77167",53,50,"paired",47,52,49.4368283772331,3,2,0.563171622766887,5,2.5,1.93682837723311,-43.925
"77167",54,92,"paired",90,81,85.3814968245463,2,11,6.61850317545371,9,6.5,-0.118503175453711,-1.925
"77167",55,121,"unpaired",92,84,87.9090439033436,29,37,33.0909560966564,8,33,-0.0909560966563561,27.075
"77167",57,64,"paired",86,90,87.9772697916911,22,26,23.9772697916911,4,24,0.0227302083089427,-29.925
"77167",58,121,"paired",95,92,93.487967140162,26,29,27.512032859838,3,27.5,-0.0120328598380013,27.075
"77167",59,135,"unpaired",115,111,112.982299498638,20,24,22.0177005013617,4,22,-0.0177005013617304,41.075
"77167",60,150,"unpaired",124,109,116.258333034669,26,41,33.741666965331,15,33.5,-0.241666965330992,56.075
"77167",61,50,"paired",46,55,50.2991053598372,4,5,0.299105359837178,9,4.5,4.20089464016282,-43.925
"77167",63,64,"unpaired",77,71,73.9391641824547,13,7,9.93916418245473,6,10,0.0608358175452679,-29.925
"77167",64,135,"unpaired",86,111,97.7036335045939,49,24,37.2963664954061,25,36.5,-0.796366495406104,41.075
"77167",65,107,"paired",104,108,105.981130395934,3,1,1.01886960406584,4,2,0.981130395934159,13.075
"77167",66,64,"paired",85,83,83.9940474081348,21,19,19.9940474081348,2,20,0.00595259186515307,-29.925
"77167",67,107,"unpaired",92,110,100.598210719674,15,3,6.40178928032569,18,9,2.59821071967431,13.075
"77167",69,121,"paired",118,117,117.498936165397,3,4,3.50106383460319,1,3.5,-0.00106383460318682,27.075
"77167",70,92,"paired",87,110,97.8263768111648,5,18,5.82637681116485,23,11.5,5.67362318883515,-1.925
"77167",71,107,"unpaired",94,114,103.51811435686,13,7,3.48188564313972,20,10,6.51811435686028,13.075
"77167",72,50,"unpaired",43,79,58.2837884835912,7,29,8.28378848359123,36,18,9.71621151640877,-43.925
"77167",73,78,"paired",69,60,64.3428317685816,9,18,13.6571682314184,9,13.5,-0.157168231418353,-15.925
"77167",75,92,"unpaired",94,109,101.222527136997,2,17,9.22252713699656,15,9.5,0.277472863003439,-1.925
"77167",76,64,"unpaired",73,82,77.3692445355388,9,18,13.3692445355388,9,13.5,0.13075546446116,-29.925
"77167",77,135,"paired",102,108,104.957134107215,33,27,30.0428658927846,6,30,-0.042865892784647,41.075
"77167",78,64,"paired",86,96,90.8625335328043,22,32,26.8625335328043,10,27,0.137466467195651,-29.925
"77167",79,50,"unpaired",80,60,69.2820323027551,30,10,19.2820323027551,20,20,0.717967697244902,-43.925
"77167",81,121,"paired",111,123,116.846052564903,10,2,4.15394743509736,12,6,1.84605256490264,27.075
"77167",82,64,"paired",87,87,87,23,23,23,0,23,0,-29.925
"77167",83,121,"unpaired",96,116,105.527247666183,25,5,15.4727523338166,20,15,-0.472752333816615,27.075
"77167",84,50,"unpaired",71,77,73.9391641824547,21,27,23.9391641824547,6,24,0.0608358175452679,-43.925
"77167",85,64,"paired",53,60,56.3914887194867,11,4,7.60851128051328,7,7.5,-0.108511280513277,-29.925
"77167",87,50,"unpaired",58,53,55.4436651025164,8,3,5.44366510251643,5,5.5,0.0563348974835662,-43.925
"77167",88,135,"unpaired",108,124,115.723809131915,27,11,19.2761908680846,16,19,-0.276190868084569,41.075
"77167",89,50,"paired",41,53,46.6154480832267,9,3,3.38455191677335,12,6,2.61544808322665,-43.925
"77167",90,150,"paired",117,123,119.962494138793,33,27,30.0375058612067,6,30,-0.0375058612067249,56.075
"77167",91,92,"unpaired",116,96,105.527247666183,24,4,13.5272476661834,20,14,0.472752333816615,-1.925
"77167",93,78,"paired",116,108,111.928548637066,38,30,33.9285486370658,8,34,0.0714513629341695,-15.925
"77167",94,78,"paired",110,106,107.981479893545,32,28,29.9814798935447,4,30,0.0185201064552842,-15.925
"77167",95,64,"unpaired",85,84,84.4985206971104,21,20,20.4985206971104,1,20.5,0.00147930288956388,-29.925
"77167",96,92,"unpaired",109,115,111.95981421921,17,23,19.95981421921,6,20,0.0401857807900399,-1.925
"77271",1,92,"paired",93,87,89.9499861033897,1,5,2.05001389661028,6,3,0.949986103389719,-1.925
"77271",3,50,"unpaired",94,111,102.146952964834,44,61,52.1469529648339,17,52.5,0.353047035166057,-43.925
"77271",4,107,"unpaired",107,116,111.409155817644,0,9,4.40915581764361,9,4.5,0.0908441823563919,13.075
"77271",5,50,"paired",96,100,97.9795897113271,46,50,47.9795897113271,4,48,0.0204102886728634,-43.925
"77271",6,78,"paired",118,119,118.498945142984,40,41,40.4989451429843,1,40.5,0.00105485701567432,-15.925
"77271",7,50,"unpaired",110,113,111.48990985735,60,63,61.4899098573499,3,61.5,0.0100901426501423,-43.925
"77271",9,135,"paired",123,130,126.451571757729,12,5,8.54842824227138,7,8.5,-0.0484282422713846,41.075
"77271",10,50,"paired",93,102,97.3960984844875,43,52,47.3960984844875,9,47.5,0.10390151551249,-43.925
"77271",11,107,"unpaired",128,109,118.118584481867,21,2,11.1185844818672,19,11.5,0.381415518132769,13.075
"77271",12,92,"unpaired",123,111,116.846052564903,31,19,24.8460525649026,12,25,0.153947435097365,-1.925
"77271",13,107,"paired",127,126,126.499011853848,20,19,19.4990118538481,1,19.5,0.000988146151854608,13.075
"77271",15,121,"unpaired",140,130,134.90737563232,19,9,13.9073756323203,10,14,0.0926243676796901,27.075
"77271",16,64,"unpaired",97,113,104.694794521982,33,49,40.6947945219819,16,41,0.305205478018138,-29.925
"77271",17,92,"paired",109,112,110.489818535465,17,20,18.4898185354651,3,18.5,0.0101814645349236,-1.925
"77271",18,107,"paired",131,115,122.739561674303,24,8,15.7395616743029,16,16,0.260438325697081,13.075
"77271",19,135,"unpaired",127,113,119.795659353751,8,22,15.2043406462488,14,15,-0.204340646248781,41.075
"77271",21,92,"paired",121,116,118.473625756959,29,24,26.4736257569592,5,26.5,0.0263742430408485,-1.925
"77271",22,92,"paired",101,101,101,9,9,9.00000000000003,0,9,-2.8421709430404e-14,-1.925
"77271",23,150,"unpaired",134,109,120.855285362288,16,41,29.1447146377124,25,28.5,-0.644714637712354,56.075
"77271",24,107,"unpaired",135,110,121.860576069539,28,3,14.8605760695394,25,15.5,0.639423930460566,13.075
"77271",25,107,"paired",113,113,113,6,6,6.00000000000003,0,6,-2.8421709430404e-14,13.075
"77271",27,121,"unpaired",114,104,108.88526071053,7,17,12.1147392894704,10,12,-0.11473928947045,27.075
"77271",28,150,"unpaired",135,110,121.860576069539,15,40,28.1394239304606,25,27.5,-0.639423930460566,56.075
"77271",29,64,"paired",96,100,97.9795897113271,32,36,33.9795897113271,4,34,0.0204102886728634,-29.925
"77271",30,107,"paired",108,106,106.995327000762,1,1,0.00467299923791131,2,1,0.995327000762089,13.075
"77271",31,150,"unpaired",112,114,112.995575134604,38,36,37.0044248653957,2,37,-0.00442486539573395,56.075
"77271",33,121,"paired",120,124,121.983605455815,1,3,0.983605455815251,4,2,1.01639454418475,27.075
"77271",34,50,"paired",74,70,71.9722168617864,24,20,21.9722168617864,4,22,0.0277831382136497,-43.925
"77271",35,78,"unpaired",116,111,113.472463620034,38,33,35.4724636200342,5,35.5,0.0275363799657526,-15.925
"77271",36,50,"unpaired",109,86,96.819419539677,59,36,46.819419539677,23,47.5,0.680580460322972,-43.925
"77271",37,135,"paired",108,118,112.889326333361,27,17,22.1106736666392,10,22,-0.110673666639244,41.075
"77271",39,78,"unpaired",119,100,109.087121146357,41,22,31.0871211463571,19,31.5,0.412878853642866,-15.925
"77271",40,121,"unpaired",127,104,114.926063188469,6,17,6.07393681153088,23,11.5,5.42606318846912,27.075
"77271",41,50,"paired",90,96,92.951600308978,40,46,42.951600308978,6,43,0.0483996910219986,-43.925
"77271",42,78,"paired",93,86,89.4315380612455,15,8,11.4315380612455,7,11.5,0.0684619387545098,-15.925
"77271",43,64,"unpaired",102,58,76.9155380921176,38,6,12.9155380921176,44,22,9.08446190788239,-29.925
"77271",45,121,"paired",120,133,126.33289357883,1,12,5.33289357882998,13,6.5,1.16710642117002,27.075
"77271",46,107,"paired",92,86,88.9494238317483,15,21,18.0505761682517,6,18,-0.0505761682516663,13.075
"77271",47,121,"unpaired",127,95,109.840793879141,6,26,11.1592061208588,32,16,4.84079387914122,27.075
"77271",48,135,"unpaired",143,103,121.363091588835,8,32,13.6369084111648,40,20,6.36309158883518,41.075
"77271",49,78,"paired",104,106,104.995237987253,26,28,26.9952379872534,2,27,0.00476201274656773,-15.925
"77271",51,150,"unpaired",139,94,114.306605233469,11,56,35.6933947665315,45,33.5,-2.1933947665315,56.075
"77271",52,78,"unpaired",108,89,98.0408078302091,30,11,20.0408078302091,19,20.5,0.459192169790853,-15.925
"77271",53,50,"paired",99,99,99,49,49,49,0,49,1.4210854715202e-14,-43.925
"77271",54,92,"paired",78,85,81.4248119432892,14,7,10.5751880567108,7,10.5,-0.0751880567108287,-1.925
"77271",55,121,"unpaired",120,77,96.1249187255833,1,44,24.8750812744167,43,22.5,-2.37508127441671,27.075
"77271",57,64,"paired",115,106,110.408333018844,51,42,46.4083330188442,9,46.5,0.0916669811558108,-29.925
"77271",58,121,"paired",95,96,95.4986910905066,26,25,25.5013089094934,1,25.5,-0.00130890949338891,27.075
"77271",59,135,"unpaired",125,106,115.108644332213,10,29,19.8913556677866,19,19.5,-0.391355667786613,41.075
"77271",60,150,"unpaired",127,117,121.89749792346,23,33,28.1025020765397,10,28,-0.102502076539722,56.075
"77271",61,50,"paired",80,78,78.993670632526,30,28,28.993670632526,2,29,0.0063293674740521,-43.925
"77271",63,64,"unpaired",90,87,88.4872872225157,26,23,24.4872872225157,3,24.5,0.0127127774842535,-29.925
"77271",64,135,"unpaired",119,108,113.366661766147,16,27,21.6333382338528,11,21.5,-0.133338233852811,41.075
"77271",65,107,"paired",118,118,118,11,11,11,0,11,-4.2632564145606e-14,13.075
"77271",66,64,"paired",84,73,78.3070878018076,20,9,14.3070878018076,11,14.5,0.192912198192445,-29.925
"77271",67,107,"unpaired",111,80,94.2337519151179,4,27,12.7662480848821,31,15.5,2.73375191511791,13.075
"77271",69,121,"paired",123,111,116.846052564903,2,10,4.15394743509736,12,6,1.84605256490264,27.075
"77271",70,92,"paired",108,106,106.995327000762,16,14,14.9953270007621,2,15,0.00467299923791131,-1.925
"77271",71,107,"unpaired",119,104,111.247471881387,12,3,4.247471881387,15,7.5,3.252528118613,13.075
"77271",72,50,"unpaired",59,60,59.4978991225741,9,10,9.49789912257407,1,9.5,0.00210087742593146,-43.925
"77271",73,78,"paired",81,95,87.7211491032807,3,17,9.7211491032807,14,10,0.278850896719305,-15.925
"77271",75,92,"unpaired",96,107,101.350875674559,4,15,9.35087567455943,11,9.5,0.149124325440567,-1.925
"77271",76,64,"unpaired",94,107,100.289580715047,30,43,36.2895807150473,13,36.5,0.210419284952664,-29.925
"77271",77,135,"paired",105,115,109.88630487918,30,20,25.1136951208205,10,25,-0.113695120820452,41.075
"77271",78,64,"paired",107,106,106.498826284612,43,42,42.4988262846121,1,42.5,0.00117371538786415,-29.925
"77271",79,50,"unpaired",45,110,70.3562363973515,5,60,20.3562363973515,65,32.5,12.1437636026485,-43.925
"77271",81,121,"paired",115,125,119.895788082818,6,4,1.10421191718198,10,5,3.89578808281802,27.075
"77271",82,64,"paired",109,108,108.498847920151,45,44,44.4988479201508,1,44.5,0.00115207984924837,-29.925
"77271",83,121,"unpaired",110,116,112.960169971544,11,5,8.03983002845648,6,8,-0.0398300284564783,27.075
"77271",84,50,"unpaired",72,75,73.4846922834954,22,25,23.4846922834954,3,23.5,0.0153077165046369,-43.925
"77271",85,64,"paired",84,85,84.4985206971104,20,21,20.4985206971104,1,20.5,0.00147930288956388,-29.925
"77271",87,50,"unpaired",97,84,90.266272771174,47,34,40.266272771174,13,40.5,0.233727228825956,-43.925
"77271",88,135,"unpaired",105,115,109.88630487918,30,20,25.1136951208205,10,25,-0.113695120820452,41.075
"77271",89,50,"paired",65,82,73.0068489937759,15,32,23.0068489937759,17,23.5,0.493151006224082,-43.925
"77271",90,150,"paired",113,120,116.447413024077,37,30,33.552586975923,7,33.5,-0.0525869759229494,56.075
"77271",91,92,"unpaired",110,113,111.48990985735,18,21,19.4899098573499,3,19.5,0.0100901426501423,-1.925
"77271",93,78,"paired",116,101,108.240473021878,38,23,30.2404730218785,15,30.5,0.259526978121528,-15.925
"77271",94,78,"paired",118,125,121.449578014911,40,47,43.4495780149112,7,43.5,0.0504219850887608,-15.925
"77271",95,64,"unpaired",83,110,95.5510334847301,19,46,31.5510334847301,27,32.5,0.948966515269888,-29.925
"77271",96,92,"unpaired",108,92,99.6794863550169,16,0,7.67948635501692,16,8,0.32051364498308,-1.925
"77277",1,92,"paired",87,111,98.2700361249552,5,19,6.27003612495523,24,12,5.72996387504477,-1.925
"77277",3,50,"unpaired",58,39,47.5604878023764,8,11,2.43951219762355,19,9.5,7.06048780237645,-43.925
"77277",4,107,"unpaired",109,76,91.016482023862,2,31,15.983517976138,33,16.5,0.516482023862011,13.075
"77277",5,50,"paired",54,43,48.187135212627,4,7,1.81286478737297,11,5.5,3.68713521262703,-43.925
"77277",6,78,"paired",59,69,63.8043885637971,19,9,14.1956114362029,10,14,-0.195611436202903,-15.925
"77277",7,50,"unpaired",41,41,41,9,9,8.99999999999999,0,9,7.105427357601e-15,-43.925
"77277",9,135,"paired",140,135,137.477270848675,5,0,2.47727084867523,5,2.5,0.0227291513247678,41.075
"77277",10,50,"paired",39,45,41.8927201313068,11,5,8.10727986869318,6,8,-0.107279868693183,-43.925
"77277",11,107,"unpaired",135,110,121.860576069539,28,3,14.8605760695394,25,15.5,0.639423930460566,13.075
"77277",12,92,"unpaired",86,91,88.4646822183859,6,1,3.53531778161414,5,3.5,-0.0353177816141397,-1.925
"77277",13,107,"paired",113,99,105.768615382825,6,8,1.23138461717478,14,7,5.76861538282522,13.075
"77277",15,121,"unpaired",128,127,127.499019604074,7,6,6.49901960407385,1,6.5,0.000980395926148958,27.075
"77277",16,64,"unpaired",43,53,47.73887304912,21,11,16.26112695088,10,16,-0.261126950879955,-29.925
"77277",17,92,"paired",54,78,64.8999229583518,38,14,27.1000770416482,24,26,-1.10007704164816,-1.925
"77277",18,107,"paired",67,89,77.2204636090719,40,18,29.7795363909281,22,29,-0.779536390928072,13.075
"77277",19,135,"unpaired",107,106,106.498826284612,28,29,28.5011737153879,1,28.5,-0.00117371538786415,41.075
"77277",21,92,"paired",88,75,81.2403840463596,4,17,10.7596159536404,13,10.5,-0.259615953640392,-1.925
"77277",22,92,"paired",62,72,66.8131723539603,30,20,25.1868276460397,10,25,-0.186827646039731,-1.925
"77277",23,150,"unpaired",136,122,128.809937504837,14,28,21.190062495163,14,21,-0.190062495163005,56.075
"77277",24,107,"unpaired",82,105,92.7900856772964,25,2,14.2099143227036,23,13.5,-0.709914322703639,13.075
"77277",25,107,"paired",72,112,89.7997772825746,35,5,17.2002227174254,40,20,2.79977728257458,13.075
"77277",27,121,"unpaired",83,113,96.845237363538,38,8,24.1547626364621,30,23,-1.15476263646205,27.075
"77277",28,150,"unpaired",144,140,141.985914794391,6,10,8.01408520560918,4,8,-0.0140852056091774,56.075
"77277",29,64,"paired",36,30,32.86335345031,28,34,31.13664654969,6,31,-0.136646549690042,-29.925
"77277",30,107,"paired",79,82,80.4860236314355,28,25,26.5139763685645,3,26.5,-0.0139763685644567,13.075
"77277",31,150,"unpaired",120,111,115.412304370028,30,39,34.587695629972,9,34.5,-0.0876956299719609,56.075
"77277",33,121,"paired",114,75,92.4662100445347,7,46,28.5337899554653,39,26.5,-2.03378995546532,27.075
"77277",34,50,"paired",45,49,46.9574275274956,5,1,3.04257247250441,4,3,-0.0425724725044105,-43.925
"77277",35,78,"unpaired",46,56,50.7543101617981,32,22,27.2456898382019,10,27,-0.245689838201905,-15.925
"77277",36,50,"unpaired",41,36,38.4187454245971,9,14,11.5812545754029,5,11.5,-0.0812545754029088,-43.925
"77277",37,135,"paired",109,122,115.316954521007,26,13,19.683045478993,13,19.5,-0.183045478993037,41.075
"77277",39,78,"unpaired",84,56,68.585712797929,6,22,9.41428720207101,28,14,4.58571279792899,-15.925
"77277",40,121,"unpaired",96,109,102.293694820355,25,12,18.7063051796446,13,18.5,-0.206305179644644,27.075
"77277",41,50,"paired",35,36,35.4964786985977,15,14,14.5035213014023,1,14.5,-0.00352130140230145,-43.925
"77277",42,78,"paired",57,70,63.166446789415,21,8,14.833553210585,13,14.5,-0.333553210584959,-15.925
"77277",43,64,"unpaired",45,54,49.295030175465,19,10,14.704969824535,9,14.5,-0.204969824535048,-29.925
"77277",45,121,"paired",119,120,119.498953970317,2,1,1.50104602968275,1,1.5,-0.00104602968275458,27.075
"77277",46,107,"paired",117,109,112.929181348312,10,2,5.92918134831227,8,6,0.0708186516877305,13.075
"77277",47,121,"unpaired",125,113,118.848643240047,4,8,2.15135675995278,12,6,3.84864324004722,27.075
"77277",48,135,"unpaired",82,133,104.431795924421,53,2,30.5682040755786,51,27.5,-3.06820407557863,41.075
"77277",49,78,"paired",47,53,49.9099188538711,31,25,28.0900811461289,6,28,-0.0900811461288882,-15.925
"77277",51,150,"unpaired",110,118,113.929802949009,40,32,36.070197050991,8,36,-0.070197050991041,56.075
"77277",52,78,"unpaired",65,47,55.2720544217419,13,31,22.7279455782581,18,22,-0.727945578258101,-15.925
"77277",53,50,"paired",40,45,42.4264068711928,10,5,7.57359312880716,5,7.5,-0.0735931288071612,-43.925
"77277",54,92,"paired",69,62,65.4064217030713,23,30,26.5935782969287,7,26.5,-0.0935782969286549,-1.925
"77277",55,121,"unpaired",79,79,79,42,42,42,0,42,0,27.075
"77277",57,64,"paired",41,34,37.3363094051889,23,30,26.6636905948111,7,26.5,-0.163690594811058,-29.925
"77277",58,121,"paired",75,107,89.5823643358446,46,14,31.4176356641554,32,30,-1.41763566415541,27.075
"77277",59,135,"unpaired",115,120,117.473401244707,20,15,17.5265987552927,5,17.5,-0.0265987552926958,41.075
"77277",60,150,"unpaired",139,129,133.906683925785,11,21,16.0933160742154,10,16,-0.0933160742154087,56.075
"77277",61,50,"paired",40,39,39.496835316263,10,11,10.503164683737,1,10.5,-0.00316468373699763,-43.925
"77277",63,64,"unpaired",53,48,50.438080851674,11,16,13.561919148326,5,13.5,-0.0619191483260266,-29.925
"77277",64,135,"unpaired",106,75,89.1627725006351,29,60,45.8372274993649,31,44.5,-1.33722749936494,41.075
"77277",65,107,"paired",74,67,70.4130669691358,33,40,36.5869330308642,7,36.5,-0.0869330308642162,13.075
"77277",66,64,"paired",51,46,48.4355241532493,13,18,15.5644758467507,5,15.5,-0.0644758467506534,-29.925
"77277",67,107,"unpaired",58,65,61.400325732035,49,42,45.599674267965,7,45.5,-0.099674267965014,13.075
"77277",69,121,"paired",111,107,108.98164983152,10,14,12.0183501684802,4,12,-0.0183501684802394,27.075
"77277",70,92,"paired",60,71,65.2686754883229,32,21,26.7313245116771,11,26.5,-0.23132451167713,-1.925
"77277",71,107,"unpaired",85,109,96.2548700066651,22,2,10.7451299933349,24,12,1.25487000666512,13.075
"77277",72,50,"unpaired",50,41,45.2769256906871,0,9,4.72307430931293,9,4.5,-0.223074309312928,-43.925
"77277",73,78,"paired",41,63,50.8232230382922,37,15,27.1767769617078,22,26,-1.17677696170775,-15.925
"77277",75,92,"unpaired",85,84,84.4985206971104,7,8,7.50147930288956,1,7.5,-0.00147930288956388,-1.925
"77277",76,64,"unpaired",49,68,57.7234787586472,15,4,6.27652124135276,19,9.5,3.22347875864724,-29.925
"77277",77,135,"paired",114,118,115.982757339184,21,17,19.0172426608161,4,19,-0.0172426608161373,41.075
"77277",78,64,"paired",74,61,67.1863081289633,10,3,3.18630812896332,13,6.5,3.31369187103668,-29.925
"77277",79,50,"unpaired",36,36,36,14,14,14,0,14,0,-43.925
"77277",81,121,"paired",111,83,95.9843737282273,10,38,25.0156262717727,28,24,-1.0156262717727,27.075
"77277",82,64,"paired",60,65,62.449979983984,4,1,1.55002001601603,5,2.5,0.949979983983965,-29.925
"77277",83,121,"unpaired",112,111,111.498878918131,9,10,9.5011210818692,1,9.5,-0.00112108186920068,27.075
"77277",84,50,"unpaired",48,41,44.3621460256377,2,9,5.63785397436232,7,5.5,-0.137853974362315,-43.925
"77277",85,64,"paired",51,39,44.5982062419555,13,25,19.4017937580445,12,19,-0.401793758044498,-29.925
"77277",87,50,"unpaired",46,52,48.9080770425499,4,2,1.09192295745007,6,3,1.90807704254993,-43.925
"77277",88,135,"unpaired",107,108,107.498837203014,28,27,27.5011627969865,1,27.5,-0.00116279698646338,41.075
"77277",89,50,"paired",41,42,41.4969878424929,9,8,8.50301215750713,1,8.5,-0.00301215750712913,-43.925
"77277",90,150,"paired",117,91,103.184301131519,33,59,46.815698868481,26,46,-0.815698868480979,56.075
"77277",91,92,"unpaired",62,65,63.4822809924155,30,27,28.5177190075845,3,28.5,-0.0177190075844962,-1.925
"77277",93,78,"paired",67,87,76.3478879865056,11,9,1.65211201349442,20,10,8.34788798650558,-15.925
"77277",94,78,"paired",50,66,57.4456264653803,28,12,20.5543735346197,16,20,-0.554373534619714,-15.925
"77277",95,64,"unpaired",60,66,62.928530890209,4,2,1.07146910979095,6,3,1.92853089020905,-29.925
"77277",96,92,"unpaired",76,105,89.3308457365092,16,13,2.6691542634908,29,14.5,11.8308457365092,-1.925
"77278",1,92,"paired",90,85,87.4642784226795,2,7,4.53572157732049,5,4.5,-0.0357215773204871,-1.925
"77278",3,50,"unpaired",44,60,51.3809303146605,6,10,1.3809303146605,16,8,6.6190696853395,-43.925
"77278",4,107,"unpaired",116,114,114.99565209172,9,7,7.99565209172042,2,8,0.00434790827958409,13.075
"77278",5,50,"paired",36,41,38.4187454245971,14,9,11.5812545754029,5,11.5,-0.0812545754029088,-43.925
"77278",6,78,"paired",84,81,82.4863625092052,6,3,4.48636250920516,3,4.5,0.0136374907948351,-15.925
"77278",7,50,"unpaired",60,45,51.9615242270663,10,5,1.96152422706631,15,7.5,5.53847577293369,-43.925
"77278",9,135,"paired",111,108,109.489725545368,24,27,25.5102744546321,3,25.5,-0.0102744546320963,41.075
"77278",10,50,"paired",57,60,58.4807660688538,7,10,8.48076606885378,3,8.5,0.0192339311462177,-43.925
"77278",11,107,"unpaired",86,118,100.737282075704,21,11,6.26271792429583,32,16,9.73728207570417,13.075
"77278",12,92,"unpaired",111,112,111.498878918131,19,20,19.4988789181308,1,19.5,0.00112108186920068,-1.925
"77278",13,107,"paired",85,119,100.573356312693,22,12,6.42664368730655,34,17,10.5733563126934,13.075
"77278",15,121,"unpaired",130,123,126.451571757729,9,2,5.45157175772862,7,5.5,0.0484282422713846,27.075
"77278",16,64,"unpaired",45,63,53.2447180478965,19,1,10.7552819521035,18,10,-0.755281952103459,-29.925
"77278",17,92,"paired",73,73,73,19,19,19,0,19,-1.4210854715202e-14,-1.925
"77278",18,107,"paired",80,77,78.4856674813943,27,30,28.5143325186057,3,28.5,-0.01433251860567,13.075
"77278",19,135,"unpaired",119,113,115.961200407723,16,22,19.0387995922773,6,19,-0.0387995922773428,41.075
"77278",21,92,"paired",106,106,106,14,14,14,0,14,2.8421709430404e-14,-1.925
"77278",22,92,"paired",69,68,68.4981751581749,23,24,23.5018248418251,1,23.5,-0.00182484182514031,-1.925
"77278",23,150,"unpaired",128,139,133.386656004265,22,11,16.6133439957354,11,16.5,-0.113343995735448,56.075
"77278",24,107,"unpaired",124,122,122.995934892174,17,15,15.9959348921744,2,16,0.00406510782559621,13.075
"77278",25,107,"paired",117,123,119.962494138793,10,16,12.9624941387933,6,13,0.0375058612067249,13.075
"77278",27,121,"unpaired",120,116,117.983049630021,1,5,3.01695036997901,4,3,-0.0169503699790141,27.075
"77278",28,150,"unpaired",134,131,132.491509161908,16,19,17.5084908380919,3,17.5,-0.00849083809191598,56.075
"77278",29,64,"paired",51,56,53.4415568635496,13,8,10.5584431364504,5,10.5,-0.0584431364504283,-29.925
"77278",30,107,"paired",105,105,105,2,2,2.00000000000003,0,2,-2.8421709430404e-14,13.075
"77278",31,150,"unpaired",115,130,122.270192606375,35,20,27.7298073936252,15,27.5,-0.229807393625165,56.075
"77278",33,121,"paired",116,117,116.498927033686,5,4,4.50107296631445,1,4.5,-0.00107296631445308,27.075
"77278",34,50,"paired",38,37,37.4966665185053,12,13,12.5033334814947,1,12.5,-0.00333348149466417,-43.925
"77278",35,78,"unpaired",74,73,73.4982993000519,4,5,4.50170069994812,1,4.5,-0.00170069994811684,-15.925
"77278",36,50,"unpaired",38,39,38.4967531098403,12,11,11.5032468901597,1,11.5,-0.00324689015968715,-43.925
"77278",37,135,"paired",126,127,126.499011853848,9,8,8.50098814615185,1,8.5,-0.000988146151854608,41.075
"77278",39,78,"unpaired",63,94,76.954532030284,15,16,1.04546796971604,31,15.5,14.454532030284,-15.925
"77278",40,121,"unpaired",137,130,133.454111963626,16,9,12.4541119636259,7,12.5,0.0458880363740946,27.075
"77278",41,50,"paired",40,49,44.2718872423573,10,1,5.72811275764269,9,5.5,-0.228112757642691,-43.925
"77278",42,78,"paired",92,86,88.9494238317483,14,8,10.9494238317483,6,11,0.0505761682516663,-15.925
"77278",43,64,"unpaired",58,71,64.1716448285378,6,7,0.171644828537779,13,6.5,6.32835517146222,-29.925
"77278",45,121,"paired",105,108,106.489436095793,16,13,14.510563904207,3,14.5,-0.0105639042069612,27.075
"77278",46,107,"paired",114,113,113.498898673071,7,6,6.49889867307091,1,6.5,0.00110132692908849,13.075
"77278",47,121,"unpaired",126,129,127.491176165255,5,8,6.49117616525466,3,6.5,0.00882383474534265,27.075
"77278",48,135,"unpaired",130,134,131.984847615171,5,1,3.0151523848287,4,3,-0.0151523848286956,41.075
"77278",49,78,"paired",63,62,62.497999967999,15,16,15.502000032001,1,15.5,-0.00200003200102117,-15.925
"77278",51,150,"unpaired",129,138,133.424135747623,21,12,16.5758642523775,9,16.5,-0.0758642523774711,56.075
"77278",52,78,"unpaired",67,73,69.9356847396235,11,5,8.06431526037655,6,8,-0.0643152603765458,-15.925
"77278",53,50,"paired",38,37,37.4966665185053,12,13,12.5033334814947,1,12.5,-0.00333348149466417,-43.925
"77278",54,92,"paired",75,76,75.4983443527075,17,16,16.5016556472925,1,16.5,-0.00165564729250889,-1.925
"77278",55,121,"unpaired",112,112,112,9,9,9.00000000000004,0,9,-4.2632564145606e-14,27.075
"77278",57,64,"paired",60,56,57.9655069847578,4,8,6.03449301524222,4,6,-0.0344930152422194,-29.925
"77278",58,121,"paired",120,121,120.498962651136,1,0,0.501037348863505,1,0.5,-0.00103734886350537,27.075
"77278",59,135,"unpaired",126,122,123.983869918631,9,13,11.016130081369,4,11,-0.0161300813690417,41.075
"77278",60,150,"unpaired",126,134,129.938446966246,24,16,20.0615530337537,8,20,-0.0615530337537393,56.075
"77278",61,50,"paired",39,40,39.496835316263,11,10,10.503164683737,1,10.5,-0.00316468373699763,-43.925
"77278",63,64,"unpaired",61,62,61.4979674460872,3,2,2.5020325539128,1,2.5,-0.00203255391279811,-29.925
"77278",64,135,"unpaired",114,110,111.982141433355,21,25,23.0178585666446,4,23,-0.0178585666446196,41.075
"77278",65,107,"paired",85,70,77.1362431027076,22,37,29.8637568972924,15,29.5,-0.363756897292376,13.075
"77278",66,64,"paired",56,58,56.9912273951,8,6,7.00877260489999,2,7,-0.00877260489998832,-29.925
"77278",67,107,"unpaired",90,119,103.489129863962,17,12,3.51087013603791,29,14.5,10.9891298639621,13.075
"77278",69,121,"paired",112,114,112.995575134604,9,7,8.00442486539573,2,8,-0.00442486539573395,27.075
"77278",70,92,"paired",113,113,113,21,21,21,0,21,-2.8421709430404e-14,-1.925
"77278",71,107,"unpaired",113,120,116.447413024077,6,13,9.44741302407705,7,9.5,0.0525869759229494,13.075
"77278",72,50,"unpaired",33,47,39.3827373350304,17,3,10.6172626649696,14,10,-0.617262664969559,-43.925
"77278",73,78,"paired",56,62,58.923679450625,22,16,19.076320549375,6,19,-0.0763205493750192,-15.925
"77278",75,92,"unpaired",97,120,107.888831674089,5,28,15.8888316740894,23,16.5,0.61116832591064,-1.925
"77278",76,64,"unpaired",58,60,58.9915248150105,6,4,5.00847518498951,2,5,-0.00847518498951416,-29.925
"77278",77,135,"paired",131,117,123.80226169178,4,18,11.1977383082199,14,11,-0.197738308219925,41.075
"77278",78,64,"paired",65,63,63.9921870231046,1,1,0.00781297689538718,2,1,0.992187023104613,-29.925
"77278",79,50,"unpaired",32,47,38.7814388593306,18,3,11.2185611406694,15,10.5,-0.71856114066938,-43.925
"77278",81,121,"paired",124,126,124.995999935998,3,5,3.99599993599796,2,4,0.00400006400204234,27.075
"77278",82,64,"paired",78,73,75.458597919654,14,9,11.458597919654,5,11.5,0.041402080346046,-29.925
"77278",83,121,"unpaired",127,124,125.491035536408,6,3,4.49103553640801,3,4.5,0.00896446359199388,27.075
"77278",84,50,"unpaired",50,53,51.478150704935,0,3,1.478150704935,3,1.5,0.021849295064996,-43.925
"77278",85,64,"paired",65,62,63.4822809924155,1,2,0.517719007584496,3,1.5,0.982280992415504,-29.925
"77278",87,50,"unpaired",47,48,47.4973683481517,3,2,2.50263165184832,1,2.5,-0.00263165184831848,-43.925
"77278",88,135,"unpaired",129,119,123.899152539475,6,16,11.1008474605254,10,11,-0.100847460525372,41.075
"77278",89,50,"paired",108,72,88.1816307401945,58,22,38.1816307401945,36,40,1.81836925980554,-43.925
"77278",90,150,"paired",124,119,121.474277112482,26,31,28.5257228875183,5,28.5,-0.0257228875182562,56.075
"77278",91,92,"unpaired",69,85,76.5832879941832,23,7,15.4167120058168,16,15,-0.416712005816848,-1.925
"77278",93,78,"paired",73,74,73.4982993000519,5,4,4.50170069994812,1,4.5,-0.00170069994811684,-15.925
"77278",94,78,"paired",78,71,74.4177398205562,0,7,3.58226017944378,7,3.5,-0.0822601794437787,-15.925
"77278",95,64,"unpaired",83,65,73.4506637138154,19,1,9.45066371381544,18,10,0.549336286184555,-29.925
"77278",96,92,"unpaired",122,89,104.201727432898,30,3,12.2017274328981,33,16.5,4.29827256710189,-1.925
"77475",1,92,"paired",64,77,70.199715099137,28,15,21.800284900863,13,21.5,-0.300284900862991,-1.925
"77475",3,50,"unpaired",52,43,47.2863616701476,2,7,2.71363832985244,9,4.5,1.78636167014756,-43.925
"77475",4,107,"unpaired",89,86,87.4871419123976,18,21,19.5128580876024,3,19.5,-0.0128580876024103,13.075
"77475",5,50,"paired",57,46,51.2054684579684,7,4,1.20546845796844,11,5.5,4.29453154203156,-43.925
"77475",6,78,"paired",64,59,61.4491659829489,14,19,16.5508340170511,5,16.5,-0.0508340170511374,-15.925
"77475",7,50,"unpaired",46,40,42.8952211790544,4,10,7.10477882094558,6,7,-0.104778820945576,-43.925
"77475",9,135,"paired",84,86,84.9941174435031,51,49,50.0058825564969,2,50,-0.00588255649691405,41.075
"77475",10,50,"paired",46,62,53.4041196912748,4,12,3.40411969127476,16,8,4.59588030872524,-43.925
"77475",11,107,"unpaired",74,86,79.7746827007166,33,21,27.2253172992834,12,27,-0.225317299283446,13.075
"77475",12,92,"unpaired",70,81,75.2994023880668,22,11,16.7005976119332,11,16.5,-0.200597611933176,-1.925
"77475",13,107,"paired",69,75,71.9374728496908,38,32,35.0625271503092,6,35,-0.0625271503091795,13.075
"77475",15,121,"unpaired",84,91,87.4299719775776,37,30,33.5700280224224,7,33.5,-0.0700280224224485,27.075
"77475",16,64,"unpaired",76,69,72.4154679609267,12,5,8.41546796092666,7,8.5,0.0845320390733377,-29.925
"77475",17,92,"paired",68,77,72.3602100605022,24,15,19.6397899394978,9,19.5,-0.139789939497845,-1.925
"77475",18,107,"paired",77,82,79.4606821012757,30,25,27.5393178987243,5,27.5,-0.0393178987242919,13.075
"77475",19,135,"unpaired",80,82,80.9938269252663,55,53,54.0061730747337,2,54,-0.00617307473369522,41.075
"77475",21,92,"paired",77,80,78.4856674813943,15,12,13.5143325186057,3,13.5,-0.01433251860567,-1.925
"77475",22,92,"paired",85,90,87.4642784226795,7,2,4.53572157732049,5,4.5,-0.0357215773204871,-1.925
"77475",23,150,"unpaired",85,95,89.8610037780571,65,55,60.1389962219429,10,60,-0.13899622194289,56.075
"77475",24,107,"unpaired",80,78,78.993670632526,27,29,28.0063293674741,2,28,-0.0063293674740521,13.075
"77475",25,107,"paired",81,84,82.4863625092052,26,23,24.5136374907948,3,24.5,-0.0136374907948351,13.075
"77475",27,121,"unpaired",87,91,88.9775252521669,34,30,32.0224747478331,4,32,-0.0224747478331011,27.075
"77475",28,150,"unpaired",94,100,96.9535971483266,56,50,53.0464028516734,6,53,-0.0464028516733634,56.075
"77475",29,64,"paired",51,47,48.9591666595746,13,17,15.0408333404254,4,15,-0.0408333404254293,-29.925
"77475",30,107,"paired",80,84,81.9756061276768,27,23,25.0243938723232,4,25,-0.0243938723232446,13.075
"77475",31,150,"unpaired",77,94,85.0764362206128,73,56,64.9235637793872,17,64.5,-0.423563779387209,56.075
"77475",33,121,"paired",79,83,80.9753048774748,42,38,40.0246951225252,4,40,-0.0246951225251877,27.075
"77475",34,50,"paired",50,55,52.4404424085076,0,5,2.44044240850757,5,2.5,0.0595575914924282,-43.925
"77475",35,78,"unpaired",44,72,56.2849891178811,34,6,21.7150108821189,28,20,-1.71501088211886,-15.925
"77475",36,50,"unpaired",25,36,30,25,14,20,11,19.5,-0.500000000000011,-43.925
"77475",37,135,"paired",84,97,90.266272771174,51,38,44.733727228826,13,44.5,-0.233727228825956,41.075
"77475",39,78,"unpaired",74,66,69.8856208386246,4,12,8.11437916137537,8,8,-0.114379161375368,-15.925
"77475",40,121,"unpaired",89,92,90.487568206909,32,29,30.5124317930911,3,30.5,-0.0124317930910536,27.075
"77475",41,50,"paired",31,40,35.213633723318,19,10,14.786366276682,9,14.5,-0.286366276681974,-43.925
"77475",42,78,"paired",80,84,81.9756061276768,2,6,3.97560612767676,4,4,0.0243938723232446,-15.925
"77475",43,64,"unpaired",57,78,66.6783323126786,7,14,2.67833231267861,21,10.5,7.82166768732139,-29.925
"77475",45,121,"paired",83,87,84.9764673306675,38,34,36.0235326693325,4,36,-0.0235326693324964,27.075
"77475",46,107,"paired",93,96,94.4880944881417,14,11,12.5119055118583,3,12.5,-0.0119055118582594,13.075
"77475",47,121,"unpaired",92,95,93.487967140162,29,26,27.512032859838,3,27.5,-0.0120328598380013,27.075
"77475",48,135,"unpaired",98,95,96.4883412646315,37,40,38.5116587353685,3,38.5,-0.0116587353684707,41.075
"77475",49,78,"paired",79,73,75.9407663906547,1,5,2.05923360934528,6,3,0.940766390654716,-15.925
"77475",51,150,"unpaired",92,94,92.9946235005013,58,56,57.0053764994987,2,57,-0.00537649949868069,56.075
"77475",52,78,"unpaired",86,74,79.7746827007166,8,4,1.77468270071655,12,6,4.22531729928345,-15.925
"77475",53,50,"paired",65,37,49.0407993409569,15,13,0.959200659043084,28,14,13.0407993409569,-43.925
"77475",54,92,"paired",76,79,77.485482511242,16,13,14.514517488758,3,14.5,-0.0145174887579742,-1.925
"77475",55,121,"unpaired",97,88,92.3904756996088,24,33,28.6095243003912,9,28.5,-0.1095243003912,27.075
"77475",57,64,"paired",72,74,72.9931503635786,8,10,8.99315036357865,2,9,0.00684963642135017,-29.925
"77475",58,121,"paired",93,91,91.9945650568554,28,30,29.0054349431446,2,29,-0.00543494314460702,27.075
"77475",59,135,"unpaired",87,94,90.4322951162913,48,41,44.5677048837087,7,44.5,-0.0677048837086858,41.075
"77475",60,150,"unpaired",99,93,95.9531135503169,51,57,54.0468864496831,6,54,-0.0468864496830861,56.075
"77475",61,50,"paired",42,62,51.0294032886923,8,12,1.02940328869231,20,10,8.97059671130769,-43.925
"77475",63,64,"unpaired",69,60,64.3428317685816,5,4,0.342831768581647,9,4.5,4.15716823141835,-29.925
"77475",64,135,"unpaired",94,94,94,41,41,41,0,41,0,41.075
"77475",65,107,"paired",79,86,82.4257241399795,28,21,24.5742758600205,7,24.5,-0.0742758600205491,13.075
"77475",66,64,"paired",51,56,53.4415568635496,13,8,10.5584431364504,5,10.5,-0.0584431364504283,-29.925
"77475",67,107,"unpaired",90,54,69.7137002317335,17,53,37.2862997682665,36,35,-2.28629976826649,13.075
"77475",69,121,"paired",81,86,83.4625664594613,40,35,37.5374335405387,5,37.5,-0.0374335405387001,27.075
"77475",70,92,"paired",70,76,72.9383301152419,22,16,19.0616698847581,6,19,-0.061669884758075,-1.925
"77475",71,107,"unpaired",69,87,77.4790294208697,38,20,29.5209705791303,18,29,-0.520970579130278,13.075
"77475",72,50,"unpaired",38,32,34.8711915483254,12,18,15.1288084516746,6,15,-0.128808451674608,-43.925
"77475",73,78,"paired",60,60,60,18,18,18,0,18,-1.4210854715202e-14,-15.925
"77475",75,92,"unpaired",72,85,78.2304288624318,20,7,13.7695711375682,13,13.5,-0.269571137568235,-1.925
"77475",76,64,"unpaired",51,61,55.7763390695374,13,3,8.22366093046265,10,8,-0.22366093046265,-29.925
"77475",77,135,"paired",78,85,81.4248119432892,57,50,53.5751880567108,7,53.5,-0.0751880567108287,41.075
"77475",78,64,"paired",66,56,60.7947366142827,2,8,3.20526338571734,10,5,1.79473661428266,-29.925
"77475",79,50,"unpaired",35,45,39.6862696659688,15,5,10.3137303340312,10,10,-0.313730334031156,-43.925
"77475",81,121,"paired",93,97,94.9789450352024,28,24,26.0210549647976,4,26,-0.0210549647975711,27.075
"77475",82,64,"paired",76,67,71.3582510996451,12,3,7.35825109964512,9,7.5,0.141748900354884,-29.925
"77475",83,121,"unpaired",93,93,93,28,28,28,0,28,2.8421709430404e-14,27.075
"77475",84,50,"unpaired",38,63,48.9285192909003,12,13,1.07148070909973,25,12.5,11.4285192909003,-43.925
"77475",85,64,"paired",54,62,57.8619045659577,10,2,6.13809543404229,8,6,-0.138095434042292,-29.925
"77475",87,50,"unpaired",60,78,68.4105255059483,10,28,18.4105255059483,18,19,0.589474494051728,-43.925
"77475",88,135,"unpaired",94,93,93.4986630920464,41,42,41.5013369079536,1,41.5,-0.00133690795362895,41.075
"77475",89,50,"paired",43,52,47.2863616701476,7,2,2.71363832985244,9,4.5,1.78636167014756,-43.925
"77475",90,150,"paired",90,92,90.9945053286186,60,58,59.0054946713814,2,59,-0.00549467138138482,56.075
"77475",91,92,"unpaired",65,79,71.6589143093865,27,13,20.3410856906135,14,20,-0.341085690613497,-1.925
"77475",93,78,"paired",75,80,77.4596669241483,3,2,0.540333075851692,5,2.5,1.95966692414831,-15.925
"77475",94,78,"paired",72,79,75.4188305398592,6,1,2.58116946014079,7,3.5,0.918830539859215,-15.925
"77475",95,64,"unpaired",70,69,69.4982014155762,6,5,5.49820141557623,1,5.5,0.00179858442376712,-29.925
"77475",96,92,"unpaired",94,83,88.3289307078944,2,9,3.67106929210561,11,5.5,1.82893070789439,-1.925
"77522",1,92,"paired",87,75,80.7774721070175,5,17,11.2225278929825,12,11,-0.222527892982455,-1.925
"77522",3,50,"unpaired",54,47,50.37856687124,4,3,0.378566871239997,7,3.5,3.12143312876,-43.925
"77522",4,107,"unpaired",80,63,70.9929573971954,27,44,36.0070426028046,17,35.5,-0.507042602804589,13.075
"77522",5,50,"paired",45,47,45.9891291502677,5,3,4.01087084973233,2,4,-0.0108708497323349,-43.925
"77522",6,78,"paired",65,79,71.6589143093865,13,1,6.3410856906135,14,7,0.658914309386503,-15.925
"77522",7,50,"unpaired",34,78,51.4975727583349,16,28,1.49757275833493,44,22,20.5024272416651,-43.925
"77522",9,135,"paired",109,116,112.445542374965,26,19,22.5544576250353,7,22.5,-0.0544576250352975,41.075
"77522",10,50,"paired",64,59,61.4491659829489,14,9,11.4491659829489,5,11.5,0.0508340170511374,-43.925
"77522",11,107,"unpaired",91,89,89.9944442729661,16,18,17.0055557270339,2,17,-0.00555572703392215,13.075
"77522",12,92,"unpaired",105,78,90.4986187739901,13,14,1.50138122600988,27,13.5,11.9986187739901,-1.925
"77522",13,107,"paired",96,81,88.1816307401945,11,26,18.8183692598055,15,18.5,-0.318369259805536,13.075
"77522",15,121,"unpaired",97,105,100.920760995942,24,16,20.0792390040583,8,20,-0.0792390040582944,27.075
"77522",16,64,"unpaired",57,85,69.6060342211795,7,21,5.60603422117946,28,14,8.39396577882054,-29.925
"77522",17,92,"paired",68,60,63.8748776906852,24,32,28.1251223093148,8,28,-0.125122309314754,-1.925
"77522",18,107,"paired",84,85,84.4985206971104,23,22,22.5014793028896,1,22.5,-0.00147930288956388,13.075
"77522",19,135,"unpaired",84,90,86.9482604771366,51,45,48.0517395228634,6,48,-0.0517395228633859,41.075
"77522",21,92,"paired",60,62,60.9918027279076,32,30,31.0081972720924,2,31,-0.00819727209238152,-1.925
"77522",22,92,"paired",87,86,86.4985549012236,5,6,5.50144509877637,1,5.5,-0.00144509877637233,-1.925
"77522",23,150,"unpaired",75,116,93.2737905308882,75,34,56.7262094691118,41,54.5,-2.22620946911184,56.075
"77522",24,107,"unpaired",82,114,96.6850557221746,25,7,10.3149442778254,32,16,5.68505572217458,13.075
"77522",25,107,"paired",79,67,72.7530068107154,28,40,34.2469931892846,12,34,-0.246993189284623,13.075
"77522",27,121,"unpaired",107,108,107.498837203014,14,13,13.5011627969865,1,13.5,-0.00116279698646338,27.075
"77522",28,150,"unpaired",116,111,113.472463620034,34,39,36.5275363799658,5,36.5,-0.0275363799657526,56.075
"77522",29,64,"paired",58,60,58.9915248150105,6,4,5.00847518498951,2,5,-0.00847518498951416,-29.925
"77522",30,107,"paired",111,113,111.99553562531,4,6,4.99553562530959,2,5,0.00446437469041427,13.075
"77522",31,150,"unpaired",89,111,99.3931587182941,61,39,50.6068412817059,22,50,-0.606841281705883,56.075
"77522",33,121,"paired",89,85,86.9770084562581,32,36,34.0229915437419,4,34,-0.0229915437418526,27.075
"77522",34,50,"paired",77,79,77.9935894801618,27,29,27.9935894801618,2,28,0.00641051983818386,-43.925
"77522",35,78,"unpaired",55,76,64.6529195009784,23,2,13.3470804990216,21,12.5,-0.847080499021573,-15.925
"77522",36,50,"unpaired",48,50,48.9897948556636,2,0,1.01020514433643,2,1,-0.0102051443364317,-43.925
"77522",37,135,"paired",75,83,78.8986691902975,60,52,56.1013308097025,8,56,-0.101330809702503,41.075
"77522",39,78,"unpaired",46,66,55.0999092558236,32,12,22.9000907441764,20,22,-0.900090744176367,-15.925
"77522",40,121,"unpaired",87,74,80.2371485036701,34,47,40.7628514963299,13,40.5,-0.262851496329901,27.075
"77522",41,50,"paired",53,42,47.1805044483418,3,8,2.8194955516582,11,5.5,2.6805044483418,-43.925
"77522",42,78,"paired",78,76,76.9935062196807,0,2,1.00649378031933,2,1,-0.00649378031933168,-15.925
"77522",43,64,"unpaired",47,62,53.9814783050631,17,2,10.0185216949369,15,9.5,-0.518521694936886,-29.925
"77522",45,121,"paired",74,76,74.9933330370107,47,45,46.0066669629893,2,46,-0.00666696298925729,27.075
"77522",46,107,"paired",87,88,87.4985714169094,20,19,19.5014285830906,1,19.5,-0.00142858309055782,13.075
"77522",47,121,"unpaired",71,104,85.9302042357634,50,17,35.0697957642366,33,33.5,-1.56979576423663,27.075
"77522",48,135,"unpaired",93,107,99.7546991374342,42,28,35.2453008625658,14,35,-0.245300862565841,41.075
"77522",49,78,"paired",41,45,42.9534631898291,37,33,35.0465368101709,4,35,-0.0465368101709416,-15.925
"77522",51,150,"unpaired",106,104,104.995237987253,44,46,45.0047620127466,2,45,-0.00476201274656773,56.075
"77522",52,78,"unpaired",53,70,60.9097693313642,25,8,17.0902306686358,17,16.5,-0.590230668635755,-15.925
"77522",53,50,"paired",43,43,43,7,7,7,0,7,0,-43.925
"77522",54,92,"paired",75,76,75.4983443527075,17,16,16.5016556472925,1,16.5,-0.00165564729250889,-1.925
"77522",55,121,"unpaired",58,85,70.2139587261679,63,36,50.7860412738321,27,49.5,-1.28604127383214,27.075
"77522",57,64,"paired",48,48,48,16,16,16,0,16,7.105427357601e-15,-29.925
"77522",58,121,"paired",78,109,92.2062904578641,43,12,28.7937095421359,31,27.5,-1.29370954213587,27.075
"77522",59,135,"unpaired",66,107,84.0357066966179,69,28,50.9642933033821,41,48.5,-2.46429330338211,41.075
"77522",60,150,"unpaired",97,112,104.230513766363,53,38,45.769486233637,15,45.5,-0.269486233636997,56.075
"77522",61,50,"paired",61,52,56.3205113613149,11,2,6.32051136131491,9,6.5,0.179488638685086,-43.925
"77522",63,64,"unpaired",63,66,64.482555780614,1,2,0.482555780613993,3,1.5,1.01744421938601,-29.925
"77522",64,135,"unpaired",83,78,80.4611707595658,52,57,54.5388292404342,5,54.5,-0.0388292404341968,41.075
"77522",65,107,"paired",79,76,77.485482511242,28,31,29.514517488758,3,29.5,-0.0145174887579742,13.075
"77522",66,64,"paired",58,64,60.9261848469112,6,0,3.07381515308875,6,3,-0.0738151530887521,-29.925
"77522",67,107,"unpaired",76,66,70.8237248385031,31,41,36.1762751614969,10,36,-0.176275161496918,13.075
"77522",69,121,"paired",77,75,75.9934207678533,44,46,45.0065792321467,2,45,-0.00657923214667733,27.075
"77522",70,92,"paired",73,83,77.8395786216755,19,9,14.1604213783245,10,14,-0.1604213783245,-1.925
"77522",71,107,"unpaired",89,86,87.4871419123976,18,21,19.5128580876024,3,19.5,-0.0128580876024103,13.075
"77522",72,50,"unpaired",54,51,52.4785670536077,4,1,2.47856705360772,3,2.5,0.0214329463922809,-43.925
"77522",73,78,"paired",57,60,58.4807660688538,21,18,19.5192339311462,3,19.5,-0.0192339311462177,-15.925
"77522",75,92,"unpaired",71,57,63.6160357142757,21,35,28.3839642857243,14,28,-0.383964285724304,-1.925
"77522",76,64,"unpaired",62,61,61.4979674460872,2,3,2.5020325539128,1,2.5,-0.00203255391279811,-29.925
"77522",77,135,"paired",85,87,85.9941858499748,50,48,49.0058141500252,2,49,-0.00581415002523045,41.075
"77522",78,64,"paired",60,71,65.2686754883229,4,7,1.26867548832287,11,5.5,4.23132451167713,-29.925
"77522",79,50,"unpaired",42,64,51.8459255872629,8,14,1.84592558726289,22,11,9.15407441273711,-43.925
"77522",81,121,"paired",77,80,78.4856674813943,44,41,42.5143325186057,3,42.5,-0.01433251860567,27.075
"77522",82,64,"paired",69,74,71.4562803397994,5,10,7.45628033979941,5,7.5,0.043719660200594,-29.925
"77522",83,121,"unpaired",77,92,84.1665016500033,44,29,36.8334983499967,15,36.5,-0.333498349996731,27.075
"77522",84,50,"unpaired",51,69,59.3211597998556,1,19,9.32115979985556,18,10,0.678840200144442,-43.925
"77522",85,64,"paired",46,45,45.4972526643093,18,19,18.5027473356907,1,18.5,-0.00274733569069951,-29.925
"77522",87,50,"unpaired",53,57,54.9636243346452,3,7,4.96362433464517,4,5,0.0363756653548251,-43.925
"77522",88,135,"unpaired",69,108,86.324967419629,66,27,48.675032580371,39,46.5,-2.17503258037098,41.075
"77522",89,50,"paired",69,65,66.9701426010129,19,15,16.9701426010129,4,17,0.0298573989871187,-43.925
"77522",90,150,"paired",106,112,108.95870777501,44,38,41.0412922249901,6,41,-0.0412922249901442,56.075
"77522",91,92,"unpaired",67,84,75.0199973340441,25,8,16.9800026659559,17,16.5,-0.480002665955851,-1.925
"77522",93,78,"paired",68,66,66.9925368977769,10,12,11.0074631022231,2,11,-0.00746310222307045,-15.925
"77522",94,78,"paired",76,79,77.485482511242,2,1,0.514517488757974,3,1.5,0.985482511242026,-15.925
"77522",95,64,"unpaired",60,64,61.9677335393187,4,0,2.03226646068135,4,2,-0.032266460681349,-29.925
"77522",96,92,"unpaired",62,70,65.8786763680024,30,22,26.1213236319976,8,26,-0.121323631997569,-1.925
"77664",1,92,"paired",55,65,59.791303715507,37,27,32.208696284493,10,32,-0.208696284493008,-1.925
"77664",3,50,"unpaired",37,68,50.1597448159378,13,18,0.159744815937827,31,15.5,15.3402551840622,-43.925
"77664",4,107,"unpaired",75,129,98.36157786453,32,22,8.63842213546997,54,27,18.36157786453,13.075
"77664",5,50,"paired",35,37,35.9861084308932,15,13,14.0138915691068,2,14,-0.0138915691068391,-43.925
"77664",6,78,"paired",114,121,117.447860772344,36,43,39.4478607723445,7,39.5,0.0521392276555019,-15.925
"77664",7,50,"unpaired",30,72,46.475800154489,20,22,3.52419984551101,42,21,17.475800154489,-43.925
"77664",9,135,"paired",100,120,109.544511501033,35,15,25.4554884989667,20,25,-0.455488498966716,41.075
"77664",10,50,"paired",89,93,90.9780193233508,39,43,40.9780193233508,4,41,0.0219806766491502,-43.925
"77664",11,107,"unpaired",110,122,115.844723660597,3,15,8.84472366059667,12,9,0.155276339403329,13.075
"77664",12,92,"unpaired",100,134,115.758369027902,8,42,23.7583690279022,34,25,1.24163097209778,-1.925
"77664",13,107,"paired",120,110,114.891252930761,13,3,7.89125293076059,10,8,0.108747069239413,13.075
"77664",15,121,"unpaired",130,141,135.38833036861,9,20,14.3883303686104,11,14.5,0.111669631389645,27.075
"77664",16,64,"unpaired",60,82,70.1427116670007,4,18,6.14271166700073,22,11,4.85728833299927,-29.925
"77664",17,92,"paired",59,61,59.9916660878826,33,31,32.0083339121174,2,32,-0.00833391211741485,-1.925
"77664",18,107,"paired",121,131,125.900754564856,14,24,18.9007545648556,10,19,0.0992454351444394,13.075
"77664",19,135,"unpaired",92,141,113.894688199231,43,6,21.1053118007692,49,24.5,3.3946881992308,41.075
"77664",21,92,"paired",60,75,67.0820393249937,32,17,24.9179606750063,15,24.5,-0.417960675006299,-1.925
"77664",22,92,"paired",107,119,112.840595531927,15,27,20.8405955319272,12,21,0.159404468072765,-1.925
"77664",23,150,"unpaired",122,145,133.003759345366,28,5,16.9962406546341,23,16.5,-0.496240654634079,56.075
"77664",24,107,"unpaired",113,137,124.422666745252,6,30,17.4226667452518,24,18,0.577333254748183,13.075
"77664",25,107,"paired",115,125,119.895788082818,8,18,12.895788082818,10,13,0.104211917181985,13.075
"77664",27,121,"unpaired",133,117,124.743737317751,12,4,3.74373731775076,16,8,4.25626268224924,27.075
"77664",28,150,"unpaired",150,165,157.321327225523,0,15,7.32132722552277,15,7.5,0.178672774477235,56.075
"77664",29,64,"paired",45,45,45,19,19,19,0,19,-7.105427357601e-15,-29.925
"77664",30,107,"paired",147,155,150.947010569935,40,48,43.9470105699348,8,44,0.0529894300652245,13.075
"77664",31,150,"unpaired",111,160,133.266649991661,39,10,16.7333500083385,49,24.5,7.76664999166147,56.075
"77664",33,121,"paired",109,114,111.47196957083,12,7,9.52803042917027,5,9.5,-0.028030429170272,27.075
"77664",34,50,"paired",49,61,54.6717477313466,1,11,4.67174773134657,12,6,1.32825226865343,-43.925
"77664",35,78,"unpaired",93,87,89.9499861033897,15,9,11.9499861033897,6,12,0.050013896610281,-15.925
"77664",36,50,"unpaired",72,69,70.4840407468244,22,19,20.4840407468244,3,20.5,0.015959253175609,-43.925
"77664",37,135,"paired",122,142,131.620667070183,13,7,3.3793329298168,20,10,6.6206670701832,41.075
"77664",39,78,"unpaired",97,93,94.9789450352024,19,15,16.9789450352024,4,17,0.0210549647975711,-15.925
"77664",40,121,"unpaired",160,117,136.821051011897,39,4,15.8210510118965,43,21.5,5.67894898810346,27.075
"77664",41,50,"paired",50,50,50,0,0,7.105427357601e-15,0,0,-7.105427357601e-15,-43.925
"77664",42,78,"paired",106,113,109.444049632678,28,35,31.4440496326777,7,31.5,0.0559503673223389,-15.925
"77664",43,64,"unpaired",73,93,82.3953882204581,9,29,18.3953882204581,20,19,0.604611779541926,-29.925
"77664",45,121,"paired",112,126,118.79393923934,9,5,2.20606076066004,14,7,4.79393923933996,27.075
"77664",46,107,"paired",128,136,131.939380019765,21,29,24.9393800197651,8,25,0.0606199802348613,13.075
"77664",47,121,"unpaired",141,140,140.499110317468,20,19,19.4991103174678,1,19.5,0.000889682532175584,27.075
"77664",48,135,"unpaired",152,161,156.435290136209,17,26,21.4352901362094,9,21.5,0.0647098637906254,41.075
"77664",49,78,"paired",62,68,64.9307323229917,16,10,13.0692676770083,6,13,-0.0692676770082841,-15.925
"77664",51,150,"unpaired",124,144,133.626344707921,26,6,16.3736552920795,20,16,-0.373655292079462,56.075
"77664",52,78,"unpaired",100,100,100,22,22,22,0,22,-4.2632564145606e-14,-15.925
"77664",53,50,"paired",63,66,64.482555780614,13,16,14.482555780614,3,14.5,0.0174442193860074,-43.925
"77664",54,92,"paired",102,109,105.441927144756,10,17,13.4419271447559,7,13.5,0.0580728552441343,-1.925
"77664",55,121,"unpaired",118,108,112.889326333361,3,13,8.11067366663924,10,8,-0.110673666639244,27.075
"77664",57,64,"paired",83,90,86.4291617453276,19,26,22.4291617453276,7,22.5,0.0708382546723811,-29.925
"77664",58,121,"paired",113,126,119.323090808108,8,5,1.67690919189199,13,6.5,4.82309080810801,27.075
"77664",59,135,"unpaired",129,140,134.387499418659,6,5,0.612500581341379,11,5.5,4.88749941865862,41.075
"77664",60,150,"unpaired",152,100,123.28828005938,2,50,26.7117199406204,52,26,-0.711719940620441,56.075
"77664",61,50,"paired",48,47,47.4973683481517,2,3,2.50263165184832,1,2.5,-0.00263165184831848,-43.925
"77664",63,64,"unpaired",64,89,75.4718490564528,0,25,11.4718490564528,25,12.5,1.02815094354722,-29.925
"77664",64,135,"unpaired",154,151,152.492622772382,19,16,17.492622772382,3,17.5,0.00737722761803639,41.075
"77664",65,107,"paired",87,88,87.4985714169094,20,19,19.5014285830906,1,19.5,-0.00142858309055782,13.075
"77664",66,64,"paired",93,98,95.467271878901,29,34,31.467271878901,5,31.5,0.0327281210989696,-29.925
"77664",67,107,"unpaired",78,109,92.2062904578641,29,2,14.7937095421359,31,15.5,0.706290457864128,13.075
"77664",69,121,"paired",100,123,110.905365064094,21,2,10.0946349359058,23,11.5,1.40536506409423,27.075
"77664",70,92,"paired",115,115,115,23,23,23,0,23,-1.4210854715202e-14,-1.925
"77664",71,107,"unpaired",116,133,124.209500441794,9,26,17.209500441794,17,17.5,0.290499558206051,13.075
"77664",72,50,"unpaired",41,86,59.380131357214,9,36,9.38013135721405,45,22.5,13.1198686427859,-43.925
"77664",73,78,"paired",72,81,76.3675323681472,6,3,1.63246763185285,9,4.5,2.86753236814715,-15.925
"77664",75,92,"unpaired",90,105,97.2111104761178,2,13,5.21111047611784,15,7.5,2.28888952388216,-1.925
"77664",76,64,"unpaired",88,100,93.8083151964686,24,36,29.8083151964686,12,30,0.191684803531373,-29.925
"77664",77,135,"paired",140,126,132.815661727072,5,9,2.18433827292804,14,7,4.81566172707196,41.075
"77664",78,64,"paired",104,104,104,40,40,40,0,40,1.4210854715202e-14,-29.925
"77664",79,50,"unpaired",46,76,59.1269819963779,4,26,9.12698199637794,30,15,5.87301800362206,-43.925
"77664",81,121,"paired",100,124,111.355287256601,21,3,9.64471274339948,24,12,2.35528725660052,27.075
"77664",82,64,"paired",100,99,99.498743710662,36,35,35.498743710662,1,35.5,0.00125628933803057,-29.925
"77664",83,121,"unpaired",123,128,125.475097130865,2,7,4.47509713086494,5,4.5,0.0249028691350617,27.075
"77664",84,50,"unpaired",45,79,59.6238207430553,5,29,9.62382074305534,34,17,7.37617925694466,-43.925
"77664",85,64,"paired",59,70,64.2650760522385,5,6,0.265076052238527,11,5.5,5.23492394776147,-29.925
"77664",87,50,"unpaired",63,69,65.9317829275077,13,19,15.9317829275077,6,16,0.06821707249226,-43.925
"77664",88,135,"unpaired",124,155,138.636214604987,11,20,3.63621460498706,31,15.5,11.8637853950129,41.075
"77664",89,50,"paired",50,50,50,0,0,7.105427357601e-15,0,0,-7.105427357601e-15,-43.925
"77664",90,150,"paired",160,175,167.332005306815,10,25,17.3320053068151,15,17.5,0.16799469318488,56.075
"77664",91,92,"unpaired",100,120,109.544511501033,8,28,17.5445115010333,20,18,0.455488498966716,-1.925
"77664",93,78,"paired",100,105,102.469507659596,22,27,24.469507659596,5,24.5,0.030492340403967,-15.925
"77664",94,78,"paired",129,128,128.499027233672,51,50,50.499027233672,1,50.5,0.000972766327947738,-15.925
"77664",95,64,"unpaired",100,102,100.995049383621,36,38,36.9950493836208,2,37,0.00495061637917615,-29.925
"77664",96,92,"unpaired",122,129,125.451185725763,30,37,33.4511857257635,7,33.5,0.0488142742365341,-1.925
"77668",1,92,"paired",95,77,85.5277732669336,3,15,6.47222673306636,18,9,2.52777326693364,-1.925
"77668",3,50,"unpaired",49,33,40.2119385257662,1,17,9.7880614742338,16,9,-0.7880614742338,-43.925
"77668",4,107,"unpaired",103,120,111.175536877498,4,13,4.17553687749832,17,8.5,4.32446312250168,13.075
"77668",5,50,"paired",33,48,39.7994974842648,17,2,10.2005025157352,15,9.5,-0.700502515735195,-43.925
"77668",6,78,"paired",37,41,38.9486841883009,41,37,39.0513158116991,4,39,-0.0513158116990979,-15.925
"77668",7,50,"unpaired",32,33,32.4961536185438,18,17,17.5038463814562,1,17.5,-0.00384638145615668,-43.925
"77668",9,135,"paired",112,113,112.498888883402,23,22,22.5011111165982,1,22.5,-0.00111111659819585,41.075
"77668",10,50,"paired",44,46,44.988887516808,6,4,5.01111248319202,2,5,-0.0111124831920222,-43.925
"77668",11,107,"unpaired",109,122,115.316954521007,2,15,8.31695452100696,13,8.5,0.183045478993037,13.075
"77668",12,92,"unpaired",111,124,117.3200750085,19,32,25.3200750084997,13,25.5,0.179924991500286,-1.925
"77668",13,107,"paired",90,109,99.045444115315,17,2,7.95455588468495,19,9.5,1.54544411531505,13.075
"77668",15,121,"unpaired",114,125,119.373363863133,7,4,1.62663613686675,11,5.5,3.87336386313325,27.075
"77668",16,64,"unpaired",33,44,38.1051177665153,31,20,25.8948822334847,11,25.5,-0.394882233484701,-29.925
"77668",17,92,"paired",63,67,64.9692234831231,29,25,27.0307765168769,4,27,-0.0307765168768697,-1.925
"77668",18,107,"paired",102,97,99.4685880064656,5,10,7.53141199353442,5,7.5,-0.0314119935344195,13.075
"77668",19,135,"unpaired",112,90,100.399203184089,23,45,34.600796815911,22,34,-0.600796815910996,41.075
"77668",21,92,"paired",107,123,114.721401665077,15,31,22.7214016650773,16,23,0.278598334922748,-1.925
"77668",22,92,"paired",62,91,75.1132478328556,30,1,16.8867521671444,29,15.5,-1.38675216714435,-1.925
"77668",23,150,"unpaired",142,114,127.232071428551,8,36,22.7679285714486,28,22,-0.767928571448607,56.075
"77668",24,107,"unpaired",112,108,109.98181667894,5,1,2.98181667894011,4,3,0.0181833210598938,13.075
"77668",25,107,"paired",115,124,119.415241908225,8,17,12.4152419082255,9,12.5,0.0847580917745461,13.075
"77668",27,121,"unpaired",134,80,103.537432844358,13,41,17.4625671556417,54,27,9.53743284435829,27.075
"77668",28,150,"unpaired",145,119,131.358288661203,5,31,18.6417113387967,26,18,-0.641711338796682,56.075
"77668",29,64,"paired",41,42,41.4969878424929,23,22,22.5030121575071,1,22.5,-0.00301215750712913,-29.925
"77668",30,107,"paired",103,74,87.3040663428686,4,33,19.6959336571314,29,18.5,-1.19593365713142,13.075
"77668",31,150,"unpaired",105,115,109.88630487918,45,35,40.1136951208205,10,40,-0.113695120820452,56.075
"77668",33,121,"paired",122,120,120.995867698033,1,1,0.00413230196660663,2,1,0.995867698033393,27.075
"77668",34,50,"paired",33,33,33,17,17,17,0,17,0,-43.925
"77668",35,78,"unpaired",83,35,53.8980519128475,5,43,24.1019480871525,48,24,-0.101948087152543,-15.925
"77668",36,50,"unpaired",31,68,45.912961132996,19,18,4.08703886700401,37,18.5,14.412961132996,-43.925
"77668",37,135,"paired",123,114,118.414526135943,12,21,16.5854738640567,9,16.5,-0.0854738640567092,41.075
"77668",39,78,"unpaired",76,29,46.946778377222,2,49,31.053221622778,47,25.5,-5.55322162277798,-15.925
"77668",40,121,"unpaired",125,120,122.474487139159,4,1,1.47448713915892,5,2.5,1.02551286084108,27.075
"77668",41,50,"paired",34,37,35.4682957019364,16,13,14.5317042980636,3,14.5,-0.0317042980635946,-43.925
"77668",42,78,"paired",54,46,49.8397431775085,24,32,28.1602568224915,8,28,-0.160256822491547,-15.925
"77668",43,64,"unpaired",80,33,51.3809303146605,16,31,12.6190696853395,47,23.5,10.8809303146605,-29.925
"77668",45,121,"paired",116,124,119.93331480452,5,3,1.0666851954804,8,4,2.9333148045196,27.075
"77668",46,107,"paired",125,115,119.895788082818,18,8,12.895788082818,10,13,0.104211917181985,13.075
"77668",47,121,"unpaired",115,107,110.927904514599,6,14,10.072095485401,8,10,-0.072095485400979,27.075
"77668",48,135,"unpaired",116,134,124.67557900407,19,1,10.3244209959304,18,10,-0.324420995930424,41.075
"77668",49,78,"paired",37,42,39.420806688854,41,36,38.579193311146,5,38.5,-0.07919331114595,-15.925
"77668",51,150,"unpaired",126,120,122.963409191515,24,30,27.0365908084848,6,27,-0.0365908084848314,56.075
"77668",52,78,"unpaired",105,43,67.1937497093294,27,35,10.8062502906706,62,31,20.1937497093294,-15.925
"77668",53,50,"paired",70,66,67.9705818718657,20,16,17.9705818718657,4,18,0.0294181281342532,-43.925
"77668",54,92,"paired",126,115,120.374415886433,34,23,28.3744158864333,11,28.5,0.125584113566717,-1.925
"77668",55,121,"unpaired",128,76,98.6306240475037,7,45,22.3693759524963,52,26,3.63062404750366,27.075
"77668",57,64,"paired",66,64,64.9923072370876,2,0,0.99230723708763,2,1,0.0076927629123702,-29.925
"77668",58,121,"paired",60,108,80.4984471899925,61,13,40.5015528100075,48,37,-3.50155281000754,27.075
"77668",59,135,"unpaired",126,121,123.47469376354,9,14,11.52530623646,5,11.5,-0.0253062364599685,41.075
"77668",60,150,"unpaired",115,118,116.490342947388,35,32,33.5096570526123,3,33.5,-0.00965705261226901,56.075
"77668",61,50,"paired",26,28,26.9814751264641,24,22,23.0185248735359,2,23,-0.0185248735359167,-43.925
"77668",63,64,"unpaired",30,90,51.9615242270663,34,26,12.0384757729337,60,30,17.9615242270663,-29.925
"77668",64,135,"unpaired",131,128,129.491312449909,4,7,5.50868755009083,3,5.5,-0.00868755009082633,41.075
"77668",65,107,"paired",111,122,116.370099252342,4,15,9.37009925234231,11,9.5,0.129900747657686,13.075
"77668",66,64,"paired",66,69,67.4833312752119,2,5,3.48333127521192,3,3.5,0.0166687247880759,-29.925
"77668",67,107,"unpaired",115,57,80.9629544915451,8,50,26.0370455084549,58,29,2.96295449154509,13.075
"77668",69,121,"paired",113,119,115.961200407723,8,2,5.03879959227734,6,5,-0.0387995922773428,27.075
"77668",70,92,"paired",76,48,60.398675482166,16,44,31.601324517834,28,30,-1.60132451783401,-1.925
"77668",71,107,"unpaired",114,74,91.8477000256403,7,33,15.1522999743597,40,20,4.84770002564031,13.075
"77668",72,50,"unpaired",34,42,37.7888872553824,16,8,12.2111127446176,8,12,-0.211112744617616,-43.925
"77668",73,78,"paired",35,41,37.8813938497516,43,37,40.1186061502484,6,40,-0.118606150248368,-15.925
"77668",75,92,"unpaired",49,52,50.4777178564959,43,40,41.5222821435041,3,41.5,-0.0222821435041496,-1.925
"77668",76,64,"unpaired",38,42,39.9499687108763,26,22,24.0500312891237,4,24,-0.0500312891236518,-29.925
"77668",77,135,"paired",43,129,74.4781847254617,92,6,60.5218152745383,86,49,-11.5218152745383,41.075
"77668",78,64,"paired",37,43,39.8873413503583,27,21,24.1126586496417,6,24,-0.112658649641745,-29.925
"77668",79,50,"unpaired",31,32,31.4960314960472,19,18,18.5039685039528,1,18.5,-0.0039685039527626,-43.925
"77668",81,121,"paired",124,108,115.723809131915,3,13,5.27619086808457,16,8,2.72380913191543,27.075
"77668",82,64,"paired",109,32,59.0592922409336,45,32,4.94070775906639,77,38.5,33.5592922409336,-29.925
"77668",83,121,"unpaired",126,117,121.416638069088,5,4,0.416638069088435,9,4.5,4.08336193091156,27.075
"77668",84,50,"unpaired",37,36,36.4965751817893,13,14,13.5034248182107,1,13.5,-0.00342481821067508,-43.925
"77668",85,64,"paired",30,35,32.4037034920393,34,29,31.5962965079607,5,31.5,-0.0962965079607017,-29.925
"77668",87,50,"unpaired",106,54,75.6571212775109,56,4,25.6571212775109,52,30,4.34287872248909,-43.925
"77668",88,135,"unpaired",117,139,127.526467840994,18,4,7.47353215900631,22,11,3.52646784099369,41.075
"77668",89,50,"paired",28,33,30.3973683071413,22,17,19.6026316928587,5,19.5,-0.102631692858676,-43.925
"77668",90,150,"paired",144,148,145.986300727157,6,2,4.01369927284267,4,4,-0.0136992728426719,56.075
"77668",91,92,"unpaired",80,120,97.979589711327,12,28,5.97958971132705,40,20,14.0204102886729,-1.925
"77668",93,78,"paired",34,40,36.8781778291716,44,38,41.1218221708284,6,41,-0.121822170828437,-15.925
"77668",94,78,"paired",36,40,37.9473319220206,42,38,40.0526680779794,4,40,-0.0526680779794404,-15.925
"77668",95,64,"unpaired",36,39,37.4699879903904,28,25,26.5300120096096,3,26.5,-0.0300120096096137,-29.925
"77668",96,92,"unpaired",58,74,65.5133574166368,34,18,26.4866425833632,16,26,-0.486642583363192,-1.925
"77762",1,92,"paired",75,72,73.4846922834954,17,20,18.5153077165046,3,18.5,-0.0153077165046369,-1.925
"77762",3,50,"unpaired",57,52,54.4426303552648,7,2,4.44263035526482,5,4.5,0.0573696447351821,-43.925
"77762",4,107,"unpaired",111,105,107.958325292679,4,2,0.958325292679461,6,3,2.04167470732054,13.075
"77762",5,50,"paired",46,44,44.988887516808,4,6,5.01111248319202,2,5,-0.0111124831920222,-43.925
"77762",6,78,"paired",78,60,68.4105255059483,0,18,9.58947449405173,18,9,-0.589474494051728,-15.925
"77762",7,50,"unpaired",45,46,45.4972526643093,5,4,4.5027473356907,1,4.5,-0.00274733569069951,-43.925
"77762",9,135,"paired",136,144,139.942845476287,1,9,4.94284547628723,8,5,0.057154523712768,41.075
"77762",10,50,"paired",42,47,44.4297197830461,8,3,5.57028021695387,5,5.5,-0.0702802169538685,-43.925
"77762",11,107,"unpaired",112,118,114.960862905599,5,11,7.96086290559931,6,8,0.0391370944006866,13.075
"77762",12,92,"unpaired",107,92,99.2169340384997,15,0,7.21693403849973,15,7.5,0.28306596150027,-1.925
"77762",13,107,"paired",108,107,107.498837203014,1,0,0.498837203013537,1,0.5,0.00116279698646338,13.075
"77762",15,121,"unpaired",129,126,127.491176165255,8,5,6.49117616525466,3,6.5,0.00882383474534265,27.075
"77762",16,64,"unpaired",56,81,67.349832961931,8,17,3.349832961931,25,12.5,9.150167038069,-29.925
"77762",17,92,"paired",58,79,67.6904720030818,34,13,24.3095279969182,21,23.5,-0.80952799691822,-1.925
"77762",18,107,"paired",120,115,117.473401244707,13,8,10.4734012447073,5,10.5,0.0265987552926958,13.075
"77762",19,135,"unpaired",117,123,119.962494138793,18,12,15.0375058612067,6,15,-0.0375058612067249,41.075
"77762",21,92,"paired",114,125,119.373363863133,22,33,27.3733638631332,11,27.5,0.12663613686675,-1.925
"77762",22,92,"paired",74,68,70.9365914038728,18,24,21.0634085961272,6,21,-0.0634085961271751,-1.925
"77762",23,150,"unpaired",152,142,146.914941377656,2,8,3.08505862234426,10,5,1.91494137765574,56.075
"77762",24,107,"unpaired",132,118,124.803846094582,25,11,17.8038460945816,14,18,0.196153905418385,13.075
"77762",25,107,"paired",121,129,124.935983607606,14,22,17.9359836076061,8,18,0.0640163923939241,13.075
"77762",27,121,"unpaired",133,122,127.381317311449,12,1,6.38131731144884,11,6.5,0.118682688551161,27.075
"77762",28,150,"unpaired",147,121,133.367912182804,3,29,16.6320878171965,26,16,-0.632087817196464,56.075
"77762",29,64,"paired",45,52,48.3735464897913,19,12,15.6264535102087,7,15.5,-0.126453510208712,-29.925
"77762",30,107,"paired",107,111,108.98164983152,0,4,1.98164983151976,4,2,0.0183501684802394,13.075
"77762",31,150,"unpaired",124,119,121.474277112482,26,31,28.5257228875183,5,28.5,-0.0257228875182562,56.075
"77762",33,121,"paired",120,131,125.37942414926,1,10,4.37942414925986,11,5.5,1.12057585074014,27.075
"77762",34,50,"paired",40,50,44.7213595499958,10,0,5.27864045000421,10,5,-0.278640450004211,-43.925
"77762",35,78,"unpaired",81,64,72,3,14,6,17,8.5,2.5,-15.925
"77762",36,50,"unpaired",38,44,40.8900966005218,12,6,9.10990339947825,6,9,-0.109903399478249,-43.925
"77762",37,135,"paired",115,112,113.490087672889,20,23,21.5099123271112,3,21.5,-0.00991232711115231,41.075
"77762",39,78,"unpaired",104,63,80.9444253793922,26,15,2.9444253793922,41,20.5,17.5555746206078,-15.925
"77762",40,121,"unpaired",115,113,113.995613950713,6,8,7.00438604928699,2,7,-0.00438604928699249,27.075
"77762",41,50,"paired",37,39,37.9868398264452,13,11,12.0131601735548,2,12,-0.0131601735548372,-43.925
"77762",42,78,"paired",66,75,70.3562363973514,12,3,7.64376360264858,9,7.5,-0.143763602648576,-15.925
"77762",43,64,"unpaired",54,55,54.4977063737549,10,9,9.50229362624514,1,9.5,-0.00229362624514096,-29.925
"77762",45,121,"paired",120,123,121.490740387899,1,2,0.490740387899478,3,1.5,1.00925961210052,27.075
"77762",46,107,"paired",111,125,117.792189893897,4,18,10.7921898938975,14,11,0.207810106102528,13.075
"77762",47,121,"unpaired",125,133,128.937969582276,4,12,7.93796958227634,8,8,0.0620304177236619,27.075
"77762",48,135,"unpaired",131,136,133.476589707709,4,1,1.5234102922914,5,2.5,0.976589707708598,41.075
"77762",49,78,"paired",50,56,52.9150262212918,28,22,25.0849737787082,6,25,-0.0849737787081679,-15.925
"77762",51,150,"unpaired",136,121,128.280941686597,14,29,21.7190583134033,15,21.5,-0.219058313403281,56.075
"77762",52,78,"unpaired",59,95,74.8665479369792,19,17,3.13345206302083,36,18,14.8665479369792,-15.925
"77762",53,50,"paired",49,40,44.2718872423573,1,10,5.72811275764269,9,5.5,-0.228112757642691,-43.925
"77762",54,92,"paired",92,89,90.487568206909,0,3,1.51243179309105,3,1.5,-0.0124317930910536,-1.925
"77762",55,121,"unpaired",105,106,105.498815159223,16,15,15.5011848407766,1,15.5,-0.00118484077655978,27.075
"77762",57,64,"paired",59,66,62.4019230472908,5,2,1.5980769527092,7,3.5,1.9019230472908,-29.925
"77762",58,121,"paired",119,115,116.982904733982,2,6,4.01709526601759,4,4,-0.0170952660175914,27.075
"77762",59,135,"unpaired",128,126,126.9960629311,7,9,8.00393706889967,2,8,-0.00393706889967405,41.075
"77762",60,150,"unpaired",142,123,132.158995153565,8,27,17.8410048464351,19,17.5,-0.341004846435084,56.075
"77762",61,50,"paired",40,51,45.1663591625449,10,1,4.83364083745514,11,5.5,0.666359162544857,-43.925
"77762",63,64,"unpaired",62,83,71.7356257378438,2,19,7.7356257378438,21,10.5,2.7643742621562,-29.925
"77762",64,135,"unpaired",131,121,125.900754564856,4,14,9.09924543514444,10,9,-0.0992454351444394,41.075
"77762",65,107,"paired",114,58,81.3142054010245,7,49,25.6857945989755,56,28,2.31420540102448,13.075
"77762",66,64,"paired",87,79,82.9035584278503,23,15,18.9035584278503,8,19,0.0964415721496721,-29.925
"77762",67,107,"unpaired",71,91,80.3803458564344,36,16,26.6196541435656,20,26,-0.61965414356564,13.075
"77762",69,121,"paired",99,114,106.235587257755,22,7,14.7644127422454,15,14.5,-0.264412742245355,27.075
"77762",70,92,"paired",97,81,88.639720216165,5,11,3.360279783835,16,8,4.639720216165,-1.925
"77762",71,107,"unpaired",117,82,97.9489663038871,10,25,9.0510336961129,35,17.5,8.4489663038871,13.075
"77762",72,50,"unpaired",45,58,51.0881590977792,5,8,1.0881590977792,13,6.5,5.4118409022208,-43.925
"77762",73,78,"paired",75,80,77.4596669241483,3,2,0.540333075851692,5,2.5,1.95966692414831,-15.925
"77762",75,92,"unpaired",83,82,82.4984848345714,9,10,9.50151516542859,1,9.5,-0.00151516542858587,-1.925
"77762",76,64,"unpaired",73,75,73.9932429347437,9,11,9.99324293474369,2,10,0.00675706525630915,-29.925
"77762",77,135,"paired",111,111,111,24,24,24,0,24,-2.8421709430404e-14,41.075
"77762",78,64,"paired",74,70,71.9722168617864,10,6,7.97221686178635,4,8,0.0277831382136497,-29.925
"77762",79,50,"unpaired",40,49,44.2718872423573,10,1,5.72811275764269,9,5.5,-0.228112757642691,-43.925
"77762",81,121,"paired",120,124,121.983605455815,1,3,0.983605455815251,4,2,1.01639454418475,27.075
"77762",82,64,"paired",83,81,81.9939022122987,19,17,17.9939022122987,2,18,0.00609778770132152,-29.925
"77762",83,121,"unpaired",133,112,122.049170419139,12,9,1.04917041913878,21,10.5,9.45082958086122,27.075
"77762",84,50,"unpaired",43,49,45.902069670114,7,1,4.097930329886,6,4,-0.0979303298859975,-43.925
"77762",85,64,"paired",61,46,52.9716905525961,3,18,11.0283094474039,15,10.5,-0.528309447403885,-29.925
"77762",87,50,"unpaired",47,76,59.7662111899357,3,26,9.76621118993571,29,14.5,4.73378881006429,-43.925
"77762",88,135,"unpaired",109,117,112.929181348312,26,18,22.0708186516877,8,22,-0.0708186516877305,41.075
"77762",89,50,"paired",49,43,45.902069670114,1,7,4.097930329886,6,4,-0.0979303298859975,-43.925
"77762",90,150,"paired",125,132,128.452325786651,25,18,21.5476742133486,7,21.5,-0.0476742133486425,56.075
"77762",91,92,"unpaired",62,113,83.7018518313664,30,21,8.29814816863363,51,25.5,17.2018518313664,-1.925
"77762",93,78,"paired",69,80,74.2967024840269,9,2,3.70329751597313,11,5.5,1.79670248402687,-15.925
"77762",94,78,"paired",92,90,90.9945053286186,14,12,12.9945053286186,2,13,0.00549467138138482,-15.925
"77762",95,64,"unpaired",73,55,63.3640276497635,9,9,0.635972350236472,18,9,8.36402764976353,-29.925
"77762",96,92,"unpaired",91,79,84.7879708449258,1,13,7.21202915507418,12,7,-0.212029155074177,-1.925
"77791",1,92,"paired",80,76,77.9743547584717,12,16,14.0256452415283,4,14,-0.0256452415283093,-1.925
"77791",3,50,"unpaired",47,51,48.9591666595746,3,1,1.04083334042543,4,2,0.959166659574571,-43.925
"77791",4,107,"unpaired",105,101,102.980580693643,2,6,4.0194193063566,4,4,-0.0194193063565962,13.075
"77791",5,50,"paired",42,52,46.7332857821917,8,2,3.2667142178083,10,5,1.7332857821917,-43.925
"77791",6,78,"paired",75,79,76.9740215917033,3,1,1.02597840829671,4,2,0.974021591703291,-15.925
"77791",7,50,"unpaired",51,61,55.7763390695374,1,11,5.77633906953735,10,6,0.22366093046265,-43.925
"77791",9,135,"paired",152,158,154.970965022484,17,23,19.9709650224841,6,20,0.02903497751592,41.075
"77791",10,50,"paired",49,64,56,1,14,5.99999999999997,15,7.5,1.50000000000003,-43.925
"77791",11,107,"unpaired",142,91,113.674975258409,35,16,6.67497525840939,51,25.5,18.8250247415906,13.075
"77791",12,92,"unpaired",89,84,86.4638652848691,3,8,5.53613471513087,5,5.5,-0.0361347151308706,-1.925
"77791",13,107,"paired",101,90,95.3414914924242,6,17,11.6585085075758,11,11.5,-0.158508507575817,13.075
"77791",15,121,"unpaired",140,118,128.530152104477,19,3,7.53015210447697,22,11,3.46984789552303,27.075
"77791",16,64,"unpaired",75,65,69.8212002188447,11,1,5.82120021884465,10,6,0.178799781155348,-29.925
"77791",17,92,"paired",84,77,80.4238770515324,8,15,11.5761229484676,7,11.5,-0.0761229484675994,-1.925
"77791",18,107,"paired",93,103,97.8723658649366,14,4,9.12763413506342,10,9,-0.127634135063417,13.075
"77791",19,135,"unpaired",96,114,104.613574644976,39,21,30.3864253550238,18,30,-0.386425355023789,41.075
"77791",21,92,"paired",73,79,75.9407663906547,19,13,16.0592336093453,6,16,-0.0592336093452843,-1.925
"77791",22,92,"paired",107,103,104.980950652964,15,11,12.9809506529637,4,13,0.0190493470362725,-1.925
"77791",23,150,"unpaired",157,139,147.726097897426,7,11,2.27390210257369,18,9,6.72609789742631,56.075
"77791",24,107,"unpaired",103,111,106.925207505059,4,4,0.0747924949407093,8,4,3.92520750505929,13.075
"77791",25,107,"paired",91,102,96.3431367560762,16,5,10.6568632439238,11,10.5,-0.156863243923794,13.075
"77791",27,121,"unpaired",144,102,121.194059260345,23,19,0.194059260344915,42,21,20.8059407396551,27.075
"77791",28,150,"unpaired",156,121,137.389955964765,6,29,12.6100440352351,35,17.5,4.88995596476485,56.075
"77791",29,64,"paired",58,60,58.9915248150105,6,4,5.00847518498951,2,5,-0.00847518498951416,-29.925
"77791",30,107,"paired",98,99,98.498730956292,9,8,8.50126904370801,1,8.5,-0.00126904370800673,13.075
"77791",31,150,"unpaired",134,117,125.211820528255,16,33,24.7881794717448,17,24.5,-0.288179471744826,56.075
"77791",33,121,"paired",81,95,87.7211491032807,40,26,33.2788508967193,14,33,-0.278850896719305,27.075
"77791",34,50,"paired",60,51,55.3172667437573,10,1,5.3172667437573,9,5.5,0.182733256242699,-43.925
"77791",35,78,"unpaired",71,75,72.9725975966321,7,3,5.02740240336792,4,5,-0.0274024033679154,-15.925
"77791",36,50,"unpaired",43,50,46.3680924774785,7,0,3.63190752252149,7,3.5,-0.131907522521487,-43.925
"77791",37,135,"paired",98,102,99.9799979996,37,33,35.0200020004001,4,35,-0.020002000400055,41.075
"77791",39,78,"unpaired",78,69,73.3621155638249,0,9,4.63788443617509,9,4.5,-0.137884436175085,-15.925
"77791",40,121,"unpaired",104,104,104,17,17,17,0,17,-1.4210854715202e-14,27.075
"77791",41,50,"paired",83,41,58.335238064141,33,9,8.33523806414095,42,21,12.6647619358591,-43.925
"77791",42,78,"paired",83,88,85.463442476886,5,10,7.46344247688602,5,7.5,0.0365575231139843,-15.925
"77791",43,64,"unpaired",48,82,62.7375485654325,16,18,1.26245143456748,34,17,15.7375485654325,-29.925
"77791",45,121,"paired",104,93,98.346326825154,17,28,22.653673174846,11,22.5,-0.15367317484602,27.075
"77791",46,107,"paired",100,107,103.440804327886,7,0,3.55919567211404,7,3.5,-0.0591956721140434,13.075
"77791",47,121,"unpaired",109,118,113.410757867144,12,3,7.58924213285589,9,7.5,-0.0892421328558868,27.075
"77791",48,135,"unpaired",103,119,110.711336366246,32,16,24.2886636337542,16,24,-0.288663633754226,41.075
"77791",49,78,"paired",68,57,62.2575296650935,10,21,15.7424703349065,11,15.5,-0.242470334906464,-15.925
"77791",51,150,"unpaired",115,125,119.895788082818,35,25,30.104211917182,10,30,-0.104211917181985,56.075
"77791",52,78,"unpaired",69,87,77.4790294208697,9,9,0.520970579130278,18,9,8.47902942086972,-15.925
"77791",53,50,"paired",46,52,48.9080770425499,4,2,1.09192295745007,6,3,1.90807704254993,-43.925
"77791",54,92,"paired",86,91,88.4646822183859,6,1,3.53531778161414,5,3.5,-0.0353177816141397,-1.925
"77791",55,121,"unpaired",86,104,94.5727233402951,35,17,26.4272766597049,18,26,-0.427276659704916,27.075
"77791",57,64,"paired",55,69,61.6035713250458,9,5,2.39642867495422,14,7,4.60357132504578,-29.925
"77791",58,121,"paired",97,103,99.9549898704412,24,18,21.0450101295588,6,21,-0.0450101295588041,27.075
"77791",59,135,"unpaired",102,111,106.404887105809,33,24,28.5951128941908,9,28.5,-0.0951128941908337,41.075
"77791",60,150,"unpaired",108,122,114.786758818254,42,28,35.213241181746,14,35,-0.213241181745985,56.075
"77791",61,50,"paired",96,41,62.7375485654325,46,9,12.7375485654325,55,27.5,14.7624514345675,-43.925
"77791",63,64,"unpaired",54,64,58.7877538267962,10,0,5.21224617320376,10,5,-0.212246173203759,-29.925
"77791",64,135,"unpaired",73,115,91.6242326025163,62,20,43.3757673974837,42,41,-2.37576739748373,41.075
"77791",65,107,"paired",70,78,73.8918128076447,37,29,33.1081871923553,8,33,-0.108187192355331,13.075
"77791",66,64,"paired",58,64,60.9261848469112,6,0,3.07381515308875,6,3,-0.0738151530887521,-29.925
"77791",67,107,"unpaired",83,105,93.3541643420368,24,2,13.6458356579632,22,13,-0.645835657963232,13.075
"77791",69,121,"paired",88,96,91.9130023446085,33,25,29.0869976553915,8,29,-0.0869976553915279,27.075
"77791",70,92,"paired",87,88,87.4985714169094,5,4,4.50142858309056,1,4.5,-0.00142858309055782,-1.925
"77791",71,107,"unpaired",71,93,81.2588456723328,36,14,25.7411543276672,22,25,-0.741154327667218,13.075
"77791",72,50,"unpaired",37,44,40.348482003664,13,6,9.65151799633598,7,9.5,-0.151517996335976,-43.925
"77791",73,78,"paired",55,56,55.4977477020465,23,22,22.5022522979535,1,22.5,-0.00225229795352533,-15.925
"77791",75,92,"unpaired",69,91,79.2401413426301,23,1,12.7598586573699,22,12,-0.759858657369904,-1.925
"77791",76,64,"unpaired",57,70,63.166446789415,7,6,0.83355321058496,13,6.5,5.66644678941504,-29.925
"77791",77,135,"paired",90,75,82.1583836257749,45,60,52.8416163742251,15,52.5,-0.341616374225097,41.075
"77791",78,64,"paired",75,80,77.4596669241483,11,16,13.4596669241483,5,13.5,0.0403330758516915,-29.925
"77791",79,50,"unpaired",35,59,45.4422710700071,15,9,4.55772892999293,24,12,7.44227107000707,-43.925
"77791",81,121,"paired",94,84,88.8594395660922,27,37,32.1405604339078,10,32,-0.140560433907808,27.075
"77791",82,64,"paired",86,76,80.8455317256309,22,12,16.8455317256309,10,17,0.154468274369066,-29.925
"77791",83,121,"unpaired",86,113,98.5799168187922,35,8,22.4200831812078,27,21.5,-0.920083181207758,27.075
"77791",84,50,"unpaired",41,71,53.9536838408648,9,21,3.95368384086485,30,15,11.0463161591352,-43.925
"77791",85,64,"paired",50,64,56.5685424949238,14,0,7.43145750507622,14,7,-0.431457505076224,-29.925
"77791",87,50,"unpaired",49,61,54.6717477313466,1,11,4.67174773134657,12,6,1.32825226865343,-43.925
"77791",88,135,"unpaired",120,120,120,15,15,15,0,15,-2.8421709430404e-14,41.075
"77791",89,50,"paired",40,52,45.6070170039655,10,2,4.39298299603448,12,6,1.60701700396552,-43.925
"77791",90,150,"paired",146,154,149.946657181813,4,4,0.053342818187474,8,4,3.94665718181253,56.075
"77791",91,92,"unpaired",73,94,82.837189715731,19,2,9.16281028426903,21,10.5,1.33718971573097,-1.925
"77791",93,78,"paired",93,73,82.3953882204581,15,5,4.39538822045807,20,10,5.60461177954193,-15.925
"77791",94,78,"paired",79,88,83.3786543427034,1,10,5.37865434270338,9,5.5,0.121345657296615,-15.925
"77791",95,64,"unpaired",64,80,71.5541752799933,0,16,7.55417527999327,16,8,0.445824720006726,-29.925
"77791",96,92,"unpaired",82,96,88.7242920512753,10,4,3.2757079487247,14,7,3.7242920512753,-1.925
"78052",1,92,"paired",63,74,68.2788400604463,29,18,23.7211599395537,11,23.5,-0.221159939553743,-1.925
"78052",3,50,"unpaired",40,86,58.6515131944607,10,36,8.6515131944607,46,23,14.3484868055393,-43.925
"78052",4,107,"unpaired",80,115,95.9166304662543,27,8,11.0833695337457,35,17.5,6.41663046625433,13.075
"78052",5,50,"paired",25,25,25,25,25,25,0,25,-3.5527136788005e-15,-43.925
"78052",6,78,"paired",100,101,100.498756211209,22,23,22.498756211209,1,22.5,0.00124378879101528,-15.925
"78052",7,50,"unpaired",45,52,48.3735464897913,5,2,1.62645351020871,7,3.5,1.87354648979129,-43.925
"78052",9,135,"paired",115,130,122.270192606375,20,5,12.7298073936252,15,12.5,-0.229807393625165,41.075
"78052",10,50,"paired",35,37,35.9861084308932,15,13,14.0138915691068,2,14,-0.0138915691068391,-43.925
"78052",11,107,"unpaired",129,87,105.938661498057,22,20,1.0613385019426,42,21,19.9386614980574,13.075
"78052",12,92,"unpaired",90,86,87.9772697916911,2,6,4.02273020830894,4,4,-0.0227302083089427,-1.925
"78052",13,107,"paired",100,100,100,7,7,6.99999999999996,0,7,4.2632564145606e-14,13.075
"78052",15,121,"unpaired",110,92,100.598210719674,11,29,20.4017892803257,18,20,-0.401789280325687,27.075
"78052",16,64,"unpaired",30,60,42.4264068711928,34,4,21.5735931288072,30,19,-2.57359312880716,-29.925
"78052",17,92,"paired",50,50,50,42,42,42,0,42,-7.105427357601e-15,-1.925
"78052",18,107,"paired",77,69,72.8903285765677,30,38,34.1096714234323,8,34,-0.10967142343226,13.075
"78052",19,135,"unpaired",100,111,105.356537528527,35,24,29.6434624714726,11,29.5,-0.14346247147256,41.075
"78052",21,92,"paired",85,84,84.4985206971104,7,8,7.50147930288956,1,7.5,-0.00147930288956388,-1.925
"78052",22,92,"paired",77,72,74.4580418759452,15,20,17.5419581240548,5,17.5,-0.0419581240548155,-1.925
"78052",23,150,"unpaired",120,113,116.447413024077,30,37,33.552586975923,7,33.5,-0.0525869759229494,56.075
"78052",24,107,"unpaired",91,107,98.67623827447,16,0,8.32376172552996,16,8,-0.323761725529963,13.075
"78052",25,107,"paired",45,45,45,62,62,62,0,62,-7.105427357601e-15,13.075
"78052",27,121,"unpaired",80,85,82.4621125123532,41,36,38.5378874876468,5,38.5,-0.0378874876467989,27.075
"78052",28,150,"unpaired",130,121,125.419296760905,20,29,24.5807032390948,9,24.5,-0.0807032390947597,56.075
"78052",29,64,"paired",30,30,30,34,34,34,0,34,0,-29.925
"78052",30,107,"paired",78,70,73.8918128076447,29,37,33.1081871923553,8,33,-0.108187192355331,13.075
"78052",31,150,"unpaired",75,110,90.8295106229247,75,40,59.1704893770753,35,57.5,-1.67048937707528,56.075
"78052",33,121,"paired",115,113,113.995613950713,6,8,7.00438604928699,2,7,-0.00438604928699249,27.075
"78052",34,50,"paired",29,31,29.9833287011299,21,19,20.0166712988701,2,20,-0.0166712988701043,-43.925
"78052",35,78,"unpaired",35,54,43.4741302385683,43,24,34.5258697614317,19,33.5,-1.02586976143169,-15.925
"78052",36,50,"unpaired",25,25,25,25,25,25,0,25,-3.5527136788005e-15,-43.925
"78052",37,135,"paired",101,101,101,34,34,34,0,34,2.8421709430404e-14,41.075
"78052",39,78,"unpaired",50,43,46.3680924774785,28,35,31.6319075225215,7,31.5,-0.131907522521487,-15.925
"78052",40,121,"unpaired",105,108,106.489436095793,16,13,14.510563904207,3,14.5,-0.0105639042069612,27.075
"78052",41,50,"paired",26,26,26,24,24,24,0,24,3.5527136788005e-15,-43.925
"78052",42,78,"paired",60,60,60,18,18,18,0,18,-1.4210854715202e-14,-15.925
"78052",43,64,"unpaired",30,45,36.7423461417477,34,19,27.2576538582523,15,26.5,-0.757653858252318,-29.925
"78052",45,121,"paired",100,100,100,21,21,21,0,21,4.2632564145606e-14,27.075
"78052",46,107,"paired",80,80,80,27,27,27,0,27,-2.8421709430404e-14,13.075
"78052",47,121,"unpaired",105,110,107.470926301023,16,11,13.5290736989766,5,13.5,-0.0290736989766174,27.075
"78052",48,135,"unpaired",115,122,118.448300958688,20,13,16.5516990413117,7,16.5,-0.0516990413116787,41.075
"78052",49,78,"paired",45,40,42.4264068711928,33,38,35.5735931288072,5,35.5,-0.0735931288071612,-15.925
"78052",51,150,"unpaired",129,124,126.475294030099,21,26,23.524705969901,5,23.5,-0.0247059699009782,56.075
"78052",52,78,"unpaired",68,73,70.4556598152342,10,5,7.54434018476582,5,7.5,-0.0443401847658151,-15.925
"78052",53,50,"paired",27,25,25.9807621135332,23,25,24.0192378864668,2,24,-0.0192378864668363,-43.925
"78052",54,92,"paired",70,70,70,22,22,22,0,22,2.8421709430404e-14,-1.925
"78052",55,121,"unpaired",81,80,80.4984471899925,40,41,40.5015528100075,1,40.5,-0.0015528100075386,27.075
"78052",57,64,"paired",40,40,40,24,24,24,0,24,0,-29.925
"78052",58,121,"paired",125,125,125,4,4,4.00000000000004,0,4,-4.2632564145606e-14,27.075
"78052",59,135,"unpaired",120,138,128.685663537163,15,3,6.31433646283668,18,9,2.68566353716332,41.075
"78052",60,150,"unpaired",130,137,133.454111963626,20,13,16.5458880363741,7,16.5,-0.0458880363740946,56.075
"78052",61,50,"paired",31,33,31.984371183439,19,17,18.015628816561,2,18,-0.0156288165610405,-43.925
"78052",63,64,"unpaired",50,77,62.0483682299543,14,13,1.9516317700457,27,13.5,11.5483682299543,-29.925
"78052",64,135,"unpaired",136,113,123.967737738494,1,22,11.032262261506,23,11.5,0.467737738493966,41.075
"78052",65,107,"paired",67,67,67,40,40,40,0,40,-2.8421709430404e-14,13.075
"78052",66,64,"paired",81,74,77.4209274033837,17,10,13.4209274033837,7,13.5,0.0790725966163279,-29.925
"78052",67,107,"unpaired",61,71,65.8103335350916,46,36,41.1896664649084,10,41,-0.189666464908413,13.075
"78052",69,121,"paired",121,121,121,0,0,2.8421709430404e-14,0,0,-2.8421709430404e-14,27.075
"78052",70,92,"paired",74,75,74.4983221287567,18,17,17.5016778712433,1,17.5,-0.00167787124333074,-1.925
"78052",71,107,"unpaired",128,84,103.691851174526,21,23,3.3081488254743,44,22,18.6918511745257,13.075
"78052",72,50,"unpaired",30,32,30.9838667696593,20,18,19.0161332303407,2,19,-0.0161332303406638,-43.925
"78052",73,78,"paired",37,34,35.4682957019364,41,44,42.5317042980636,3,42.5,-0.0317042980635946,-15.925
"78052",75,92,"unpaired",60,53,56.3914887194867,32,39,35.6085112805133,7,35.5,-0.108511280513277,-1.925
"78052",76,64,"unpaired",48,69,57.5499782797527,16,5,6.45002172024734,21,10.5,4.04997827975266,-29.925
"78052",77,135,"paired",75,73,73.9932429347437,60,62,61.0067570652563,2,61,-0.00675706525630915,41.075
"78052",78,64,"paired",63,54,58.3266662856707,1,10,5.67333371432928,9,5.5,-0.173333714329281,-29.925
"78052",79,50,"unpaired",25,42,32.4037034920393,25,8,17.5962965079607,17,16.5,-1.0962965079607,-43.925
"78052",81,121,"paired",143,143,143,22,22,21.9999999999999,0,22,5.6843418860808e-14,27.075
"78052",82,64,"paired",45,48,46.475800154489,19,16,17.524199845511,3,17.5,-0.0241998455110064,-29.925
"78052",83,121,"unpaired",125,116,120.415945787923,4,5,0.584054212077035,9,4.5,3.91594578792296,27.075
"78052",84,50,"unpaired",46,53,49.376107582514,4,3,0.623892417485948,7,3.5,2.87610758251405,-43.925
"78052",85,64,"paired",54,53,53.497663500381,10,11,10.502336499619,1,10.5,-0.00233649961895566,-29.925
"78052",87,50,"unpaired",37,41,38.9486841883009,13,9,11.0513158116991,4,11,-0.0513158116990979,-43.925
"78052",88,135,"unpaired",115,140,126.885775404495,20,5,8.11422459550477,25,12.5,4.38577540449523,41.075
"78052",89,50,"paired",25,25,25,25,25,25,0,25,-3.5527136788005e-15,-43.925
"78052",90,150,"paired",146,148,146.996598600104,4,2,3.00340139989638,2,3,-0.00340139989637578,56.075
"78052",91,92,"unpaired",48,102,69.9714227381436,44,10,22.0285772618564,54,27,4.97142273814362,-1.925
"78052",93,78,"paired",75,49,60.6217782649107,3,29,17.3782217350893,26,16,-1.3782217350893,-15.925
"78052",94,78,"paired",117,110,113.446022407134,39,32,35.4460224071343,7,35.5,0.0539775928656923,-15.925
"78052",95,64,"unpaired",63,76,69.1953755680247,1,12,5.19537556802474,13,6.5,1.30462443197526,-29.925
"78052",96,92,"unpaired",70,110,87.7496438739213,22,18,4.25035612607874,40,20,15.7496438739213,-1.925
"78091",1,92,"paired",66,70,67.9705818718657,26,22,24.0294181281343,4,24,-0.0294181281342532,-1.925
"78091",3,50,"unpaired",53,97,71.7007670809734,3,47,21.7007670809734,44,25,3.29923291902657,-43.925
"78091",4,107,"unpaired",121,150,134.721935853075,14,43,27.7219358530748,29,28.5,0.778064146925203,13.075
"78091",5,50,"paired",66,65,65.4980915752513,16,15,15.4980915752513,1,15.5,0.00190842474873421,-43.925
"78091",6,78,"paired",112,121,116.413057686842,34,43,38.4130576868419,9,38.5,0.086942313158076,-15.925
"78091",7,50,"unpaired",60,120,84.8528137423857,10,70,34.8528137423857,60,40,5.14718625761432,-43.925
"78091",9,135,"paired",111,118,114.446494048529,24,17,20.5535059514709,7,20.5,-0.0535059514709246,41.075
"78091",10,50,"paired",113,90,100.84641788383,63,40,50.8464178838297,23,51.5,0.653582116170327,-43.925
"78091",11,107,"unpaired",117,128,122.376468326227,10,21,15.3764683262269,11,15.5,0.123531673773115,13.075
"78091",12,92,"unpaired",107,157,129.610956327002,15,65,37.6109563270019,50,40,2.38904367299807,-1.925
"78091",13,107,"paired",101,105,102.980580693643,6,2,4.0194193063566,4,4,-0.0194193063565962,13.075
"78091",15,121,"unpaired",126,152,138.390751136049,5,31,17.3907511360495,26,18,0.609248863950512,27.075
"78091",16,64,"unpaired",91,107,98.67623827447,27,43,34.67623827447,16,35,0.323761725529963,-29.925
"78091",17,92,"paired",84,89,86.4638652848691,8,3,5.53613471513087,5,5.5,-0.0361347151308706,-1.925
"78091",18,107,"paired",132,146,138.823629112626,25,39,31.8236291126262,14,32,0.176370887373821,13.075
"78091",19,135,"unpaired",110,168,135.941163743731,25,33,0.941163743731494,58,29,28.0588362562685,41.075
"78091",21,92,"paired",113,85,98.005101908013,21,7,6.00510190801296,28,14,7.99489809198704,-1.925
"78091",22,92,"paired",94,113,103.063087475585,2,21,11.0630874755846,19,11.5,0.436912524415447,-1.925
"78091",23,150,"unpaired",157,149,152.947703480634,7,1,2.94770348063409,8,4,1.05229651936591,56.075
"78091",24,107,"unpaired",112,159,133.446618540898,5,52,26.4466185408981,47,28.5,2.05338145910187,13.075
"78091",25,107,"paired",102,120,110.634533487515,5,13,3.63453348751462,18,9,5.36546651248538,13.075
"78091",27,121,"unpaired",127,138,132.385799842732,6,17,11.3857998427325,11,11.5,0.114200157267533,27.075
"78091",28,150,"unpaired",150,175,162.018517460197,0,25,12.0185174601965,25,12.5,0.481482539803466,56.075
"78091",29,64,"paired",65,75,69.8212002188447,1,11,5.82120021884465,10,6,0.178799781155348,-29.925
"78091",30,107,"paired",155,145,149.91664350565,48,38,42.9166435056495,10,43,0.083356494350511,13.075
"78091",31,150,"unpaired",133,150,141.244468918255,17,0,8.75553108174466,17,8.5,-0.255531081744664,56.075
"78091",33,121,"paired",140,145,142.47806848775,19,24,21.47806848775,5,21.5,0.0219315122499779,27.075
"78091",34,50,"paired",51,46,48.4355241532493,1,4,1.56447584675065,5,2.5,0.935524153249347,-43.925
"78091",35,78,"unpaired",112,90,100.399203184089,34,12,22.399203184089,22,23,0.600796815910996,-15.925
"78091",36,50,"unpaired",65,41,51.6236379965612,15,9,1.62363799656122,24,12,10.3763620034388,-43.925
"78091",37,135,"paired",130,150,139.642400437689,5,15,4.64240043768933,20,10,5.35759956231067,41.075
"78091",39,78,"unpaired",125,94,108.397416943394,47,16,30.397416943394,31,31.5,1.10258305660598,-15.925
"78091",40,121,"unpaired",153,154,153.499185665592,32,33,32.4991856655924,1,32.5,0.000814334407607475,27.075
"78091",41,50,"paired",58,58,58,8,8,7.99999999999999,0,8,1.4210854715202e-14,-43.925
"78091",42,78,"paired",75,98,85.7321409974112,3,20,7.73214099741124,23,11.5,3.76785900258876,-15.925
"78091",43,64,"unpaired",68,63,65.4522726878143,4,1,1.45227268781429,5,2.5,1.04772731218571,-29.925
"78091",45,121,"paired",154,137,145.251506016289,33,16,24.251506016289,17,24.5,0.248493983711029,27.075
"78091",46,107,"paired",139,153,145.83209523284,32,46,38.8320952328396,14,39,0.167904767160422,13.075
"78091",47,121,"unpaired",141,161,150.668510313204,20,40,29.6685103132038,20,30,0.331489686796175,27.075
"78091",48,135,"unpaired",150,171,160.15617378047,15,36,25.1561737804697,21,25.5,0.343826219530314,41.075
"78091",49,78,"paired",91,102,96.3431367560762,13,24,18.3431367560762,11,18.5,0.156863243923794,-15.925
"78091",51,150,"unpaired",151,168,159.273349936516,1,18,9.2733499365163,17,9.5,0.226650063483703,56.075
"78091",52,78,"unpaired",107,92,99.2169340384997,29,14,21.2169340384997,15,21.5,0.28306596150027,-15.925
"78091",53,50,"paired",58,54,55.9642743185329,8,4,5.96427431853292,4,6,0.0357256814670848,-43.925
"78091",54,92,"paired",119,81,98.1784090317215,27,11,6.17840903172146,38,19,12.8215909682785,-1.925
"78091",55,121,"unpaired",138,124,130.812843406143,17,3,9.81284340614269,14,10,0.18715659385731,27.075
"78091",57,64,"paired",110,110,110,46,46,46,0,46,-4.2632564145606e-14,-29.925
"78091",58,121,"paired",152,153,152.499180325666,31,32,31.499180325666,1,31.5,0.000819674333996545,27.075
"78091",59,135,"unpaired",161,155,157.971516419891,26,20,22.9715164198914,6,23,0.0284835801086274,41.075
"78091",60,150,"unpaired",168,161,164.46276174259,18,11,14.4627617425902,7,14.5,0.0372382574097685,56.075
"78091",61,50,"paired",51,51,51,1,1,1,0,1,0,-43.925
"78091",63,64,"unpaired",66,95,79.1833315793166,2,31,15.1833315793166,29,16.5,1.31666842068344,-29.925
"78091",64,135,"unpaired",163,175,168.893457540545,28,40,33.8934575405455,12,34,0.106542459454516,41.075
"78091",65,107,"paired",135,148,141.350627872677,28,41,34.350627872677,13,34.5,0.149372127323005,13.075
"78091",66,64,"paired",64,84,73.3212111192935,0,20,9.32121111929345,20,10,0.678788880706549,-29.925
"78091",67,107,"unpaired",139,86,109.334349588773,32,21,2.33434958877284,53,26.5,24.1656504112272,13.075
"78091",69,121,"paired",158,152,154.970965022484,37,31,33.9709650224841,6,34,0.02903497751592,27.075
"78091",70,92,"paired",127,138,132.385799842732,35,46,40.3857998427325,11,40.5,0.114200157267533,-1.925
"78091",71,107,"unpaired",119,131,124.855916960311,12,24,17.8559169603106,12,18,0.144083039689363,13.075
"78091",72,50,"unpaired",53,71,61.34329629226,3,21,11.34329629226,18,12,0.656703707740007,-43.925
"78091",73,78,"paired",92,91,91.498633869583,14,13,13.498633869583,1,13.5,0.00136613041701139,-15.925
"78091",75,92,"unpaired",110,135,121.860576069539,18,43,29.8605760695394,25,30.5,0.639423930460566,-1.925
"78091",76,64,"unpaired",78,136,102.99514551667,14,72,38.9951455166699,58,43,4.00485448333012,-29.925
"78091",77,135,"paired",171,171,171,36,36,36.0000000000001,0,36,-8.5265128291212e-14,41.075
"78091",78,64,"paired",133,123,127.902306468648,69,59,63.9023064686481,10,64,0.097693531351922,-29.925
"78091",79,50,"unpaired",43,79,58.2837884835912,7,29,8.28378848359123,36,18,9.71621151640877,-43.925
"78091",81,121,"paired",164,157,160.461833468274,43,36,39.4618334682738,7,39.5,0.0381665317262332,27.075
"78091",82,64,"paired",109,112,110.489818535465,45,48,46.4898185354651,3,46.5,0.0101814645349236,-29.925
"78091",83,121,"unpaired",153,140,146.355731011806,32,19,25.3557310118056,13,25.5,0.144268988194426,27.075
"78091",84,50,"unpaired",42,67,53.0471488394994,8,17,3.04714883949938,25,12.5,9.45285116050062,-43.925
"78091",85,64,"paired",56,55,55.4977477020465,8,9,8.50225229795353,1,8.5,-0.00225229795352533,-29.925
"78091",87,50,"unpaired",62,118,85.5336191213724,12,68,35.5336191213724,56,40,4.46638087862759,-43.925
"78091",88,135,"unpaired",152,127,138.938835463667,17,8,3.93883546366726,25,12.5,8.56116453633274,41.075
"78091",89,50,"paired",42,45,43.4741302385683,8,5,6.52586976143169,3,6.5,-0.025869761431693,-43.925
"78091",90,150,"paired",164,165,164.499240119825,14,15,14.4992401198255,1,14.5,0.000759880174513228,56.075
"78091",91,92,"unpaired",83,115,97.6985158536199,9,23,5.69851585361987,32,16,10.3014841463801,-1.925
"78091",93,78,"paired",103,92,97.3447481891037,25,14,19.3447481891037,11,19.5,0.155251810896331,-15.925
"78091",94,78,"paired",76,123,96.6850557221746,2,45,18.6850557221746,47,23.5,4.81494427782542,-15.925
"78091",95,64,"unpaired",96,113,104.153732530332,32,49,40.1537325303323,17,40.5,0.346267469667694,-29.925
"78091",96,92,"unpaired",135,119,126.747781045666,43,27,34.7477810456657,16,35,0.252218954334325,-1.925
"78098",1,92,"paired",75,75,75,17,17,17,0,17,-2.8421709430404e-14,-1.925
"78098",3,50,"unpaired",50,74,60.8276253029822,0,24,10.8276253029822,24,12,1.17237469701781,-43.925
"78098",4,107,"unpaired",87,123,103.4456378974,20,16,3.55436210259997,36,18,14.4456378974,13.075
"78098",5,50,"paired",47,50,48.4767985741633,3,0,1.52320142583672,3,1.5,-0.0232014258367244,-43.925
"78098",6,78,"paired",100,100,100,22,22,22,0,22,-4.2632564145606e-14,-15.925
"78098",7,50,"unpaired",71,79,74.8932573734111,21,29,24.8932573734111,8,25,0.106742626588868,-43.925
"78098",9,135,"paired",112,120,115.931013969515,23,15,19.0689860304845,8,19,-0.068986030484524,41.075
"78098",10,50,"paired",74,69,71.4562803397994,24,19,21.4562803397994,5,21.5,0.043719660200594,-43.925
"78098",11,107,"unpaired",131,137,133.966413701345,24,30,26.9664137013453,6,27,0.0335862986546545,13.075
"78098",12,92,"unpaired",98,116,106.620823482095,6,24,14.6208234820947,18,15,0.379176517905321,-1.925
"78098",13,107,"paired",91,90,90.4986187739901,16,17,16.5013812260099,1,16.5,-0.00138122600988311,13.075
"78098",15,121,"unpaired",107,136,120.631670800002,14,15,0.368329199998229,29,14.5,14.1316708000018,27.075
"78098",16,64,"unpaired",62,91,75.1132478328556,2,27,11.1132478328556,29,14.5,3.38675216714435,-29.925
"78098",17,92,"paired",101,83,91.5587243248835,9,9,0.441275675116501,18,9,8.5587243248835,-1.925
"78098",18,107,"paired",117,120,118.490505948789,10,13,11.490505948789,3,11.5,0.00949405121095026,13.075
"78098",19,135,"unpaired",117,119,117.995762635783,18,16,17.0042373642172,2,17,-0.00423736421721799,41.075
"78098",21,92,"paired",90,89,89.4986033410578,2,3,2.50139665894223,1,2.5,-0.00139665894222674,-1.925
"78098",22,92,"paired",131,123,126.936992244184,39,31,34.9369922441839,8,35,0.063007755816102,-1.925
"78098",23,150,"unpaired",150,158,153.948043183407,0,8,3.94804318340658,8,4,0.0519568165934174,56.075
"78098",24,107,"unpaired",121,113,116.931603940081,14,6,9.93160394008117,8,10,0.0683960599188254,13.075
"78098",25,107,"paired",110,100,104.880884817015,3,7,2.11911518298476,10,5,2.88088481701524,13.075
"78098",27,121,"unpaired",130,122,125.936491931449,9,1,4.93649193144932,8,5,0.063508068550675,27.075
"78098",28,150,"unpaired",161,127,142.993006822012,11,23,7.00699317798788,34,17,9.99300682201212,56.075
"78098",29,64,"paired",62,66,63.9687423668779,2,2,0.0312576331221308,4,2,1.96874236687787,-29.925
"78098",30,107,"paired",117,120,118.490505948789,10,13,11.490505948789,3,11.5,0.00949405121095026,13.075
"78098",31,150,"unpaired",125,128,126.491106406735,25,22,23.5088935932648,3,23.5,-0.00889359326481554,56.075
"78098",33,121,"paired",111,106,108.471194332873,10,15,12.5288056671266,5,12.5,-0.0288056671265622,27.075
"78098",34,50,"paired",114,72,90.598013223249,64,22,40.598013223249,42,43,2.40198677675099,-43.925
"78098",35,78,"unpaired",92,100,95.9166304662544,14,22,17.9166304662544,8,18,0.0833695337455822,-15.925
"78098",36,50,"unpaired",54,70,61.4817045957576,4,20,11.4817045957576,16,12,0.518295404242366,-43.925
"78098",37,135,"paired",113,109,110.981980519362,22,26,24.0180194806382,4,24,-0.0180194806382161,41.075
"78098",39,78,"unpaired",94,100,96.9535971483266,16,22,18.9535971483266,6,19,0.0464028516733634,-15.925
"78098",40,121,"unpaired",131,114,122.204746225341,10,7,1.20474622534095,17,8.5,7.29525377465905,27.075
"78098",41,50,"paired",61,61,61,11,11,11,0,11,-7.105427357601e-15,-43.925
"78098",42,78,"paired",100,100,100,22,22,22,0,22,-4.2632564145606e-14,-15.925
"78098",43,64,"unpaired",60,100,77.4596669241483,4,36,13.4596669241483,40,20,6.54033307585169,-29.925
"78098",45,121,"paired",131,117,123.80226169178,10,4,2.80226169178007,14,7,4.19773830821993,27.075
"78098",46,107,"paired",147,131,138.769593211193,40,24,31.769593211193,16,32,0.230406788806988,13.075
"78098",47,121,"unpaired",144,144,144,23,23,23,0,23,0,27.075
"78098",48,135,"unpaired",144,146,144.996551683135,9,11,9.99655168313481,2,10,0.00344831686518887,41.075
"78098",49,78,"paired",90,82,85.9069263796581,12,4,7.90692637965809,8,8,0.0930736203419116,-15.925
"78098",51,150,"unpaired",122,145,133.003759345366,28,5,16.9962406546341,23,16.5,-0.496240654634079,56.075
"78098",52,78,"unpaired",108,113,110.471715837132,30,35,32.4717158371318,5,32.5,0.0282841628681609,-15.925
"78098",53,50,"paired",86,92,88.9494238317483,36,42,38.9494238317483,6,39,0.0505761682516663,-43.925
"78098",54,92,"paired",112,117,114.472704170034,20,25,22.4727041700335,5,22.5,0.0272958299664765,-1.925
"78098",55,121,"unpaired",109,116,112.445542374965,12,5,8.5544576250353,7,8.5,-0.0544576250352975,27.075
"78098",57,64,"paired",91,90,90.4986187739901,27,26,26.4986187739901,1,26.5,0.00138122600988311,-29.925
"78098",58,121,"paired",147,134,140.349563590344,26,13,19.3495635903438,13,19.5,0.150436409656152,27.075
"78098",59,135,"unpaired",151,161,155.919851205675,16,26,20.9198512056755,10,21,0.0801487943245149,41.075
"78098",60,150,"unpaired",164,151,157.365815855922,14,1,7.36581585592216,13,7.5,0.134184144077835,56.075
"78098",61,50,"paired",59,58,58.4978632088387,9,8,8.49786320883867,1,8.5,0.00213679116133392,-43.925
"78098",63,64,"unpaired",83,71,76.7658778364451,19,7,12.7658778364451,12,13,0.234122163554943,-29.925
"78098",64,135,"unpaired",141,118,128.988371568913,6,17,6.01162843108688,23,11.5,5.48837156891312,41.075
"78098",65,107,"paired",100,100,100,7,7,6.99999999999996,0,7,4.2632564145606e-14,13.075
"78098",66,64,"paired",87,89,87.9943179983799,23,25,23.9943179983799,2,24,0.00568200162013,-29.925
"78098",67,107,"unpaired",106,106,106,1,1,1.00000000000003,0,1,-2.8421709430404e-14,13.075
"78098",69,121,"paired",117,124,120.449159399308,4,3,0.550840600691529,7,3.5,2.94915939930847,27.075
"78098",70,92,"paired",132,125,128.452325786651,40,33,36.4523257866514,7,36.5,0.0476742133486425,-1.925
"78098",71,107,"unpaired",125,142,133.229125944742,18,35,26.2291259447423,17,26.5,0.270874055257678,13.075
"78098",72,50,"unpaired",70,68,68.9927532426414,20,18,18.9927532426414,2,19,0.00724675735861524,-43.925
"78098",73,78,"paired",100,101,100.498756211209,22,23,22.498756211209,1,22.5,0.00124378879101528,-15.925
"78098",75,92,"unpaired",113,91,101.405128075458,21,1,9.4051280754578,22,11,1.5948719245422,-1.925
"78098",76,64,"unpaired",89,90,89.4986033410578,25,26,25.4986033410578,1,25.5,0.00139665894222674,-29.925
"78098",77,135,"paired",141,137,138.985610766007,6,2,3.98561076600708,4,4,0.0143892339929153,41.075
"78098",78,64,"paired",100,82,90.5538513813742,36,18,26.5538513813742,18,27,0.44614861862577,-29.925
"78098",79,50,"unpaired",58,80,68.1175454637056,8,30,18.1175454637056,22,19,0.882454536294446,-43.925
"78098",81,121,"paired",129,131,129.996153789256,8,10,8.99615378925631,2,9,0.00384621074368852,27.075
"78098",82,64,"paired",104,102,102.99514551667,40,38,38.9951455166699,2,39,0.00485448333012073,-29.925
"78098",83,121,"unpaired",153,130,141.031911282518,32,9,20.0319112825178,23,20.5,0.468088717482203,27.075
"78098",84,50,"unpaired",80,84,81.9756061276768,30,34,31.9756061276768,4,32,0.0243938723232446,-43.925
"78098",85,64,"paired",72,91,80.9444253793922,8,27,16.9444253793922,19,17.5,0.5555746206078,-29.925
"78098",87,50,"unpaired",60,79,68.847657912234,10,29,18.847657912234,19,19.5,0.652342087765987,-43.925
"78098",88,135,"unpaired",134,115,124.137021069462,1,20,10.8629789305382,19,10.5,-0.362978930538219,41.075
"78098",89,50,"paired",77,69,72.8903285765677,27,19,22.8903285765677,8,23,0.10967142343226,-43.925
"78098",90,150,"paired",144,156,149.879951961562,6,6,0.120048038438426,12,6,5.87995196156157,56.075
"78098",91,92,"unpaired",74,118,93.4451710897894,18,26,1.44517108978937,44,22,20.5548289102106,-1.925
"78098",93,78,"paired",108,110,108.99541274751,30,32,30.9954127475097,2,31,0.00458725249032454,-15.925
"78098",94,78,"paired",114,114,114,36,36,36,0,36,-2.8421709430404e-14,-15.925
"78098",95,64,"unpaired",109,119,113.890298094263,45,55,49.8902980942626,10,50,0.109701905737424,-29.925
"78098",96,92,"unpaired",113,114,113.498898673071,21,22,21.4988986730709,1,21.5,0.00110132692908849,-1.925
"78141",1,92,"paired",61,50,55.2268050859363,31,42,36.7731949140637,11,36.5,-0.273194914063708,-1.925
"78141",3,50,"unpaired",36,51,42.8485705712571,14,1,7.15142942874292,15,7.5,0.348570571257085,-43.925
"78141",4,107,"unpaired",78,76,76.9935062196807,29,31,30.0064937803193,2,30,-0.00649378031933168,13.075
"78141",5,50,"paired",63,54,58.3266662856707,13,4,8.32666628567072,9,8.5,0.173333714329281,-43.925
"78141",6,78,"paired",56,41,47.9165942028438,22,37,30.0834057971562,15,29.5,-0.583405797156232,-15.925
"78141",7,50,"unpaired",60,49,54.2217668469038,10,1,4.22176684690381,11,5.5,1.27823315309619,-43.925
"78141",9,135,"paired",111,142,125.546804021449,24,7,9.45319597855149,31,15.5,6.04680402144851,41.075
"78141",10,50,"paired",50,41,45.2769256906871,0,9,4.72307430931293,9,4.5,-0.223074309312928,-43.925
"78141",11,107,"unpaired",91,79,84.7879708449258,16,28,22.2120291550742,12,22,-0.212029155074177,13.075
"78141",12,92,"unpaired",74,61,67.1863081289633,18,31,24.8136918710367,13,24.5,-0.313691871036681,-1.925
"78141",13,107,"paired",74,66,69.8856208386246,33,41,37.1143791613754,8,37,-0.114379161375368,13.075
"78141",15,121,"unpaired",116,85,99.2975326984512,5,36,21.7024673015488,31,20.5,-1.20246730154877,27.075
"78141",16,64,"unpaired",55,53,53.9907399467724,9,11,10.0092600532276,2,10,-0.00926005322764922,-29.925
"78141",17,92,"paired",74,80,76.9415362466853,18,12,15.0584637533147,6,15,-0.0584637533146548,-1.925
"78141",18,107,"paired",87,90,88.4872872225157,20,17,18.5127127774843,3,18.5,-0.0127127774842535,13.075
"78141",19,135,"unpaired",110,96,102.761860629321,25,39,32.238139370679,14,32,-0.238139370679008,41.075
"78141",21,92,"paired",79,66,72.2080327941427,13,26,19.7919672058573,13,19.5,-0.291967205857262,-1.925
"78141",22,92,"paired",76,66,70.8237248385031,16,26,21.1762751614969,10,21,-0.176275161496918,-1.925
"78141",23,150,"unpaired",94,93,93.4986630920464,56,57,56.5013369079536,1,56.5,-0.00133690795362895,56.075
"78141",24,107,"unpaired",81,89,84.9058301885094,26,18,22.0941698114906,8,22,-0.0941698114906018,13.075
"78141",25,107,"paired",59,72,65.1766829472013,48,35,41.8233170527987,13,41.5,-0.3233170527987,13.075
"78141",27,121,"unpaired",82,88,84.9470423263812,39,33,36.0529576736188,6,36,-0.0529576736188062,27.075
"78141",28,150,"unpaired",117,96,105.981130395934,33,54,44.0188696040658,21,43.5,-0.518869604065841,56.075
"78141",29,64,"paired",52,59,55.3895296965049,12,5,8.61047030349506,7,8.5,-0.110470303495056,-29.925
"78141",30,107,"paired",86,78,81.9023809177731,21,29,25.0976190822269,8,25,-0.097619082226899,13.075
"78141",31,150,"unpaired",88,94,90.9505360072166,62,56,59.0494639927834,6,59,-0.0494639927834442,56.075
"78141",33,121,"paired",49,69,58.1463670404265,72,52,62.8536329595735,20,62,-0.853632959573481,27.075
"78141",34,50,"paired",65,45,54.0832691319598,15,5,4.08326913195982,20,10,5.91673086804018,-43.925
"78141",35,78,"unpaired",65,73,68.8839603971781,13,5,9.11603960282189,8,9,-0.116039602821886,-15.925
"78141",36,50,"unpaired",44,41,42.4735211631906,6,9,7.52647883680941,3,7.5,-0.0264788368094102,-43.925
"78141",37,135,"paired",79,75,76.9740215917033,56,60,58.0259784082967,4,58,-0.0259784082967087,41.075
"78141",39,78,"unpaired",61,65,62.9682459657247,17,13,15.0317540342753,4,15,-0.0317540342753446,-15.925
"78141",40,121,"unpaired",80,86,82.9457654133109,41,35,38.0542345866891,6,38,-0.054234586689148,27.075
"78141",41,50,"paired",36,43,39.344631145812,14,7,10.655368854188,7,10.5,-0.155368854187991,-43.925
"78141",42,78,"paired",67,75,70.8872343937891,11,3,7.11276560621093,8,7,-0.112765606210928,-15.925
"78141",43,64,"unpaired",48,63,54.9909083394701,16,1,9.0090916605299,15,8.5,-0.509091660529904,-29.925
"78141",45,121,"paired",82,96,88.7242920512753,39,25,32.2757079487247,14,32,-0.275707948724701,27.075
"78141",46,107,"paired",88,92,89.977775033616,19,15,17.022224966384,4,17,-0.0222249663840302,13.075
"78141",47,121,"unpaired",89,89,89,32,32,32,0,32,-1.4210854715202e-14,27.075
"78141",48,135,"unpaired",77,90,83.2466215530697,58,45,51.7533784469303,13,51.5,-0.253378446930341,41.075
"78141",49,78,"paired",70,65,67.4536878161602,8,13,10.5463121838398,5,10.5,-0.0463121838397882,-15.925
"78141",51,150,"unpaired",95,91,92.9784921366226,55,59,57.0215078633774,4,57,-0.0215078633774084,56.075
"78141",52,78,"unpaired",68,63,65.4522726878143,10,15,12.5477273121857,5,12.5,-0.0477273121857138,-15.925
"78141",53,50,"paired",41,49,44.8218696620299,9,1,5.17813033797007,8,5,-0.178130337970067,-43.925
"78141",54,92,"paired",84,68,75.5777745107647,8,24,16.4222254892353,16,16,-0.422225489235302,-1.925
"78141",55,121,"unpaired",69,87,77.4790294208697,52,34,43.5209705791303,18,43,-0.520970579130278,27.075
"78141",57,64,"paired",40,34,36.8781778291716,24,30,27.1218221708284,6,27,-0.121822170828437,-29.925
"78141",58,121,"paired",76,88,81.7801932010435,45,33,39.2198067989565,12,39,-0.219806798956498,27.075
"78141",59,135,"unpaired",67,88,76.7854152818098,68,47,58.2145847181902,21,57.5,-0.714584718190167,41.075
"78141",60,150,"unpaired",81,94,87.2582374334939,69,56,62.7417625665061,13,62.5,-0.241762566506068,56.075
"78141",61,50,"paired",39,31,34.7706773014274,11,19,15.2293226985726,8,15,-0.229322698572581,-43.925
"78141",63,64,"unpaired",52,54,52.9905651979671,12,10,11.0094348020329,2,11,-0.00943480203292069,-29.925
"78141",64,135,"unpaired",83,84,83.4985029805924,52,51,51.5014970194076,1,51.5,-0.00149701940758007,41.075
"78141",65,107,"paired",79,71,74.8932573734111,28,36,32.1067426265889,8,32,-0.106742626588868,13.075
"78141",66,64,"paired",61,52,56.3205113613149,3,12,7.67948863868509,9,7.5,-0.179488638685086,-29.925
"78141",67,107,"unpaired",62,76,68.644009206922,45,31,38.355990793078,14,38,-0.355990793077964,13.075
"78141",69,121,"paired",78,68,72.8285658241325,43,53,48.1714341758675,10,48,-0.171434175867489,27.075
"78141",70,92,"paired",68,78,72.8285658241325,24,14,19.1714341758675,10,19,-0.171434175867489,-1.925
"78141",71,107,"unpaired",64,83,72.8834686331544,43,24,34.1165313668456,19,33.5,-0.616531366845649,13.075
"78141",72,50,"unpaired",36,41,38.4187454245971,14,9,11.5812545754029,5,11.5,-0.0812545754029088,-43.925
"78141",73,78,"paired",51,40,45.1663591625449,27,38,32.8336408374551,11,32.5,-0.333640837455143,-15.925
"78141",75,92,"unpaired",65,79,71.6589143093865,27,13,20.3410856906135,14,20,-0.341085690613497,-1.925
"78141",76,64,"unpaired",50,65,57.0087712549569,14,1,6.99122874504312,15,7.5,0.508771254956876,-29.925
"78141",77,135,"paired",84,68,75.5777745107647,51,67,59.4222254892353,16,59,-0.422225489235302,41.075
"78141",78,64,"paired",72,79,75.4188305398592,8,15,11.4188305398592,7,11.5,0.0811694601407851,-29.925
"78141",79,50,"unpaired",41,55,47.4868402823351,9,5,2.51315971766493,14,7,4.48684028233507,-43.925
"78141",81,121,"paired",74,64,68.818602136341,47,57,52.181397863659,10,52,-0.181397863658987,27.075
"78141",82,64,"paired",69,57,62.7136348811006,5,7,1.28636511889937,12,6,4.71363488110063,-29.925
"78141",83,121,"unpaired",61,80,69.8569967862919,60,41,51.1430032137081,19,50.5,-0.643003213708113,27.075
"78141",84,50,"unpaired",31,38,34.322004603461,19,12,15.677995396539,7,15.5,-0.177995396538975,-43.925
"78141",85,64,"paired",33,43,37.6696164036747,31,21,26.3303835963253,10,26,-0.330383596325277,-29.925
"78141",87,50,"unpaired",52,48,49.9599839871872,2,2,0.0400160128128064,4,2,1.95998398718719,-43.925
"78141",88,135,"unpaired",65,91,76.909037180295,70,44,58.090962819705,26,57,-1.09096281970498,41.075
"78141",89,50,"paired",51,58,54.3874985635486,1,8,4.38749856354857,7,4.5,0.112501436451431,-43.925
"78141",90,150,"paired",92,106,98.7522151650281,58,44,51.2477848349719,14,51,-0.247784834971895,56.075
"78141",91,92,"unpaired",73,70,71.4842640026461,19,22,20.5157359973539,3,20.5,-0.0157359973539002,-1.925
"78141",93,78,"paired",60,49,54.2217668469038,18,29,23.7782331530962,11,23.5,-0.278233153096188,-15.925
"78141",94,78,"paired",72,58,64.621977685614,6,20,13.378022314386,14,13,-0.378022314385959,-15.925
"78141",95,64,"unpaired",63,66,64.482555780614,1,2,0.482555780613993,3,1.5,1.01744421938601,-29.925
"78141",96,92,"unpaired",75,78,76.4852927038917,17,14,15.5147072961083,3,15.5,-0.0147072961082699,-1.925
"78156",1,92,"paired",72,85,78.2304288624318,20,7,13.7695711375682,13,13.5,-0.269571137568235,-1.925
"78156",3,50,"unpaired",55,58,56.4800849857718,5,8,6.48008498577175,3,6.5,0.0199150142282463,-43.925
"78156",4,107,"unpaired",86,78,81.9023809177731,21,29,25.0976190822269,8,25,-0.097619082226899,13.075
"78156",5,50,"paired",57,55,55.9910707166777,7,5,5.99107071667768,2,6,0.0089292833223169,-43.925
"78156",6,78,"paired",86,93,89.4315380612455,8,15,11.4315380612455,7,11.5,0.0684619387545098,-15.925
"78156",7,50,"unpaired",49,58,53.3104117410473,1,8,3.31041174104734,9,4.5,1.18958825895266,-43.925
"78156",9,135,"paired",121,137,128.751699017916,14,2,6.24830098208415,16,8,1.75169901791585,41.075
"78156",10,50,"paired",72,50,60,22,0,9.99999999999999,22,11,1.00000000000001,-43.925
"78156",11,107,"unpaired",90,106,97.6729235765983,17,1,9.32707642340173,16,9,-0.327076423401735,13.075
"78156",12,92,"unpaired",113,123,117.894020204589,21,31,25.8940202045888,10,26,0.10597979541123,-1.925
"78156",13,107,"paired",89,114,100.727354775155,18,7,6.27264522484475,25,12.5,6.22735477515525,13.075
"78156",15,121,"unpaired",112,146,127.874938905166,9,25,6.87493890516616,34,17,10.1250610948338,27.075
"78156",16,64,"unpaired",88,58,71.442284397967,24,6,7.44228439796699,30,15,7.55771560203301,-29.925
"78156",17,92,"paired",117,122,119.473846510439,25,30,27.4738465104392,5,27.5,0.0261534895607696,-1.925
"78156",18,107,"paired",83,93,87.8578397184907,24,14,19.1421602815093,10,19,-0.142160281509277,13.075
"78156",19,135,"unpaired",133,108,119.849906132629,2,27,15.1500938673709,25,14.5,-0.650093867370913,41.075
"78156",21,92,"paired",88,125,104.880884817015,4,33,12.8808848170152,37,18.5,5.61911518298476,-1.925
"78156",22,92,"paired",74,93,82.9578206078245,18,1,9.04217939217546,19,9.5,0.457820607824544,-1.925
"78156",23,150,"unpaired",137,111,123.316665540388,13,39,26.6833344596117,26,26,-0.683334459611672,56.075
"78156",24,107,"unpaired",115,145,129.13171570145,8,38,22.1317157014495,30,23,0.868284298550492,13.075
"78156",25,107,"paired",114,128,120.797350964332,7,21,13.797350964332,14,14,0.202649035668003,13.075
"78156",27,121,"unpaired",127,118,122.417319036156,6,3,1.41731903615596,9,4.5,3.08268096384404,27.075
"78156",28,150,"unpaired",142,156,148.835479641112,8,6,1.16452035888753,14,7,5.83547964111247,56.075
"78156",29,64,"paired",79,107,91.940197954975,15,43,27.940197954975,28,29,1.05980204502495,-29.925
"78156",30,107,"paired",89,111,99.3931587182941,18,4,7.60684128170588,22,11,3.39315871829412,13.075
"78156",31,150,"unpaired",108,146,125.570697218738,42,4,24.4293027812619,38,23,-1.4293027812619,56.075
"78156",33,121,"paired",131,138,134.454453254625,10,17,13.4544532546246,7,13.5,0.0455467453754466,27.075
"78156",34,50,"paired",89,47,64.6761161480805,39,3,14.6761161480805,42,21,6.32388385191953,-43.925
"78156",35,78,"unpaired",70,63,66.407830863536,8,15,11.592169136464,7,11.5,-0.0921691364640225,-15.925
"78156",36,50,"unpaired",69,60,64.3428317685816,19,10,14.3428317685816,9,14.5,0.157168231418353,-43.925
"78156",37,135,"paired",124,148,135.469553775009,11,13,0.469553775008848,24,12,11.5304462249912,41.075
"78156",39,78,"unpaired",116,75,93.2737905308882,38,3,15.2737905308882,41,20.5,5.22620946911184,-15.925
"78156",40,121,"unpaired",139,130,134.424700111252,18,9,13.4247001112518,9,13.5,0.0752998887482192,27.075
"78156",41,50,"paired",62,71,66.3475696615935,12,21,16.3475696615935,9,16.5,0.152430338406518,-43.925
"78156",42,78,"paired",84,90,86.9482604771366,6,12,8.94826047713661,6,9,0.0517395228633859,-15.925
"78156",43,64,"unpaired",80,77,78.4856674813943,16,13,14.4856674813943,3,14.5,0.01433251860567,-29.925
"78156",45,121,"paired",119,153,134.933316864294,2,32,13.9333168642941,34,17,3.06668313570594,27.075
"78156",46,107,"paired",94,118,105.318564365453,13,11,1.6814356345473,24,12,10.3185643654527,13.075
"78156",47,121,"unpaired",157,133,144.502595132406,36,12,23.5025951324058,24,24,0.497404867594184,27.075
"78156",48,135,"unpaired",160,156,157.987341265052,25,21,22.9873412650519,4,23,0.0126587349481042,41.075
"78156",49,78,"paired",89,106,97.1287804927046,11,28,19.1287804927046,17,19.5,0.371219507295436,-15.925
"78156",51,150,"unpaired",110,123,116.318528188763,40,27,33.6814718112372,13,33.5,-0.18147181123723,56.075
"78156",52,78,"unpaired",109,62,82.2070556582584,31,16,4.2070556582584,47,23.5,19.2929443417416,-15.925
"78156",53,50,"paired",76,59,66.9626761711329,26,9,16.9626761711329,17,17.5,0.53732382886713,-43.925
"78156",54,92,"paired",75,88,81.2403840463596,17,4,10.7596159536404,13,10.5,-0.259615953640392,-1.925
"78156",55,121,"unpaired",89,83,85.9476584905022,32,38,35.0523415094978,6,35,-0.0523415094977651,27.075
"78156",57,64,"paired",78,72,74.9399759807808,14,8,10.9399759807808,6,11,0.0600240192192274,-29.925
"78156",58,121,"paired",90,113,100.84641788383,31,8,20.1535821161703,23,19.5,-0.653582116170327,27.075
"78156",59,135,"unpaired",106,131,117.838873042812,29,4,17.1611269571879,25,16.5,-0.661126957187932,41.075
"78156",60,150,"unpaired",126,162,142.870570797488,24,12,7.1294292025122,36,18,10.8705707974878,56.075
"78156",61,50,"paired",52,70,60.3324125159935,2,20,10.3324125159935,18,11,0.667587484006546,-43.925
"78156",63,64,"unpaired",84,70,76.6811580507232,20,6,12.6811580507232,14,13,0.318841949276774,-29.925
"78156",64,135,"unpaired",142,116,128.343289657076,7,19,6.65671034292444,26,13,6.34328965707556,41.075
"78156",65,107,"paired",136,144,139.942845476287,29,37,32.9428454762872,8,33,0.057154523712768,13.075
"78156",66,64,"paired",50,56,52.9150262212918,14,8,11.0849737787082,6,11,-0.0849737787081679,-29.925
"78156",67,107,"unpaired",133,77,101.197826063607,26,30,5.80217393639326,56,28,22.1978260636067,13.075
"78156",69,121,"paired",161,150,155.402702679201,40,29,34.4027026792005,11,34.5,0.0972973207994698,27.075
"78156",70,92,"paired",79,93,85.7146428563989,13,1,6.28535714360113,14,7,0.714642856398868,-1.925
"78156",71,107,"unpaired",128,111,119.197315406011,21,4,12.1973154060107,17,12.5,0.302684593989312,13.075
"78156",72,50,"unpaired",38,30,33.7638860322683,12,20,16.2361139677317,8,16,-0.236113967731725,-43.925
"78156",73,78,"paired",61,81,70.2922470831599,17,3,7.70775291684009,20,10,2.29224708315991,-15.925
"78156",75,92,"unpaired",81,63,71.435285398744,11,29,20.564714601256,18,20,-0.564714601256043,-1.925
"78156",76,64,"unpaired",57,75,65.3834841531101,7,11,1.38348415311006,18,9,7.61651584688994,-29.925
"78156",77,135,"paired",129,145,136.766223900494,6,10,1.76622390049383,16,8,6.23377609950617,41.075
"78156",78,64,"paired",71,78,74.4177398205562,7,14,10.4177398205562,7,10.5,0.0822601794437787,-29.925
"78156",79,50,"unpaired",39,57,47.1487009365051,11,7,2.85129906349487,18,9,6.14870093650513,-43.925
"78156",81,121,"paired",120,122,120.995867698033,1,1,0.00413230196660663,2,1,0.995867698033393,27.075
"78156",82,64,"paired",50,63,56.1248608016091,14,1,7.8751391983909,13,7.5,-0.375139198390897,-29.925
"78156",83,121,"unpaired",120,108,113.841995766062,1,13,7.15800423393839,12,7,-0.158004233938385,27.075
"78156",84,50,"unpaired",58,63,60.4483250388296,8,13,10.4483250388296,5,10.5,0.051674961170356,-43.925
"78156",85,64,"paired",61,55,57.9223618302983,3,9,6.07763816970166,6,6,-0.0776381697016646,-29.925
"78156",87,50,"unpaired",69,81,74.7596147662627,19,31,24.7596147662627,12,25,0.2403852337373,-43.925
"78156",88,135,"unpaired",118,136,126.680700976905,17,1,8.31929902309503,18,9,0.680700976904973,41.075
"78156",89,50,"paired",57,82,68.3666585405489,7,32,18.3666585405489,25,19.5,1.13334145945115,-43.925
"78156",90,150,"paired",164,161,162.493076775597,14,11,12.4930767755968,3,12.5,0.00692322440320936,56.075
"78156",91,92,"unpaired",72,80,75.8946638440411,20,12,16.1053361559589,8,16,-0.105336155958881,-1.925
"78156",93,78,"paired",94,112,102.606042707045,16,34,24.6060427070453,18,25,0.393957292954738,-15.925
"78156",94,78,"paired",65,88,75.6306816047561,13,10,2.36931839524388,23,11.5,9.13068160475612,-15.925
"78156",95,64,"unpaired",92,86,88.9494238317483,28,22,24.9494238317483,6,25,0.0505761682516663,-29.925
"78156",96,92,"unpaired",115,68,88.4307638777366,23,24,3.5692361222634,47,23.5,19.9307638777366,-1.925
"78157",1,92,"paired",92,107,99.2169340384997,0,15,7.21693403849973,15,7.5,0.28306596150027,-1.925
"78157",3,50,"unpaired",93,42,62.497999967999,43,8,12.497999967999,51,25.5,13.002000032001,-43.925
"78157",4,107,"unpaired",110,64,83.9047078536121,3,43,23.0952921463879,46,23,-0.0952921463878766,13.075
"78157",5,50,"paired",78,78,78,28,28,28,0,28,0,-43.925
"78157",6,78,"paired",74,87,80.2371485036701,4,9,2.2371485036701,13,6.5,4.2628514963299,-15.925
"78157",7,50,"unpaired",67,56,61.2535713244542,17,6,11.2535713244542,11,11.5,0.246428675545808,-43.925
"78157",9,135,"paired",111,126,118.262420066562,24,9,16.7375799334379,15,16.5,-0.237579933437871,41.075
"78157",10,50,"paired",35,38,36.4691650576209,15,12,13.5308349423791,3,13.5,-0.030834942379073,-43.925
"78157",11,107,"unpaired",118,82,98.3666610188635,11,25,8.63333898113648,36,18,9.36666101886352,13.075
"78157",12,92,"unpaired",117,93,104.312031904282,25,1,12.3120319042823,24,13,0.687968095717707,-1.925
"78157",13,107,"paired",132,89,108.388191238714,25,18,1.3881912387138,43,21.5,20.1118087612862,13.075
"78157",15,121,"unpaired",110,112,110.995495404093,11,9,10.0045045959071,2,10,-0.00450459590713592,27.075
"78157",16,64,"unpaired",81,38,55.4797260267208,17,26,8.52027397327918,43,21.5,12.9797260267208,-29.925
"78157",17,92,"paired",113,125,118.848643240047,21,33,26.8486432400472,12,27,0.151356759952776,-1.925
"78157",18,107,"paired",89,83,85.9476584905022,18,24,21.0523415094978,6,21,-0.0523415094977651,13.075
"78157",19,135,"unpaired",125,96,109.544511501033,10,39,25.4554884989667,29,24.5,-0.955488498966716,41.075
"78157",21,92,"paired",120,83,99.7997995989972,28,9,7.79979959899724,37,18.5,10.7002004010028,-1.925
"78157",22,92,"paired",49,74,60.2162768692984,43,18,31.7837231307016,25,30.5,-1.28372313070162,-1.925
"78157",23,150,"unpaired",131,90,108.581766425123,19,60,41.4182335748769,41,39.5,-1.91823357487688,56.075
"78157",24,107,"unpaired",134,57,87.3956520657635,27,50,19.6043479342365,77,38.5,18.8956520657635,13.075
"78157",25,107,"paired",130,126,127.984374046209,23,19,20.9843740462092,4,21,0.0156259537907601,13.075
"78157",27,121,"unpaired",112,82,95.8331884056875,9,39,25.1668115943125,30,24,-1.16681159431249,27.075
"78157",28,150,"unpaired",109,96,102.293694820355,41,54,47.7063051796446,13,47.5,-0.206305179644644,56.075
"78157",29,64,"paired",57,60,58.4807660688538,7,4,5.51923393114622,3,5.5,-0.0192339311462177,-29.925
"78157",30,107,"paired",90,99,94.3927963353137,17,8,12.6072036646863,9,12.5,-0.107203664686324,13.075
"78157",31,150,"unpaired",130,109,119.037809119624,20,41,30.9621908803762,21,30.5,-0.462190880376241,56.075
"78157",33,121,"paired",125,141,132.759180473518,4,20,11.7591804735175,16,12,0.240819526482483,27.075
"78157",34,50,"paired",47,47,47,3,3,3.00000000000001,0,3,-7.105427357601e-15,-43.925
"78157",35,78,"unpaired",83,39,56.8946394662977,5,39,21.1053605337023,44,22,0.894639466297683,-15.925
"78157",36,50,"unpaired",64,31,44.5421149026402,14,19,5.45788509735983,33,16.5,11.0421149026402,-43.925
"78157",37,135,"paired",124,117,120.449159399308,11,18,14.5508406006915,7,14.5,-0.0508406006915294,41.075
"78157",39,78,"unpaired",76,84,79.8999374217527,2,6,1.89993742175271,8,4,2.10006257824729,-15.925
"78157",40,121,"unpaired",117,115,115.995689575087,4,6,5.0043104249127,2,5,-0.00431042491270262,27.075
"78157",41,50,"paired",65,70,67.4536878161602,15,20,17.4536878161602,5,17.5,0.0463121838397882,-43.925
"78157",42,78,"paired",85,91,87.94884877018,7,13,9.94884877018004,6,10,0.0511512298199648,-15.925
"78157",43,64,"unpaired",79,76,77.485482511242,15,12,13.485482511242,3,13.5,0.0145174887579742,-29.925
"78157",45,121,"paired",116,121,118.473625756959,5,0,2.52637424304085,5,2.5,-0.0263742430408485,27.075
"78157",46,107,"paired",89,108,98.0408078302091,18,1,8.95919216979085,19,9.5,0.540807830209147,13.075
"78157",47,121,"unpaired",84,115,98.2852990024449,37,6,22.7147009975551,31,21.5,-1.21470099755513,27.075
"78157",48,135,"unpaired",128,148,137.637204272682,7,13,2.63720427268206,20,10,7.36279572731794,41.075
"78157",49,78,"paired",69,74,71.4562803397994,9,4,6.54371966020059,5,6.5,-0.043719660200594,-15.925
"78157",51,150,"unpaired",119,108,113.366661766147,31,42,36.6333382338528,11,36.5,-0.133338233852811,56.075
"78157",52,78,"unpaired",64,56,59.8665181883831,14,22,18.1334818116169,8,18,-0.13348181161691,-15.925
"78157",53,50,"paired",43,51,46.8294778958724,7,1,3.17052210412762,8,4,0.82947789587238,-43.925
"78157",54,92,"paired",75,83,78.8986691902975,17,9,13.1013308097025,8,13,-0.101330809702503,-1.925
"78157",55,121,"unpaired",75,79,76.9740215917033,46,42,44.0259784082967,4,44,-0.0259784082967087,27.075
"78157",57,64,"paired",60,119,84.4985206971104,4,55,20.4985206971104,59,29.5,9.00147930288956,-29.925
"78157",58,121,"paired",61,85,72.0069441095788,60,36,48.9930558904212,24,48,-0.993055890421189,27.075
"78157",59,135,"unpaired",115,87,100.024996875781,20,48,34.9750031242189,28,34,-0.975003124218944,41.075
"78157",60,150,"unpaired",140,119,129.0736224021,10,31,20.9263775978997,21,20.5,-0.426377597899659,56.075
"78157",61,50,"paired",48,51,49.4772675074119,2,1,0.522732492588069,3,1.5,0.977267507411931,-43.925
"78157",63,64,"unpaired",49,32,39.5979797464467,15,32,24.4020202535533,17,23.5,-0.902020253553339,-29.925
"78157",64,135,"unpaired",115,81,96.5142476528725,20,54,38.4857523471275,34,37,-1.4857523471275,41.075
"78157",65,107,"paired",83,112,96.4157663455516,24,5,10.5842336544484,29,14.5,3.91576634555163,13.075
"78157",66,64,"paired",29,44,35.7211421989835,35,20,28.2788578010165,15,27.5,-0.7788578010165,-29.925
"78157",67,107,"unpaired",84,75,79.3725393319377,23,32,27.6274606680623,9,27.5,-0.127460668062298,13.075
"78157",69,121,"paired",115,121,117.9618582424,6,0,3.03814175760034,6,3,-0.0381417576003429,27.075
"78157",70,92,"paired",52,67,59.0254182534948,40,25,32.9745817465052,15,32.5,-0.474581746505166,-1.925
"78157",71,107,"unpaired",118,79,96.5505049184105,11,28,10.4494950815895,39,19.5,9.05050491841047,13.075
"78157",72,50,"unpaired",39,31,34.7706773014274,11,19,15.2293226985726,8,15,-0.229322698572581,-43.925
"78157",73,78,"paired",60,69,64.3428317685816,18,9,13.6571682314184,9,13.5,-0.157168231418353,-15.925
"78157",75,92,"unpaired",75,52,62.449979983984,17,40,29.550020016016,23,28.5,-1.05002001601603,-1.925
"78157",76,64,"unpaired",40,55,46.9041575982343,24,9,17.0958424017657,15,16.5,-0.595842401765687,-29.925
"78157",77,135,"paired",88,96,91.9130023446085,47,39,43.0869976553915,8,43,-0.0869976553915279,41.075
"78157",78,64,"paired",59,56,57.4804314527996,5,8,6.51956854720035,3,6.5,-0.0195685472003504,-29.925
"78157",79,50,"unpaired",36,57,45.2990066116245,14,7,4.7009933883755,21,10.5,5.7990066116245,-43.925
"78157",81,121,"paired",122,109,115.316954521007,1,12,5.68304547899304,13,6.5,0.816954521006963,27.075
"78157",82,64,"paired",60,70,64.8074069840786,4,6,0.807406984078611,10,5,4.19259301592139,-29.925
"78157",83,121,"unpaired",76,92,83.6181798414675,45,29,37.3818201585325,16,37,-0.381820158532506,27.075
"78157",84,50,"unpaired",36,30,32.86335345031,14,20,17.13664654969,6,17,-0.136646549690042,-43.925
"78157",85,64,"paired",49,59,53.7680202350803,15,5,10.2319797649197,10,10,-0.23197976491975,-29.925
"78157",87,50,"unpaired",34,61,45.5411901469428,16,11,4.45880985305719,27,13.5,9.04119014694281,-43.925
"78157",88,135,"unpaired",113,124,118.372294055661,22,11,16.6277059443385,11,16.5,-0.127705944338501,41.075
"78157",89,50,"paired",41,54,47.0531614240744,9,4,2.94683857592563,13,6.5,3.55316142407437,-43.925
"78157",90,150,"paired",123,137,129.811401656403,27,13,20.188598343597,14,20,-0.188598343596965,56.075
"78157",91,92,"unpaired",56,69,62.1610810716803,36,23,29.8389189283197,13,29.5,-0.338918928319735,-1.925
"78157",93,78,"paired",66,73,69.4118145563131,12,5,8.58818544368691,7,8.5,-0.0881854436869105,-15.925
"78157",94,78,"paired",68,71,69.4838110641608,10,7,8.51618893583915,3,8.5,-0.0161889358391534,-15.925
"78157",95,64,"unpaired",71,72,71.4982517268779,7,8,7.49825172687791,1,7.5,0.00174827312208947,-29.925
"78157",96,92,"unpaired",114,97,105.157025442906,22,5,13.1570254429061,17,13.5,0.342974557093854,-1.925
"78216",1,92,"paired",77,82,79.4606821012757,15,10,12.5393178987243,5,12.5,-0.0393178987242919,-1.925
"78216",3,50,"unpaired",67,59,62.8728876384726,17,9,12.8728876384726,8,13,0.127112361527409,-43.925
"78216",4,107,"unpaired",118,105,111.310376874755,11,2,4.31037687475504,13,6.5,2.18962312524496,13.075
"78216",5,50,"paired",64,64,64,14,14,14,0,14,2.1316282072803e-14,-43.925
"78216",6,78,"paired",87,83,84.9764673306675,9,5,6.9764673306675,4,7,0.0235326693324964,-15.925
"78216",7,50,"unpaired",78,82,79.9749960925288,28,32,29.9749960925288,4,30,0.0250039074711736,-43.925
"78216",9,135,"paired",109,111,109.995454451536,26,24,25.0045455484637,2,25,-0.00454554846366761,41.075
"78216",10,50,"paired",77,77,77,27,27,27,0,27,-1.4210854715202e-14,-43.925
"78216",11,107,"unpaired",117,95,105.427700344833,10,12,1.57229965516657,22,11,9.42770034483343,13.075
"78216",12,92,"unpaired",103,103,103,11,11,11,0,11,-1.4210854715202e-14,-1.925
"78216",13,107,"paired",77,78,77.4983870799902,30,29,29.5016129200098,1,29.5,-0.00161292000977653,13.075
"78216",15,121,"unpaired",94,104,98.8736567544662,27,17,22.1263432455338,10,22,-0.126343245533761,27.075
"78216",16,64,"unpaired",85,95,89.8610037780571,21,31,25.8610037780571,10,26,0.13899622194289,-29.925
"78216",17,92,"paired",111,116,113.472463620034,19,24,21.4724636200342,5,21.5,0.0275363799657526,-1.925
"78216",18,107,"paired",92,97,94.4669254289564,15,10,12.5330745710436,5,12.5,-0.0330745710436418,13.075
"78216",19,135,"unpaired",124,107,115.186804799855,11,28,19.8131952001446,17,19.5,-0.313195200144577,41.075
"78216",21,92,"paired",86,85,85.4985379991962,6,7,6.50146200080378,1,6.5,-0.00146200080378378,-1.925
"78216",22,92,"paired",94,94,94,2,2,2,0,2,0,-1.925
"78216",23,150,"unpaired",119,107,112.840595531927,31,43,37.1594044680728,12,37,-0.159404468072765,56.075
"78216",24,107,"unpaired",107,90,98.1325634027768,0,17,8.86743659722322,17,8.5,-0.367436597223218,13.075
"78216",25,107,"paired",77,83,79.9437302106926,30,24,27.0562697893074,6,27,-0.0562697893074073,13.075
"78216",27,121,"unpaired",95,95,95,26,26,26,0,26,0,27.075
"78216",28,150,"unpaired",115,106,110.408333018844,35,44,39.5916669811558,9,39.5,-0.0916669811558108,56.075
"78216",29,64,"paired",73,72,72.4982758415674,9,8,8.49827584156739,1,8.5,0.00172415843260865,-29.925
"78216",30,107,"paired",89,89,89,18,18,18,0,18,-1.4210854715202e-14,13.075
"78216",31,150,"unpaired",120,113,116.447413024077,30,37,33.552586975923,7,33.5,-0.0525869759229494,56.075
"78216",33,121,"paired",105,106,105.498815159223,16,15,15.5011848407766,1,15.5,-0.00118484077655978,27.075
"78216",34,50,"paired",92,78,84.7112743381895,42,28,34.7112743381895,14,35,0.288725661810545,-43.925
"78216",35,78,"unpaired",75,86,80.311892021045,3,8,2.31189202104503,11,5.5,3.18810797895497,-15.925
"78216",36,50,"unpaired",79,76,77.485482511242,29,26,27.485482511242,3,27.5,0.0145174887579742,-43.925
"78216",37,135,"paired",78,88,82.8492607088319,57,47,52.1507392911681,10,52,-0.150739291168108,41.075
"78216",39,78,"unpaired",91,83,86.9079973305104,13,5,8.90799733051038,8,9,0.0920026694896166,-15.925
"78216",40,121,"unpaired",109,106,107.489534374282,12,15,13.5104656257178,3,13.5,-0.0104656257178419,27.075
"78216",41,50,"paired",53,67,59.5902676617583,3,17,9.5902676617583,14,10,0.409732338241696,-43.925
"78216",42,78,"paired",95,91,92.9784921366226,17,13,14.9784921366226,4,15,0.0215078633774084,-15.925
"78216",43,64,"unpaired",82,82,82,18,18,18,0,18,-1.4210854715202e-14,-29.925
"78216",45,121,"paired",119,114,116.473172876848,2,7,4.52682712315249,5,4.5,-0.0268271231524864,27.075
"78216",46,107,"paired",97,95,95.994791525374,10,12,11.005208474626,2,11,-0.00520847462604479,13.075
"78216",47,121,"unpaired",111,106,108.471194332873,10,15,12.5288056671266,5,12.5,-0.0288056671265622,27.075
"78216",48,135,"unpaired",107,106,106.498826284612,28,29,28.5011737153879,1,28.5,-0.00117371538786415,41.075
"78216",49,78,"paired",73,83,77.8395786216755,5,5,0.1604213783245,10,5,4.8395786216755,-15.925
"78216",51,150,"unpaired",84,106,94.3610088966836,66,44,55.6389911033164,22,55,-0.638991103316386,56.075
"78216",52,78,"unpaired",83,82,82.4984848345714,5,4,4.49848483457141,1,4.5,0.00151516542858587,-15.925
"78216",53,50,"paired",78,65,71.2039324756716,28,15,21.2039324756716,13,21.5,0.296067524328421,-43.925
"78216",54,92,"paired",90,96,92.951600308978,2,4,0.951600308978001,6,3,2.048399691022,-1.925
"78216",55,121,"unpaired",115,109,111.95981421921,6,12,9.04018578079004,6,9,-0.0401857807900399,27.075
"78216",57,64,"paired",72,75,73.4846922834954,8,11,9.48469228349536,3,9.5,0.0153077165046369,-29.925
"78216",58,121,"paired",107,108,107.498837203014,14,13,13.5011627969865,1,13.5,-0.00116279698646338,27.075
"78216",59,135,"unpaired",119,109,113.890298094263,16,26,21.1097019057374,10,21,-0.109701905737424,41.075
"78216",60,150,"unpaired",114,108,110.959452053442,36,42,39.0405479465583,6,39,-0.0405479465583483,56.075
"78216",61,50,"paired",54,71,61.9193023216509,4,21,11.9193023216509,17,12.5,0.58069767834909,-43.925
"78216",63,64,"unpaired",66,73,69.4118145563131,2,9,5.41181455631309,7,5.5,0.0881854436869105,-29.925
"78216",64,135,"unpaired",93,108,100.21975853094,42,27,34.7802414690596,15,34.5,-0.280241469059575,41.075
"78216",65,107,"paired",94,92,92.9946235005013,13,15,14.0053764994987,2,14,-0.00537649949868069,13.075
"78216",66,64,"paired",77,83,79.9437302106926,13,19,15.9437302106926,6,16,0.0562697893074073,-29.925
"78216",67,107,"unpaired",98,109,103.353761421634,9,2,3.64623857836619,11,5.5,1.85376142163381,13.075
"78216",69,121,"paired",113,108,110.471715837132,8,13,10.5282841628682,5,10.5,-0.0282841628681609,27.075
"78216",70,92,"paired",93,86,89.4315380612455,1,6,2.56846193875451,7,3.5,0.93153806124549,-1.925
"78216",71,107,"unpaired",106,106,106,1,1,1.00000000000003,0,1,-2.8421709430404e-14,13.075
"78216",72,50,"unpaired",77,52,63.2771680782255,27,2,13.2771680782255,25,14.5,1.2228319217745,-43.925
"78216",73,78,"paired",82,78,79.9749960925288,4,0,1.97499609252883,4,2,0.0250039074711736,-15.925
"78216",75,92,"unpaired",79,81,79.9937497558403,13,11,12.0062502441597,2,12,-0.00625024415968767,-1.925
"78216",76,64,"unpaired",88,82,84.9470423263812,24,18,20.9470423263812,6,21,0.0529576736188062,-29.925
"78216",77,135,"paired",115,110,112.47221879202,20,25,22.5277812079801,5,22.5,-0.0277812079800555,41.075
"78216",78,64,"paired",86,90,87.9772697916911,22,26,23.9772697916911,4,24,0.0227302083089427,-29.925
"78216",79,50,"unpaired",82,88,84.9470423263812,32,38,34.9470423263812,6,35,0.0529576736188062,-43.925
"78216",81,121,"paired",110,110,110,11,11,11,0,11,4.2632564145606e-14,27.075
"78216",82,64,"paired",89,88,88.4985875593504,25,24,24.4985875593504,1,24.5,0.00141244064964496,-29.925
"78216",83,121,"unpaired",109,109,109,12,12,12,0,12,-2.8421709430404e-14,27.075
"78216",84,50,"unpaired",76,64,69.7423830966507,26,14,19.7423830966507,12,20,0.257616903349273,-43.925
"78216",85,64,"paired",81,88,84.4274836768218,17,24,20.4274836768218,7,20.5,0.072516323178192,-29.925
"78216",87,50,"unpaired",75,65,69.8212002188447,25,15,19.8212002188447,10,20,0.178799781155348,-43.925
"78216",88,135,"unpaired",114,109,111.47196957083,21,26,23.5280304291703,5,23.5,-0.028030429170272,41.075
"78216",89,50,"paired",69,70,69.4982014155762,19,20,19.4982014155762,1,19.5,0.00179858442376712,-43.925
"78216",90,150,"paired",115,119,116.982904733982,35,31,33.0170952660176,4,33,-0.0170952660175914,56.075
"78216",91,92,"unpaired",90,88,88.994381845148,2,4,3.00561815485203,2,3,-0.00561815485202999,-1.925
"78216",93,78,"paired",95,89,91.9510739469637,17,11,13.9510739469637,6,14,0.0489260530362827,-15.925
"78216",94,78,"paired",91,97,93.9521154631443,13,19,15.9521154631443,6,16,0.0478845368557046,-15.925
"78216",95,64,"unpaired",83,94,88.3289307078944,19,30,24.3289307078944,11,24.5,0.171069292105614,-29.925
"78216",96,92,"unpaired",87,109,97.3806962390391,5,17,5.38069623903907,22,11,5.61930376096093,-1.925
"78239",1,92,"paired",90,87,88.4872872225157,2,5,3.51271277748425,3,3.5,-0.0127127774842535,-1.925
"78239",3,50,"unpaired",75,92,83.0662386291807,25,42,33.0662386291807,17,33.5,0.433761370819255,-43.925
"78239",4,107,"unpaired",109,112,110.489818535465,2,5,3.48981853546508,3,3.5,0.0101814645349236,13.075
"78239",5,50,"paired",90,94,91.9782583005353,40,44,41.9782583005353,4,42,0.0217416994646982,-43.925
"78239",6,78,"paired",109,102,105.441927144756,31,24,27.4419271447559,7,27.5,0.0580728552441343,-15.925
"78239",7,50,"unpaired",106,70,86.1394218694321,56,20,36.1394218694321,36,38,1.86057813056787,-43.925
"78239",9,135,"paired",113,120,116.447413024077,22,15,18.552586975923,7,18.5,-0.0525869759229494,41.075
"78239",10,50,"paired",60,70,64.8074069840786,10,20,14.8074069840786,10,15,0.192593015921389,-43.925
"78239",11,107,"unpaired",101,103,101.99509792142,6,4,5.0049020785803,2,5,-0.0049020785803009,13.075
"78239",12,92,"unpaired",103,106,104.489233895172,11,14,12.4892338951722,3,12.5,0.0107661048277805,-1.925
"78239",13,107,"paired",98,97,97.4987179402889,9,10,9.50128205971114,1,9.5,-0.00128205971114426,13.075
"78239",15,121,"unpaired",104,113,108.406641862941,17,8,12.5933581370588,9,12.5,-0.0933581370587717,27.075
"78239",16,64,"unpaired",87,60,72.2495674727537,23,4,8.24956747275372,27,13.5,5.25043252724628,-29.925
"78239",17,92,"paired",94,102,97.9183333191492,2,10,5.91833331914916,8,6,0.0816666808508444,-1.925
"78239",18,107,"paired",109,110,109.498858441538,2,3,2.49885844153816,1,2.5,0.00114155846183905,13.075
"78239",19,135,"unpaired",110,118,113.929802949009,25,17,21.070197050991,8,21,-0.070197050991041,41.075
"78239",21,92,"paired",103,103,103,11,11,11,0,11,-1.4210854715202e-14,-1.925
"78239",22,92,"paired",80,100,89.4427190999916,12,8,2.55728090000841,20,10,7.44271909999159,-1.925
"78239",23,150,"unpaired",111,122,116.370099252342,39,28,33.6299007476577,11,33.5,-0.129900747657686,56.075
"78239",24,107,"unpaired",109,109,109,2,2,1.99999999999997,0,2,2.8421709430404e-14,13.075
"78239",25,107,"paired",96,101,98.4682690007293,11,6,8.53173099927068,5,8.5,-0.0317309992706782,13.075
"78239",27,121,"unpaired",104,92,97.8161540850999,17,29,23.1838459149001,12,23,-0.183845914900132,27.075
"78239",28,150,"unpaired",105,110,107.470926301023,45,40,42.5290736989766,5,42.5,-0.0290736989766174,56.075
"78239",29,64,"paired",93,86,89.4315380612455,29,22,25.4315380612455,7,25.5,0.0684619387545098,-29.925
"78239",30,107,"paired",109,111,109.995454451536,2,4,2.99545445153633,2,3,0.00454554846366761,13.075
"78239",31,150,"unpaired",107,116,111.409155817644,43,34,38.5908441823564,9,38.5,-0.0908441823563919,56.075
"78239",33,121,"paired",108,105,106.489436095793,13,16,14.510563904207,3,14.5,-0.0105639042069612,27.075
"78239",34,50,"paired",83,63,72.3118247591637,33,13,22.3118247591637,20,23,0.68817524083633,-43.925
"78239",35,78,"unpaired",97,78,86.9827569119305,19,0,8.98275691193049,19,9.5,0.517243088069506,-15.925
"78239",36,50,"unpaired",84,65,73.8918128076446,34,15,23.8918128076446,19,24.5,0.608187192355388,-43.925
"78239",37,135,"paired",100,102,100.995049383621,35,33,34.0049506163792,2,34,-0.00495061637917615,41.075
"78239",39,78,"unpaired",101,72,85.2760224213114,23,6,7.27602242131138,29,14.5,7.22397757868862,-15.925
"78239",40,121,"unpaired",105,113,108.926580778063,16,8,12.0734192219365,8,12,-0.0734192219365184,27.075
"78239",41,50,"paired",98,88,92.8654941299512,48,38,42.8654941299512,10,43,0.13450587004877,-43.925
"78239",42,78,"paired",90,93,91.4877040918614,12,15,13.4877040918614,3,13.5,0.0122959081385545,-15.925
"78239",43,64,"unpaired",96,81,88.1816307401945,32,17,24.1816307401945,15,24.5,0.318369259805536,-29.925
"78239",45,121,"paired",108,100,103.923048454133,13,21,17.0769515458673,8,17,-0.0769515458673311,27.075
"78239",46,107,"paired",115,119,116.982904733982,8,12,9.98290473398241,4,10,0.0170952660175914,13.075
"78239",47,121,"unpaired",84,115,98.2852990024449,37,6,22.7147009975551,31,21.5,-1.21470099755513,27.075
"78239",48,135,"unpaired",89,115,101.168176814649,46,20,33.8318231853514,26,33,-0.831823185351368,41.075
"78239",49,78,"paired",89,90,89.4986033410578,11,12,11.4986033410578,1,11.5,0.00139665894222674,-15.925
"78239",51,150,"unpaired",108,109,108.498847920151,42,41,41.5011520798492,1,41.5,-0.00115207984924837,56.075
"78239",52,78,"unpaired",93,85,88.910066921581,15,7,10.910066921581,8,11,0.0899330784190369,-15.925
"78239",53,50,"paired",68,67,67.4981481227448,18,17,17.4981481227448,1,17.5,0.00185187725517721,-43.925
"78239",54,92,"paired",81,74,77.4209274033837,11,18,14.5790725966163,7,14.5,-0.0790725966163279,-1.925
"78239",55,121,"unpaired",106,110,107.981479893545,15,11,13.0185201064553,4,13,-0.0185201064552842,27.075
"78239",57,64,"paired",107,86,95.9270556204035,43,22,31.9270556204035,21,32.5,0.572944379596507,-29.925
"78239",58,121,"paired",80,95,87.1779788708135,41,26,33.8220211291865,15,33.5,-0.32202112918651,27.075
"78239",59,135,"unpaired",112,107,109.471457467232,23,28,25.528542532768,5,25.5,-0.0285425327679718,41.075
"78239",60,150,"unpaired",110,110,110,40,40,40,0,40,4.2632564145606e-14,56.075
"78239",61,50,"paired",89,88,88.4985875593504,39,38,38.4985875593504,1,38.5,0.00141244064964496,-43.925
"78239",63,64,"unpaired",115,85,98.868599666426,51,21,34.868599666426,30,36,1.13140033357399,-29.925
"78239",64,135,"unpaired",110,112,110.995495404093,25,23,24.0045045959071,2,24,-0.00450459590713592,41.075
"78239",65,107,"paired",107,109,107.995370271137,0,2,0.995370271137006,2,1,0.0046297288629944,13.075
"78239",66,64,"paired",80,75,77.4596669241483,16,11,13.4596669241483,5,13.5,0.0403330758516915,-29.925
"78239",67,107,"unpaired",104,97,100.439036235918,3,10,6.56096376408226,7,6.5,-0.0609637640822598,13.075
"78239",69,121,"paired",110,110,110,11,11,11,0,11,4.2632564145606e-14,27.075
"78239",70,92,"paired",95,93,93.9946807005588,3,1,1.99468070055885,2,2,0.00531929944115461,-1.925
"78239",71,107,"unpaired",95,92,93.487967140162,12,15,13.512032859838,3,13.5,-0.0120328598380013,13.075
"78239",72,50,"unpaired",81,65,72.5603197346869,31,15,22.5603197346869,16,23,0.439680265313058,-43.925
"78239",73,78,"paired",92,85,88.4307638777366,14,7,10.4307638777366,7,10.5,0.0692361222634048,-15.925
"78239",75,92,"unpaired",103,100,101.488915650922,11,8,9.48891565092222,3,9.5,0.0110843490777768,-1.925
"78239",76,64,"unpaired",89,86,87.4871419123976,25,22,23.4871419123976,3,23.5,0.0128580876024103,-29.925
"78239",77,135,"paired",111,112,111.498878918131,24,23,23.5011210818692,1,23.5,-0.00112108186920068,41.075
"78239",78,64,"paired",82,80,80.9938269252663,18,16,16.9938269252663,2,17,0.00617307473369522,-29.925
"78239",79,50,"unpaired",60,75,67.0820393249937,10,25,17.0820393249937,15,17.5,0.417960675006299,-43.925
"78239",81,121,"paired",113,112,112.498888883402,8,9,8.5011111165982,1,8.5,-0.00111111659819585,27.075
"78239",82,64,"paired",71,82,76.3020314277412,7,18,12.3020314277412,11,12.5,0.19796857225883,-29.925
"78239",83,121,"unpaired",112,109,110.489818535465,9,12,10.5101814645349,3,10.5,-0.0101814645349236,27.075
"78239",84,50,"unpaired",57,68,62.2575296650935,7,18,12.2575296650935,11,12.5,0.242470334906464,-43.925
"78239",85,64,"paired",78,73,75.458597919654,14,9,11.458597919654,5,11.5,0.041402080346046,-29.925
"78239",87,50,"unpaired",74,55,63.7965516309463,24,5,13.7965516309463,19,14.5,0.703448369053653,-43.925
"78239",88,135,"unpaired",110,102,105.924501414923,25,33,29.0754985850771,8,29,-0.0754985850771135,41.075
"78239",89,50,"paired",54,63,58.3266662856707,4,13,8.32666628567072,9,8.5,0.173333714329281,-43.925
"78239",90,150,"paired",112,110,110.995495404093,38,40,39.0045045959071,2,39,-0.00450459590713592,56.075
"78239",91,92,"unpaired",85,85,85,7,7,6.99999999999999,0,7,1.4210854715202e-14,-1.925
"78239",93,78,"paired",97,93,94.9789450352024,19,15,16.9789450352024,4,17,0.0210549647975711,-15.925
"78239",94,78,"paired",77,92,84.1665016500033,1,14,6.16650165000327,15,7.5,1.33349834999673,-15.925
"78239",95,64,"unpaired",92,75,83.0662386291807,28,11,19.0662386291807,17,19.5,0.433761370819255,-29.925
"78239",96,92,"unpaired",105,105,105,13,13,13,0,13,2.8421709430404e-14,-1.925
"78257",1,92,"paired",101,101,101,9,9,9.00000000000003,0,9,-2.8421709430404e-14,-1.925
"78257",3,50,"unpaired",52,111,75.9736796528903,2,61,25.9736796528903,59,31.5,5.52632034710967,-43.925
"78257",4,107,"unpaired",106,114,109.92724866929,1,7,2.92724866929036,8,4,1.07275133070964,13.075
"78257",5,50,"paired",53,43,47.73887304912,3,7,2.26112695087996,10,5,2.73887304912004,-43.925
"78257",6,78,"paired",83,92,87.3842090998139,5,14,9.38420909981393,9,9.5,0.11579090018607,-15.925
"78257",7,50,"unpaired",49,59,53.7680202350803,1,9,3.76802023508025,10,5,1.23197976491975,-43.925
"78257",9,135,"paired",121,134,127.334205930693,14,1,7.66579406930747,13,7.5,-0.165794069307466,41.075
"78257",10,50,"paired",46,47,46.4973117502507,4,3,3.50268824974932,1,3.5,-0.00268824974931903,-43.925
"78257",11,107,"unpaired",102,123,112.008928215567,5,16,5.00892821556677,21,10.5,5.49107178443323,13.075
"78257",12,92,"unpaired",92,129,108.940350651171,0,37,16.9403506511706,37,18.5,1.55964934882938,-1.925
"78257",13,107,"paired",105,113,108.926580778063,2,6,1.92658077806348,8,4,2.07341922193652,13.075
"78257",15,121,"unpaired",108,127,117.115327775659,13,6,3.88467222434119,19,9.5,5.61532777565881,27.075
"78257",16,64,"unpaired",70,78,73.8918128076447,6,14,9.89181280764467,8,10,0.108187192355331,-29.925
"78257",17,92,"paired",79,76,77.485482511242,13,16,14.514517488758,3,14.5,-0.0145174887579742,-1.925
"78257",18,107,"paired",115,127,120.851148112047,8,20,13.8511481120474,12,14,0.148851887952617,13.075
"78257",19,135,"unpaired",107,136,120.631670800002,28,1,14.3683291999982,29,14.5,0.131670800001771,41.075
"78257",21,92,"paired",94,106,99.8198377077422,2,14,7.81983770774222,12,8,0.180162292257776,-1.925
"78257",22,92,"paired",93,111,101.602165331257,1,19,9.60216533125656,18,10,0.397834668743442,-1.925
"78257",23,150,"unpaired",144,148,145.986300727157,6,2,4.01369927284267,4,4,-0.0136992728426719,56.075
"78257",24,107,"unpaired",109,121,114.843371598016,2,14,7.84337159801605,12,8,0.156628401983951,13.075
"78257",25,107,"paired",92,106,98.7522151650281,15,1,8.2477848349719,14,8,-0.247784834971895,13.075
"78257",27,121,"unpaired",121,117,118.983192090312,0,4,2.01680790968832,4,2,-0.0168079096883247,27.075
"78257",28,150,"unpaired",119,140,129.0736224021,31,10,20.9263775978997,21,20.5,-0.426377597899659,56.075
"78257",29,64,"paired",85,86,85.4985379991962,21,22,21.4985379991962,1,21.5,0.00146200080378378,-29.925
"78257",30,107,"paired",112,110,110.995495404093,5,3,3.99549540409286,2,4,0.00450459590713592,13.075
"78257",31,150,"unpaired",119,118,118.498945142984,31,32,31.5010548570157,1,31.5,-0.00105485701567432,56.075
"78257",33,121,"paired",86,104,94.5727233402951,35,17,26.4272766597049,18,26,-0.427276659704916,27.075
"78257",34,50,"paired",73,87,79.6931615635871,23,37,29.6931615635871,14,30,0.306838436412889,-43.925
"78257",35,78,"unpaired",61,71,65.8103335350916,17,7,12.1896664649084,10,12,-0.189666464908413,-15.925
"78257",36,50,"unpaired",56,87,69.7997134664606,6,37,19.7997134664606,31,21.5,1.7002865335394,-43.925
"78257",37,135,"paired",119,116,117.490425141796,16,19,17.5095748582039,3,17.5,-0.00957485820386239,41.075
"78257",39,78,"unpaired",83,89,85.9476584905022,5,11,7.94765849050223,6,8,0.0523415094977651,-15.925
"78257",40,121,"unpaired",115,117,115.995689575087,6,4,5.0043104249127,2,5,-0.00431042491270262,27.075
"78257",41,50,"paired",55,75,64.2261628933257,5,25,14.2261628933257,20,15,0.773837106674335,-43.925
"78257",42,78,"paired",85,80,82.4621125123532,7,2,4.4621125123532,5,4.5,0.0378874876467989,-15.925
"78257",43,64,"unpaired",61,87,72.8491592264455,3,23,8.84915922644547,26,13,4.15084077355453,-29.925
"78257",45,121,"paired",114,129,121.268297588446,7,8,0.26829758844643,15,7.5,7.23170241155357,27.075
"78257",46,107,"paired",110,112,110.995495404093,3,5,3.99549540409286,2,4,0.00450459590713592,13.075
"78257",47,121,"unpaired",134,116,124.67557900407,13,5,3.67557900406958,18,9,5.32442099593042,27.075
"78257",48,135,"unpaired",121,111,115.89219128138,14,24,19.1078087186199,10,19,-0.107808718619921,41.075
"78257",49,78,"paired",62,65,63.4822809924155,16,13,14.5177190075845,3,14.5,-0.0177190075844962,-15.925
"78257",51,150,"unpaired",138,140,138.996402831152,12,10,11.0035971688475,2,11,-0.00359716884750583,56.075
"78257",52,78,"unpaired",102,63,80.1623352953243,24,15,2.1623352953243,39,19.5,17.3376647046757,-15.925
"78257",53,50,"paired",53,61,56.859475903318,3,11,6.85947590331799,8,7,0.140524096682007,-43.925
"78257",54,92,"paired",97,82,89.1852005660132,5,10,2.81479943398683,15,7.5,4.68520056601317,-1.925
"78257",55,121,"unpaired",112,94,102.606042707045,9,27,18.3939572929547,18,18,-0.393957292954738,27.075
"78257",57,64,"paired",80,78,78.993670632526,16,14,14.9936706325259,2,15,0.0063293674740521,-29.925
"78257",58,121,"paired",113,131,121.667579905248,8,10,0.667579905248374,18,9,8.33242009475163,27.075
"78257",59,135,"unpaired",112,134,122.507142648908,23,1,12.4928573510916,22,12,-0.492857351091601,41.075
"78257",60,150,"unpaired",149,121,134.272111773071,1,29,15.7278882269293,28,15,-0.727888226929309,56.075
"78257",61,50,"paired",60,45,51.9615242270663,10,5,1.96152422706631,15,7.5,5.53847577293369,-43.925
"78257",63,64,"unpaired",50,85,65.1920240520265,14,21,1.19202405202651,35,17.5,16.3079759479735,-29.925
"78257",64,135,"unpaired",137,120,128.218563398597,2,15,6.78143660140316,17,8.5,1.71856339859684,41.075
"78257",65,107,"paired",126,139,132.340470000677,19,32,25.3404700006767,13,25.5,0.159529999323297,13.075
"78257",66,64,"paired",81,57,67.9485099174368,17,7,3.94850991743677,24,12,8.05149008256323,-29.925
"78257",67,107,"unpaired",126,69,93.2416216075203,19,38,13.7583783924797,57,28.5,14.7416216075203,13.075
"78257",69,121,"paired",142,157,149.311754393283,21,36,28.3117543932828,15,28.5,0.188245606717174,27.075
"78257",70,92,"paired",110,109,109.498858441538,18,17,17.4988584415382,1,17.5,0.00114155846183905,-1.925
"78257",71,107,"unpaired",130,111,120.124934963562,23,4,13.124934963562,19,13.5,0.375065036438031,13.075
"78257",72,50,"unpaired",62,92,75.5248303539969,12,42,25.5248303539969,30,27,1.47516964600314,-43.925
"78257",73,78,"paired",64,59,61.4491659829489,14,19,16.5508340170511,5,16.5,-0.0508340170511374,-15.925
"78257",75,92,"unpaired",64,112,84.6640419540669,28,20,7.33595804593314,48,24,16.6640419540669,-1.925
"78257",76,64,"unpaired",60,88,72.6636084983398,4,24,8.66360849833984,28,14,5.33639150166016,-29.925
"78257",77,135,"paired",120,148,133.266649991661,15,13,1.73335000833853,28,14,12.2666499916615,41.075
"78257",78,64,"paired",86,60,71.8331399842718,22,4,7.83313998427182,26,13,5.16686001572818,-29.925
"78257",79,50,"unpaired",60,90,73.4846922834954,10,40,23.4846922834954,30,25,1.51530771650464,-43.925
"78257",81,121,"paired",160,132,145.32721699668,39,11,24.3272169966796,28,25,0.672783003320433,27.075
"78257",82,64,"paired",88,86,86.9942526837262,24,22,22.9942526837262,2,23,0.00574731627381198,-29.925
"78257",83,121,"unpaired",137,88,109.799817850486,16,33,11.2001821495136,49,24.5,13.2998178504864,27.075
"78257",84,50,"unpaired",81,80,80.4984471899925,31,30,30.4984471899925,1,30.5,0.0015528100075386,-43.925
"78257",85,64,"paired",64,69,66.4529909033446,0,5,2.4529909033446,5,2.5,0.0470090966554011,-29.925
"78257",87,50,"unpaired",48,68,57.1314274283428,2,18,7.13142742834282,20,10,2.86857257165718,-43.925
"78257",88,135,"unpaired",151,112,130.046145656071,16,23,4.95385434392915,39,19.5,14.5461456560708,41.075
"78257",89,50,"paired",73,65,68.8839603971781,23,15,18.8839603971781,8,19,0.116039602821886,-43.925
"78257",90,150,"paired",138,141,139.491935250752,12,9,10.5080647492479,3,10.5,-0.00806474924786471,56.075
"78257",91,92,"unpaired",65,83,73.4506637138154,27,9,18.5493362861846,18,18,-0.549336286184555,-1.925
"78257",93,78,"paired",61,113,83.0240928887513,17,35,5.02409288875126,52,26,20.9759071112487,-15.925
"78257",94,78,"paired",76,89,82.2435407798083,2,11,4.24354077980834,13,6.5,2.25645922019166,-15.925
"78257",95,64,"unpaired",79,54,65.3146231712317,15,10,1.3146231712317,25,12.5,11.1853768287683,-29.925
"78257",96,92,"unpaired",122,75,95.655632348545,30,17,3.655632348545,47,23.5,19.844367651455,-1.925
"78258",1,92,"paired",111,87,98.2700361249552,19,5,6.27003612495523,24,12,5.72996387504477,-1.925
"78258",3,50,"unpaired",53,82,65.924198895398,3,32,15.924198895398,29,17.5,1.57580110460196,-43.925
"78258",4,107,"unpaired",98,114,105.69768209379,9,7,1.30231790620952,16,8,6.69768209379048,13.075
"78258",5,50,"paired",56,59,57.4804314527996,6,9,7.48043145279965,3,7.5,0.0195685472003504,-43.925
"78258",6,78,"paired",82,92,86.8562030024338,4,14,8.85620300243383,10,9,0.14379699756617,-15.925
"78258",7,50,"unpaired",53,78,64.296189622714,3,28,14.296189622714,25,15.5,1.20381037728598,-43.925
"78258",9,135,"paired",123,122,122.498979587587,12,13,12.5010204124132,1,12.5,-0.00102041241324002,41.075
"78258",10,50,"paired",79,62,69.9857128276908,29,12,19.9857128276908,17,20.5,0.514287172309224,-43.925
"78258",11,107,"unpaired",103,111,106.925207505059,4,4,0.0747924949407093,8,4,3.92520750505929,13.075
"78258",12,92,"unpaired",77,88,82.3164625090267,15,4,9.68353749097326,11,9.5,-0.183537490973265,-1.925
"78258",13,107,"paired",81,68,74.2159012611179,26,39,32.7840987388821,13,32.5,-0.284098738882093,13.075
"78258",15,121,"unpaired",125,119,121.963109176505,4,2,0.963109176504716,6,3,2.03689082349528,27.075
"78258",16,64,"unpaired",71,83,76.7658778364451,7,19,12.7658778364451,12,13,0.234122163554943,-29.925
"78258",17,92,"paired",94,83,88.3289307078944,2,9,3.67106929210561,11,5.5,1.82893070789439,-1.925
"78258",18,107,"paired",106,92,98.7522151650281,1,15,8.2477848349719,14,8,-0.247784834971895,13.075
"78258",19,135,"unpaired",85,109,96.2548700066651,50,26,38.7451299933349,24,38,-0.745129993334885,41.075
"78258",21,92,"paired",81,88,84.4274836768218,11,4,7.57251632317819,7,7.5,-0.072516323178192,-1.925
"78258",22,92,"paired",92,103,97.3447481891037,0,11,5.34474818910367,11,5.5,0.155251810896331,-1.925
"78258",23,150,"unpaired",104,115,109.361784915939,46,35,40.6382150840614,11,40.5,-0.138215084061429,56.075
"78258",24,107,"unpaired",92,103,97.3447481891037,15,4,9.65525181089633,11,9.5,-0.155251810896331,13.075
"78258",25,107,"paired",84,80,81.9756061276768,23,27,25.0243938723232,4,25,-0.0243938723232446,13.075
"78258",27,121,"unpaired",112,116,113.9824547902,9,5,7.01754520979998,4,7,-0.0175452097999766,27.075
"78258",28,150,"unpaired",120,129,124.418648119966,30,21,25.5813518800337,9,25.5,-0.0813518800336936,56.075
"78258",29,64,"paired",85,85,85,21,21,21,0,21,-1.4210854715202e-14,-29.925
"78258",30,107,"paired",110,122,115.844723660597,3,15,8.84472366059667,12,9,0.155276339403329,13.075
"78258",31,150,"unpaired",115,122,118.448300958688,35,28,31.5516990413117,7,31.5,-0.0516990413116787,56.075
"78258",33,121,"paired",118,103,110.24518130059,3,18,10.7548186994097,15,10.5,-0.254818699409739,27.075
"78258",34,50,"paired",92,80,85.7904423581089,42,30,35.7904423581089,12,36,0.209557641891138,-43.925
"78258",35,78,"unpaired",82,97,89.1852005660132,4,19,11.1852005660132,15,11.5,0.314799433986835,-15.925
"78258",36,50,"unpaired",32,89,53.3666562565053,18,39,3.36665625650534,57,28.5,25.1333437434947,-43.925
"78258",37,135,"paired",66,97,80.01249902359,69,38,54.98750097641,31,53.5,-1.48750097640996,41.075
"78258",39,78,"unpaired",85,90,87.4642784226795,7,12,9.46427842267951,5,9.5,0.0357215773204871,-15.925
"78258",40,121,"unpaired",124,111,117.3200750085,3,10,3.67992499150029,13,6.5,2.82007500849971,27.075
"78258",41,50,"paired",86,45,62.2093240599831,36,5,12.2093240599831,41,20.5,8.29067594001685,-43.925
"78258",42,78,"paired",81,87,83.9464114777993,3,9,5.94641147779932,6,6,0.053588522200684,-15.925
"78258",43,64,"unpaired",54,77,64.482555780614,10,13,0.482555780614049,23,11.5,11.017444219386,-29.925
"78258",45,121,"paired",134,133,133.499063667128,13,12,12.4990636671284,1,12.5,0.000936332871560808,27.075
"78258",46,107,"paired",121,116,118.473625756959,14,9,11.4736257569592,5,11.5,0.0263742430408485,13.075
"78258",47,121,"unpaired",127,111,118.730787919562,6,10,2.26921208043801,16,8,5.73078791956199,27.075
"78258",48,135,"unpaired",122,120,120.995867698033,13,15,14.0041323019666,2,14,-0.00413230196660663,41.075
"78258",49,78,"paired",81,70,75.2994023880668,3,8,2.70059761193318,11,5.5,2.79940238806682,-15.925
"78258",51,150,"unpaired",122,141,131.156395192915,28,9,18.8436048070854,19,18.5,-0.343604807085399,56.075
"78258",52,78,"unpaired",63,94,76.954532030284,15,16,1.04546796971604,31,15.5,14.454532030284,-15.925
"78258",53,50,"paired",52,91,68.7895340876793,2,41,18.7895340876793,39,21.5,2.71046591232066,-43.925
"78258",54,92,"paired",123,114,118.414526135943,31,22,26.4145261359433,9,26.5,0.0854738640567092,-1.925
"78258",55,121,"unpaired",113,110,111.48990985735,8,11,9.51009014265014,3,9.5,-0.0100901426501423,27.075
"78258",57,64,"paired",96,66,79.5989949685296,32,2,15.5989949685296,30,17,1.40100503147042,-29.925
"78258",58,121,"paired",121,119,119.995833260993,0,2,1.00416673900706,2,1,-0.00416673900706144,27.075
"78258",59,135,"unpaired",118,90,103.053384223906,17,45,31.9466157760939,28,31,-0.946615776093935,41.075
"78258",60,150,"unpaired",133,119,125.80540528928,17,31,24.1945947107199,14,24,-0.19459471071994,56.075
"78258",61,50,"paired",77,83,79.9437302106926,27,33,29.9437302106926,6,30,0.0562697893074073,-43.925
"78258",63,64,"unpaired",61,91,74.5050333870136,3,27,10.5050333870136,30,15,4.49496661298645,-29.925
"78258",64,135,"unpaired",115,86,99.4484791236146,20,49,35.5515208763854,29,34.5,-1.05152087638541,41.075
"78258",65,107,"paired",113,111,111.99553562531,6,4,4.99553562530959,2,5,0.00446437469041427,13.075
"78258",66,64,"paired",87,80,83.4266144584568,23,16,19.4266144584568,7,19.5,0.0733855415431748,-29.925
"78258",67,107,"unpaired",71,80,75.365774725667,36,27,31.634225274333,9,31.5,-0.134225274332962,13.075
"78258",69,121,"paired",113,112,112.498888883402,8,9,8.5011111165982,1,8.5,-0.00111111659819585,27.075
"78258",70,92,"paired",91,94,92.487837038175,1,2,0.487837038174945,3,1.5,1.01216296182506,-1.925
"78258",71,107,"unpaired",114,71,89.9666604915399,7,36,17.0333395084601,43,21.5,4.46666049153987,13.075
"78258",72,50,"unpaired",81,67,73.668174946852,31,17,23.668174946852,14,24,0.331825053147952,-43.925
"78258",73,78,"paired",84,81,82.4863625092052,6,3,4.48636250920516,3,4.5,0.0136374907948351,-15.925
"78258",75,92,"unpaired",80,108,92.951600308978,12,16,0.951600308978001,28,14,13.048399691022,-1.925
"78258",76,64,"unpaired",67,74,70.4130669691358,3,10,6.41306696913578,7,6.5,0.0869330308642162,-29.925
"78258",77,135,"paired",124,134,128.903064354576,11,1,6.09693564542386,10,6,-0.096935645423855,41.075
"78258",78,64,"paired",71,85,77.6852624376079,7,21,13.6852624376079,14,14,0.314737562392139,-29.925
"78258",79,50,"unpaired",104,71,85.9302042357634,54,21,35.9302042357634,33,37.5,1.56979576423663,-43.925
"78258",81,121,"paired",120,141,130.076900332073,1,20,9.07690033207285,21,10.5,1.42309966792715,27.075
"78258",82,64,"paired",91,83,86.9079973305104,27,19,22.9079973305104,8,23,0.0920026694896166,-29.925
"78258",83,121,"unpaired",109,113,110.981980519362,12,8,10.0180194806382,4,10,-0.0180194806382161,27.075
"78258",84,50,"unpaired",85,81,82.975900115636,35,31,32.975900115636,4,33,0.0240998843640341,-43.925
"78258",85,64,"paired",75,76,75.4983443527075,11,12,11.4983443527075,1,11.5,0.00165564729250889,-29.925
"78258",87,50,"unpaired",67,88,76.7854152818098,17,38,26.7854152818098,21,27.5,0.714584718190167,-43.925
"78258",88,135,"unpaired",120,77,96.1249187255833,15,58,38.8750812744167,43,36.5,-2.37508127441671,41.075
"78258",89,50,"paired",58,71,64.1716448285378,8,21,14.1716448285378,13,14.5,0.328355171462221,-43.925
"78258",90,150,"paired",142,93,114.917361612595,8,57,35.0826383874046,49,32.5,-2.58263838740459,56.075
"78258",91,92,"unpaired",67,93,78.9366834874635,25,1,13.0633165125365,26,13,-0.0633165125364883,-1.925
"78258",93,78,"paired",91,86,88.4646822183859,13,8,10.4646822183859,5,10.5,0.0353177816141397,-15.925
"78258",94,78,"paired",86,79,82.4257241399795,8,1,4.42572413997945,7,4.5,0.0742758600205491,-15.925
"78258",95,64,"unpaired",78,83,80.4611707595658,14,19,16.4611707595658,5,16.5,0.0388292404341968,-29.925
"78258",96,92,"unpaired",69,111,87.5157128748889,23,19,4.48428712511107,42,21,16.5157128748889,-1.925
"78304",1,92,"paired",68,75,71.4142842854285,24,17,20.5857157145715,7,20.5,-0.0857157145715348,-1.925
"78304",3,50,"unpaired",52,57,54.4426303552648,2,7,4.44263035526482,5,4.5,0.0573696447351821,-43.925
"78304",4,107,"unpaired",102,84,92.563491723249,5,23,14.436508276751,18,14,-0.436508276750999,13.075
"78304",5,50,"paired",87,73,79.6931615635871,37,23,29.6931615635871,14,30,0.306838436412889,-43.925
"78304",6,78,"paired",74,87,80.2371485036701,4,9,2.2371485036701,13,6.5,4.2628514963299,-15.925
"78304",7,50,"unpaired",89,69,78.3645327938602,39,19,28.3645327938602,20,29,0.635467206139765,-43.925
"78304",9,135,"paired",122,133,127.381317311449,13,2,7.61868268855116,11,7.5,-0.118682688551161,41.075
"78304",10,50,"paired",67,65,65.9924238075857,17,15,15.9924238075857,2,16,0.00757619241434782,-43.925
"78304",11,107,"unpaired",111,84,96.5608616365864,4,23,10.4391383634136,27,13.5,3.06086163658642,13.075
"78304",12,92,"unpaired",86,95,90.3880523078133,6,3,1.61194769218672,9,4.5,2.88805230781328,-1.925
"78304",13,107,"paired",95,83,88.7975224879613,12,24,18.2024775120387,12,18,-0.202477512038683,13.075
"78304",15,121,"unpaired",102,112,106.883113727099,19,9,14.1168862729009,10,14,-0.116886272900942,27.075
"78304",16,64,"unpaired",58,81,68.5419579527752,6,17,4.54195795277518,23,11.5,6.95804204722482,-29.925
"78304",17,92,"paired",84,103,93.0161276338679,8,11,1.01612763386787,19,9.5,8.48387236613213,-1.925
"78304",18,107,"paired",97,104,100.439036235918,10,3,6.56096376408226,7,6.5,-0.0609637640822598,13.075
"78304",19,135,"unpaired",81,112,95.2470471983253,54,23,39.7529528016747,31,38.5,-1.25295280167474,41.075
"78304",21,92,"paired",63,92,76.1314652426972,29,0,15.8685347573028,29,14.5,-1.36853475730284,-1.925
"78304",22,92,"paired",88,96,91.9130023446085,4,4,0.0869976553915279,8,4,3.91300234460847,-1.925
"78304",23,150,"unpaired",108,113,110.471715837132,42,37,39.5282841628682,5,39.5,-0.0282841628681609,56.075
"78304",24,107,"unpaired",117,114,115.490259329521,10,7,8.49025932952092,3,8.5,0.00974067047907567,13.075
"78304",25,107,"paired",94,95,94.4986772394196,13,12,12.5013227605804,1,12.5,-0.00132276058040759,13.075
"78304",27,121,"unpaired",87,98,92.3363417079104,34,23,28.6636582920896,11,28.5,-0.163658292089551,27.075
"78304",28,150,"unpaired",105,105,105,45,45,45,0,45,-2.8421709430404e-14,56.075
"78304",29,64,"paired",68,73,70.4556598152342,4,9,6.45565981523418,5,6.5,0.0443401847658151,-29.925
"78304",30,107,"paired",96,92,93.9787209957658,11,15,13.0212790042342,4,13,-0.0212790042341595,13.075
"78304",31,150,"unpaired",97,107,101.877377272876,53,43,48.1226227271235,10,48,-0.122622727123542,56.075
"78304",33,121,"paired",96,98,96.9948452238571,25,23,24.0051547761429,2,24,-0.00515477614285942,27.075
"78304",34,50,"paired",65,72,68.4105255059483,15,22,18.4105255059483,7,18.5,0.0894744940517285,-43.925
"78304",35,78,"unpaired",62,76,68.644009206922,16,2,9.35599079307796,14,9,-0.355990793077964,-15.925
"78304",36,50,"unpaired",55,73,63.3640276497635,5,23,13.3640276497635,18,14,0.635972350236472,-43.925
"78304",37,135,"paired",85,102,93.1128347758783,50,33,41.8871652241217,17,41.5,-0.38716522412173,41.075
"78304",39,78,"unpaired",83,78,80.4611707595658,5,0,2.4611707595658,5,2.5,0.0388292404341968,-15.925
"78304",40,121,"unpaired",98,89,93.3916484488843,23,32,27.6083515511157,9,27.5,-0.108351551115661,27.075
"78304",41,50,"paired",60,66,62.928530890209,10,16,12.928530890209,6,13,0.0714691097909537,-43.925
"78304",42,78,"paired",76,71,73.4574706888279,2,7,4.54252931117213,5,4.5,-0.0425293111721317,-15.925
"78304",43,64,"unpaired",71,60,65.2686754883229,7,4,1.26867548832287,11,5.5,4.23132451167713,-29.925
"78304",45,121,"paired",103,107,104.980950652964,18,14,16.0190493470363,4,16,-0.0190493470362725,27.075
"78304",46,107,"paired",81,90,85.3814968245463,26,17,21.6185031754537,9,21.5,-0.118503175453711,13.075
"78304",47,121,"unpaired",97,97,97,24,24,24,0,24,0,27.075
"78304",48,135,"unpaired",125,110,117.260393995586,10,25,17.7396060044142,15,17.5,-0.239606004414213,41.075
"78304",49,78,"paired",67,71,68.9710084020815,11,7,9.02899159791849,4,9,-0.0289915979184912,-15.925
"78304",51,150,"unpaired",79,103,90.205321350794,71,47,59.794678649206,24,59,-0.79467864920602,56.075
"78304",52,78,"unpaired",76,74,74.9933330370107,2,4,3.00666696298926,2,3,-0.00666696298925729,-15.925
"78304",53,50,"paired",62,71,66.3475696615935,12,21,16.3475696615935,9,16.5,0.152430338406518,-43.925
"78304",54,92,"paired",78,83,80.4611707595658,14,9,11.5388292404342,5,11.5,-0.0388292404341968,-1.925
"78304",55,121,"unpaired",101,97,98.9797959181569,20,24,22.0202040818431,4,22,-0.020204081843076,27.075
"78304",57,64,"paired",69,79,73.8308878451289,5,15,9.8308878451289,10,10,0.169112154871101,-29.925
"78304",58,121,"paired",91,102,96.3431367560762,30,19,24.6568632439238,11,24.5,-0.156863243923794,27.075
"78304",59,135,"unpaired",97,107,101.877377272876,38,28,33.1226227271235,10,33,-0.122622727123542,41.075
"78304",60,150,"unpaired",114,119,116.473172876848,36,31,33.5268271231525,5,33.5,-0.0268271231524864,56.075
"78304",61,50,"paired",71,62,66.3475696615935,21,12,16.3475696615935,9,16.5,0.152430338406518,-43.925
"78304",63,64,"unpaired",75,69,71.9374728496908,11,5,7.93747284969082,6,8,0.0625271503091795,-29.925
"78304",64,135,"unpaired",89,92,90.487568206909,46,43,44.5124317930911,3,44.5,-0.0124317930910536,41.075
"78304",65,107,"paired",97,98,97.4987179402889,10,9,9.50128205971114,1,9.5,-0.00128205971114426,13.075
"78304",66,64,"paired",58,68,62.8012738724303,6,4,1.19872612756967,10,5,3.80127387243033,-29.925
"78304",67,107,"unpaired",87,80,83.4266144584568,20,27,23.5733855415432,7,23.5,-0.0733855415431748,13.075
"78304",69,121,"paired",92,103,97.3447481891037,29,18,23.6552518108963,11,23.5,-0.155251810896331,27.075
"78304",70,92,"paired",82,86,83.9761871008681,10,6,8.0238128991319,4,8,-0.0238128991318973,-1.925
"78304",71,107,"unpaired",93,78,85.1704173994703,14,29,21.8295826005297,15,21.5,-0.32958260052969,13.075
"78304",72,50,"unpaired",75,63,68.7386354243376,25,13,18.7386354243376,12,19,0.261364575662384,-43.925
"78304",73,78,"paired",72,83,77.3045923603507,6,5,0.695407639649275,11,5.5,4.80459236035072,-15.925
"78304",75,92,"unpaired",98,87,92.3363417079104,6,5,0.336341707910449,11,5.5,5.16365829208955,-1.925
"78304",76,64,"unpaired",76,67,71.3582510996451,12,3,7.35825109964512,9,7.5,0.141748900354884,-29.925
"78304",77,135,"paired",93,98,95.467271878901,42,37,39.532728121099,5,39.5,-0.0327281210989696,41.075
"78304",78,64,"paired",66,80,72.6636084983398,2,16,8.66360849833977,14,9,0.336391501660231,-29.925
"78304",79,50,"unpaired",51,70,59.7494769851586,1,20,9.74947698515862,19,10.5,0.750523014841377,-43.925
"78304",81,121,"paired",86,93,89.4315380612455,35,28,31.5684619387545,7,31.5,-0.0684619387545098,27.075
"78304",82,64,"paired",73,72,72.4982758415674,9,8,8.49827584156739,1,8.5,0.00172415843260865,-29.925
"78304",83,121,"unpaired",90,98,93.9148550549912,31,23,27.0851449450088,8,27,-0.0851449450088211,27.075
"78304",84,50,"unpaired",72,64,67.8822509939086,22,14,17.8822509939086,8,18,0.117749006091444,-43.925
"78304",85,64,"paired",63,66,64.482555780614,1,2,0.482555780613993,3,1.5,1.01744421938601,-29.925
"78304",87,50,"unpaired",63,67,64.9692234831231,13,17,14.9692234831231,4,15,0.0307765168768697,-43.925
"78304",88,135,"unpaired",85,91,87.94884877018,50,44,47.05115122982,6,47,-0.0511512298199648,41.075
"78304",89,50,"paired",68,62,64.9307323229917,18,12,14.9307323229917,6,15,0.0692676770082841,-43.925
"78304",90,150,"paired",104,111,107.443008148506,46,39,42.5569918514936,7,42.5,-0.0569918514936347,56.075
"78304",91,92,"unpaired",92,90,90.9945053286186,0,2,1.00549467138138,2,1,-0.00549467138138482,-1.925
"78304",93,78,"paired",67,79,72.7530068107154,11,1,5.24699318928462,12,6,0.753006810715377,-15.925
"78304",94,78,"paired",88,89,88.4985875593504,10,11,10.4985875593504,1,10.5,0.00141244064964496,-15.925
"78304",95,64,"unpaired",76,72,73.9729680356277,12,8,9.97296803562769,4,10,0.0270319643723127,-29.925
"78304",96,92,"unpaired",89,87,87.9943179983799,3,5,4.00568200162013,2,4,-0.00568200162013,-1.925
"78311",1,92,"paired",105,105,105,13,13,13,0,13,2.8421709430404e-14,-1.925
"78311",3,50,"unpaired",73,58,65.0691939399898,23,8,15.0691939399898,15,15.5,0.430806060010227,-43.925
"78311",4,107,"unpaired",109,110,109.498858441538,2,3,2.49885844153816,1,2.5,0.00114155846183905,13.075
"78311",5,50,"paired",47,53,49.9099188538711,3,3,0.0900811461288882,6,3,2.90991885387111,-43.925
"78311",6,78,"paired",81,83,81.9939022122987,3,5,3.99390221229868,2,4,0.00609778770132152,-15.925
"78311",7,50,"unpaired",53,46,49.376107582514,3,4,0.623892417485948,7,3.5,2.87610758251405,-43.925
"78311",9,135,"paired",116,126,120.896650077659,19,9,14.1033499223407,10,14,-0.103349922340698,41.075
"78311",10,50,"paired",53,46,49.376107582514,3,4,0.623892417485948,7,3.5,2.87610758251405,-43.925
"78311",11,107,"unpaired",126,77,98.498730956292,19,30,8.50126904370801,49,24.5,15.998730956292,13.075
"78311",12,92,"unpaired",90,88,88.994381845148,2,4,3.00561815485203,2,3,-0.00561815485202999,-1.925
"78311",13,107,"paired",88,100,93.8083151964686,19,7,13.1916848035314,12,13,-0.191684803531373,13.075
"78311",15,121,"unpaired",109,114,111.47196957083,12,7,9.52803042917027,5,9.5,-0.028030429170272,27.075
"78311",16,64,"unpaired",85,96,90.3327183250897,21,32,26.3327183250897,11,26.5,0.167281674910271,-29.925
"78311",17,92,"paired",88,94,90.9505360072166,4,2,1.04946399278344,6,3,1.95053600721656,-1.925
"78311",18,107,"paired",113,110,111.48990985735,6,3,4.48990985734986,3,4.5,0.0100901426501423,13.075
"78311",19,135,"unpaired",106,135,119.624412224261,29,0,15.3755877757387,29,14.5,-0.875587775738694,41.075
"78311",21,92,"paired",80,85,82.4621125123532,12,7,9.5378874876468,5,9.5,-0.0378874876467989,-1.925
"78311",22,92,"paired",84,77,80.4238770515324,8,15,11.5761229484676,7,11.5,-0.0761229484675994,-1.925
"78311",23,150,"unpaired",119,118,118.498945142984,31,32,31.5010548570157,1,31.5,-0.00105485701567432,56.075
"78311",24,107,"unpaired",111,129,119.662024051075,4,22,12.6620240510748,18,13,0.337975948925234,13.075
"78311",25,107,"paired",121,116,118.473625756959,14,9,11.4736257569592,5,11.5,0.0263742430408485,13.075
"78311",27,121,"unpaired",118,112,114.960862905599,3,9,6.03913709440069,6,6,-0.0391370944006866,27.075
"78311",28,150,"unpaired",129,120,124.418648119966,21,30,25.5813518800337,9,25.5,-0.0813518800336936,56.075
"78311",29,64,"paired",66,55,60.2494813255682,2,9,3.75051867443176,11,5.5,1.74948132556824,-29.925
"78311",30,107,"paired",119,128,123.417988964332,12,21,16.4179889643321,9,16.5,0.0820110356679038,13.075
"78311",31,150,"unpaired",105,126,115.021737076085,45,24,34.9782629239151,21,34.5,-0.478262923915139,56.075
"78311",33,121,"paired",114,112,112.995575134604,7,9,8.00442486539573,2,8,-0.00442486539573395,27.075
"78311",34,50,"paired",79,64,71.1055553385247,29,14,21.1055553385247,15,21.5,0.394444661475305,-43.925
"78311",35,78,"unpaired",60,81,69.7137002317335,18,3,8.28629976826649,21,10.5,2.21370023173351,-15.925
"78311",36,50,"unpaired",53,58,55.4436651025164,3,8,5.44366510251643,5,5.5,0.0563348974835662,-43.925
"78311",37,135,"paired",122,124,122.995934892174,13,11,12.0040651078256,2,12,-0.00406510782559621,41.075
"78311",39,78,"unpaired",83,65,73.4506637138154,5,13,4.54933628618456,18,9,4.45066371381544,-15.925
"78311",40,121,"unpaired",123,114,118.414526135943,2,7,2.58547386405671,9,4.5,1.91452613594329,27.075
"78311",41,50,"paired",66,47,55.6956012625772,16,3,5.69560126257724,19,9.5,3.80439873742276,-43.925
"78311",42,78,"paired",111,87,98.2700361249552,33,9,20.2700361249552,24,21,0.729963875044774,-15.925
"78311",43,64,"unpaired",50,62,55.6776436283002,14,2,8.32235637169979,12,8,-0.32235637169979,-29.925
"78311",45,121,"paired",116,126,120.896650077659,5,5,0.103349922340698,10,5,4.8966500776593,27.075
"78311",46,107,"paired",109,117,112.929181348312,2,10,5.92918134831227,8,6,0.0708186516877305,13.075
"78311",47,121,"unpaired",122,117,119.473846510439,1,4,1.52615348956077,5,2.5,0.97384651043923,27.075
"78311",48,135,"unpaired",131,131,131,4,4,4.00000000000006,0,4,-5.6843418860808e-14,41.075
"78311",49,78,"paired",88,84,85.9767410408187,10,6,7.97674104081871,4,8,0.0232589591812911,-15.925
"78311",51,150,"unpaired",121,116,118.473625756959,29,34,31.5263742430408,5,31.5,-0.0263742430408485,56.075
"78311",52,78,"unpaired",85,88,86.4869932417586,7,10,8.48699324175864,3,8.5,0.0130067582413602,-15.925
"78311",53,50,"paired",51,50,50.4975246918104,1,0,0.497524691810384,1,0.5,0.0024753081896165,-43.925
"78311",54,92,"paired",89,83,85.9476584905022,3,9,6.05234150949777,6,6,-0.0523415094977651,-1.925
"78311",55,121,"unpaired",108,108,108,13,13,13,0,13,2.8421709430404e-14,27.075
"78311",57,64,"paired",70,57,63.166446789415,6,7,0.83355321058496,13,6.5,5.66644678941504,-29.925
"78311",58,121,"paired",109,118,113.410757867144,12,3,7.58924213285589,9,7.5,-0.0892421328558868,27.075
"78311",59,135,"unpaired",116,122,118.962178863704,19,13,16.0378211362956,6,16,-0.0378211362955909,41.075
"78311",60,150,"unpaired",127,124,125.491035536408,23,26,24.508964463592,3,24.5,-0.00896446359199388,56.075
"78311",61,50,"paired",49,44,46.4327470649756,1,6,3.56725293502441,5,3.5,-0.0672529350244062,-43.925
"78311",63,64,"unpaired",65,70,67.4536878161602,1,6,3.45368781616021,5,3.5,0.0463121838397882,-29.925
"78311",64,135,"unpaired",130,109,119.037809119624,5,26,15.9621908803762,21,15.5,-0.462190880376241,41.075
"78311",65,107,"paired",111,124,117.3200750085,4,17,10.3200750084997,13,10.5,0.179924991500286,13.075
"78311",66,64,"paired",77,63,69.6491205974634,13,1,5.64912059746344,14,7,1.35087940253656,-29.925
"78311",67,107,"unpaired",115,113,113.995613950713,8,6,6.99561395071301,2,7,0.00438604928699249,13.075
"78311",69,121,"paired",105,109,106.981306778334,16,12,14.018693221666,4,14,-0.0186932216660409,27.075
"78311",70,92,"paired",113,113,113,21,21,21,0,21,-2.8421709430404e-14,-1.925
"78311",71,107,"unpaired",112,117,114.472704170034,5,10,7.47270417003352,5,7.5,0.0272958299664765,13.075
"78311",72,50,"unpaired",39,78,55.1543289325507,11,28,5.1543289325507,39,19.5,14.3456710674493,-43.925
"78311",73,78,"paired",60,52,55.8569601750758,18,26,22.1430398249242,8,22,-0.143039824924223,-15.925
"78311",75,92,"unpaired",65,116,86.8331733843696,27,24,5.16682661563038,51,25.5,20.3331733843696,-1.925
"78311",76,64,"unpaired",69,90,78.8035532193822,5,26,14.8035532193822,21,15.5,0.696446780617777,-29.925
"78311",77,135,"paired",105,109,106.981306778334,30,26,28.018693221666,4,28,-0.0186932216660409,41.075
"78311",78,64,"paired",79,89,83.8510584310061,15,25,19.8510584310061,10,20,0.148941568993934,-29.925
"78311",79,50,"unpaired",52,84,66.0908465674332,2,34,16.0908465674332,32,18,1.9091534325668,-43.925
"78311",81,121,"paired",90,100,94.8683298050514,31,21,26.1316701949486,10,26,-0.131670194948597,27.075
"78311",82,64,"paired",83,67,74.5721127500087,19,3,10.5721127500087,16,11,0.427887249991329,-29.925
"78311",83,121,"unpaired",99,114,106.235587257755,22,7,14.7644127422454,15,14.5,-0.264412742245355,27.075
"78311",84,50,"unpaired",37,86,56.4092191046818,13,36,6.40921910468179,49,24.5,18.0907808953182,-43.925
"78311",85,64,"paired",39,39,39,25,25,25,0,25,-7.105427357601e-15,-29.925
"78311",87,50,"unpaired",48,76,60.398675482166,2,26,10.398675482166,28,14,3.60132451783401,-43.925
"78311",88,135,"unpaired",92,112,101.508620323596,43,23,33.4913796764039,20,33,-0.491379676403895,41.075
"78311",89,50,"paired",46,48,46.9893604978829,4,2,3.01063950211708,2,3,-0.0106395021170798,-43.925
"78311",90,150,"paired",145,155,149.91664350565,5,5,0.083356494350511,10,5,4.91664350564949,56.075
"78311",91,92,"unpaired",82,118,98.3666610188635,10,26,6.36666101886352,36,18,11.6333389811365,-1.925
"78311",93,78,"paired",81,83,81.9939022122987,3,5,3.99390221229868,2,4,0.00609778770132152,-15.925
"78311",94,78,"paired",132,114,122.670289801565,54,36,44.6702898015653,18,45,0.329710198434711,-15.925
"78311",95,64,"unpaired",43,88,61.5142259969188,21,24,2.48577400308121,45,22.5,20.0142259969188,-29.925
"78311",96,92,"unpaired",66,109,84.8174510345601,26,17,7.18254896543992,43,21.5,14.3174510345601,-1.925
"78325",1,92,"paired",106,107,106.498826284612,14,15,14.4988262846121,1,14.5,0.00117371538786415,-1.925
"78325",3,50,"unpaired",76,73,74.4848977981443,26,23,24.4848977981443,3,24.5,0.0151022018557114,-43.925
"78325",4,107,"unpaired",94,89,91.465840618233,13,18,15.534159381767,5,15.5,-0.0341593817669832,13.075
"78325",5,50,"paired",55,67,60.7042008431048,5,17,10.7042008431048,12,11,0.295799156895249,-43.925
"78325",6,78,"paired",103,103,103,25,25,25,0,25,-1.4210854715202e-14,-15.925
"78325",7,50,"unpaired",80,70,74.8331477354788,30,20,24.8331477354788,10,25,0.166852264521211,-43.925
"78325",9,135,"paired",130,151,140.107101889947,5,16,5.10710188994702,21,10.5,5.39289811005298,41.075
"78325",10,50,"paired",92,95,93.487967140162,42,45,43.487967140162,3,43.5,0.0120328598380013,-43.925
"78325",11,107,"unpaired",110,112,110.995495404093,3,5,3.99549540409286,2,4,0.00450459590713592,13.075
"78325",12,92,"unpaired",114,109,111.47196957083,22,17,19.4719695708297,5,19.5,0.028030429170272,-1.925
"78325",13,107,"paired",88,105,96.1249187255833,19,2,10.8750812744167,17,10.5,-0.375081274416715,13.075
"78325",15,121,"unpaired",120,120,120,1,1,1.00000000000003,0,1,-2.8421709430404e-14,27.075
"78325",16,64,"unpaired",89,87,87.9943179983799,25,23,23.9943179983799,2,24,0.00568200162013,-29.925
"78325",17,92,"paired",106,110,107.981479893545,14,18,15.9814798935447,4,16,0.0185201064552842,-1.925
"78325",18,107,"paired",76,82,78.9430174239622,31,25,28.0569825760378,6,28,-0.056982576037754,13.075
"78325",19,135,"unpaired",120,106,112.782977438973,15,29,22.2170225610266,14,22,-0.217022561026553,41.075
"78325",21,92,"paired",86,89,87.4871419123976,6,3,4.51285808760241,3,4.5,-0.0128580876024103,-1.925
"78325",22,92,"paired",92,91,91.498633869583,0,1,0.501366130417011,1,0.5,-0.00136613041701139,-1.925
"78325",23,150,"unpaired",142,136,138.967622128322,8,14,11.0323778716783,6,11,-0.0323778716782783,56.075
"78325",24,107,"unpaired",105,133,118.173601112939,2,26,11.1736011129389,28,14,2.82639888706115,13.075
"78325",25,107,"paired",123,127,124.983998975869,16,20,17.9839989758689,4,18,0.0160010241310715,13.075
"78325",27,121,"unpaired",112,126,118.79393923934,9,5,2.20606076066004,14,7,4.79393923933996,27.075
"78325",28,150,"unpaired",138,118,127.608777127594,12,32,22.3912228724058,20,22,-0.391222872405791,56.075
"78325",29,64,"paired",81,83,81.9939022122987,17,19,17.9939022122987,2,18,0.00609778770132152,-29.925
"78325",30,107,"paired",118,125,121.449578014911,11,18,14.4495780149112,7,14.5,0.0504219850887608,13.075
"78325",31,150,"unpaired",110,122,115.844723660597,40,28,34.1552763394033,12,34,-0.155276339403329,56.075
"78325",33,121,"paired",113,114,113.498898673071,8,7,7.50110132692909,1,7.5,-0.00110132692908849,27.075
"78325",34,50,"paired",80,85,82.4621125123532,30,35,32.4621125123532,5,32.5,0.0378874876467989,-43.925
"78325",35,78,"unpaired",90,118,103.053384223906,12,40,25.0533842239061,28,26,0.946615776093935,-15.925
"78325",36,50,"unpaired",81,77,78.9746794865292,31,27,28.9746794865292,4,29,0.0253205134708452,-43.925
"78325",37,135,"paired",118,120,118.995798245148,17,15,16.0042017548518,2,16,-0.0042017548518487,41.075
"78325",39,78,"unpaired",98,92,94.9526197637538,20,14,16.9526197637538,6,17,0.0473802362462266,-15.925
"78325",40,121,"unpaired",108,116,111.928548637066,13,5,9.07145136293417,8,9,-0.0714513629341695,27.075
"78325",41,50,"paired",63,59,60.9672042987047,13,9,10.9672042987047,4,11,0.0327957012952709,-43.925
"78325",42,78,"paired",107,94,100.289580715047,29,16,22.2895807150473,13,22.5,0.210419284952664,-15.925
"78325",43,64,"unpaired",88,93,90.4654630231892,24,29,26.4654630231892,5,26.5,0.0345369768108412,-29.925
"78325",45,121,"paired",124,129,126.475294030099,3,8,5.47529403009902,5,5.5,0.0247059699009782,27.075
"78325",46,107,"paired",109,109,109,2,2,1.99999999999997,0,2,2.8421709430404e-14,13.075
"78325",47,121,"unpaired",125,114,119.373363863133,4,7,1.62663613686675,11,5.5,3.87336386313325,27.075
"78325",48,135,"unpaired",134,115,124.137021069462,1,20,10.8629789305382,19,10.5,-0.362978930538219,41.075
"78325",49,78,"paired",90,98,93.9148550549912,12,20,15.9148550549912,8,16,0.0851449450088211,-15.925
"78325",51,150,"unpaired",113,109,110.981980519362,37,41,39.0180194806382,4,39,-0.0180194806382161,56.075
"78325",52,78,"unpaired",96,81,88.1816307401945,18,3,10.1816307401945,15,10.5,0.318369259805536,-15.925
"78325",53,50,"paired",94,94,94,44,44,44,0,44,0,-43.925
"78325",54,92,"paired",92,93,92.4986486387774,0,1,0.498648638777439,1,0.5,0.00135136122256085,-1.925
"78325",55,121,"unpaired",125,110,117.260393995586,4,11,3.73960600441421,15,7.5,3.76039399558579,27.075
"78325",57,64,"paired",89,90,89.4986033410578,25,26,25.4986033410578,1,25.5,0.00139665894222674,-29.925
"78325",58,121,"paired",121,126,123.47469376354,0,5,2.47469376354003,5,2.5,0.0253062364599685,27.075
"78325",59,135,"unpaired",134,126,129.938446966246,1,9,5.06155303375374,8,5,-0.0615530337537393,41.075
"78325",60,150,"unpaired",124,141,132.227077408525,26,9,17.7729225914752,17,17.5,-0.272922591475151,56.075
"78325",61,50,"paired",87,83,84.9764673306675,37,33,34.9764673306675,4,35,0.0235326693324964,-43.925
"78325",63,64,"unpaired",83,86,84.4866853415377,19,22,20.4866853415377,3,20.5,0.0133146584623063,-29.925
"78325",64,135,"unpaired",104,120,111.713920350152,31,15,23.2860796498484,16,23,-0.286079649848446,41.075
"78325",65,107,"paired",115,120,117.473401244707,8,13,10.4734012447073,5,10.5,0.0265987552926958,13.075
"78325",66,64,"paired",74,74,74,10,10,10,0,10,-2.8421709430404e-14,-29.925
"78325",67,107,"unpaired",119,120,119.498953970317,12,13,12.4989539703172,1,12.5,0.00104602968275458,13.075
"78325",69,121,"paired",135,137,135.996323479718,14,16,14.9963234797177,2,15,0.00367652028234033,27.075
"78325",70,92,"paired",85,88,86.4869932417586,7,4,5.51300675824136,3,5.5,-0.0130067582413602,-1.925
"78325",71,107,"unpaired",131,119,124.855916960311,24,12,17.8559169603106,12,18,0.144083039689363,13.075
"78325",72,50,"unpaired",91,62,75.1132478328556,41,12,25.1132478328556,29,26.5,1.38675216714435,-43.925
"78325",73,78,"paired",93,95,93.9946807005588,15,17,15.9946807005588,2,16,0.00531929944115461,-15.925
"78325",75,92,"unpaired",109,110,109.498858441538,17,18,17.4988584415382,1,17.5,0.00114155846183905,-1.925
"78325",76,64,"unpaired",91,89,89.9944442729661,27,25,25.9944442729661,2,26,0.00555572703392215,-29.925
"78325",77,135,"paired",107,106,106.498826284612,28,29,28.5011737153879,1,28.5,-0.00117371538786415,41.075
"78325",78,64,"paired",103,102,102.49878048055,39,38,38.49878048055,1,38.5,0.00121951944994692,-29.925
"78325",79,50,"unpaired",88,83,85.463442476886,38,33,35.463442476886,5,35.5,0.0365575231139843,-43.925
"78325",81,121,"paired",111,116,113.472463620034,10,5,7.52753637996575,5,7.5,-0.0275363799657526,27.075
"78325",82,64,"paired",84,97,90.266272771174,20,33,26.266272771174,13,26.5,0.233727228825956,-29.925
"78325",83,121,"unpaired",114,127,120.324561083762,7,6,0.675438916237937,13,6.5,5.82456108376206,27.075
"78325",84,50,"unpaired",93,85,88.910066921581,43,35,38.910066921581,8,39,0.0899330784190369,-43.925
"78325",85,64,"paired",108,93,100.21975853094,44,29,36.2197585309404,15,36.5,0.280241469059575,-29.925
"78325",87,50,"unpaired",82,76,78.9430174239622,32,26,28.9430174239622,6,29,0.056982576037754,-43.925
"78325",88,135,"unpaired",116,140,127.436258576592,19,5,7.56374142340816,24,12,4.43625857659184,41.075
"78325",89,50,"paired",72,89,80.049984384758,22,39,30.049984384758,17,30.5,0.450015615242037,-43.925
"78325",90,150,"paired",145,147,145.996575302299,5,3,4.00342469770055,2,4,-0.00342469770055231,56.075
"78325",91,92,"unpaired",109,91,99.5941765365827,17,1,7.59417653658268,18,9,1.40582346341732,-1.925
"78325",93,78,"paired",108,109,108.498847920151,30,31,30.4988479201508,1,30.5,0.00115207984924837,-15.925
"78325",94,78,"paired",110,107,108.489630840924,32,29,30.4896308409241,3,30.5,0.0103691590758501,-15.925
"78325",95,64,"unpaired",85,108,95.8123165360279,21,44,31.8123165360279,23,32.5,0.687683463972107,-29.925
"78325",96,92,"unpaired",114,122,117.932183902445,22,30,25.9321839024446,8,26,0.0678160975554363,-1.925
"78328",1,92,"paired",92,104,97.8161540850999,0,12,5.81615408509987,12,6,0.183845914900132,-1.925
"78328",3,50,"unpaired",90,70,79.3725393319377,40,20,29.3725393319377,20,30,0.627460668062298,-43.925
"78328",4,107,"unpaired",108,88,97.4884608556316,1,19,9.51153914436844,20,10,0.488460855631558,13.075
"78328",5,50,"paired",39,40,39.496835316263,11,10,10.503164683737,1,10.5,-0.00316468373699763,-43.925
"78328",6,78,"paired",85,92,88.4307638777366,7,14,10.4307638777366,7,10.5,0.0692361222634048,-15.925
"78328",7,50,"unpaired",50,55,52.4404424085076,0,5,2.44044240850757,5,2.5,0.0595575914924282,-43.925
"78328",9,135,"paired",139,82,106.761416251378,4,53,28.238583748622,57,28.5,0.261416251378051,41.075
"78328",10,50,"paired",82,86,83.9761871008681,32,36,33.9761871008681,4,34,0.0238128991318973,-43.925
"78328",11,107,"unpaired",136,137,136.499084246012,29,30,29.4990842460125,1,29.5,0.000915753987527523,13.075
"78328",12,92,"unpaired",135,141,137.967387450803,43,49,45.9673874508031,6,46,0.032612549196898,-1.925
"78328",13,107,"paired",110,115,112.47221879202,3,8,5.47221879201994,5,5.5,0.0277812079800555,13.075
"78328",15,121,"unpaired",121,137,128.751699017916,0,16,7.75169901791585,16,8,0.248300982084146,27.075
"78328",16,64,"unpaired",81,108,93.5307436087194,17,44,29.5307436087194,27,30.5,0.969256391280553,-29.925
"78328",17,92,"paired",114,107,110.44455622619,22,15,18.4445562261898,7,18.5,0.0554437738102109,-1.925
"78328",18,107,"paired",80,116,96.3327566303384,27,9,10.6672433696616,36,18,7.33275663033838,13.075
"78328",19,135,"unpaired",127,139,132.864592725075,8,4,2.13540727492523,12,6,3.86459272507477,41.075
"78328",21,92,"paired",116,126,120.896650077659,24,34,28.8966500776593,10,29,0.103349922340698,-1.925
"78328",22,92,"paired",120,126,122.963409191515,28,34,30.9634091915152,6,31,0.0365908084848314,-1.925
"78328",23,150,"unpaired",157,137,146.659469520382,7,13,3.3405304796176,20,10,6.6594695203824,56.075
"78328",24,107,"unpaired",141,121,130.617762957417,34,14,23.6177629574171,20,24,0.382237042582886,13.075
"78328",25,107,"paired",119,119,119,12,12,12,0,12,-2.8421709430404e-14,13.075
"78328",27,121,"unpaired",121,125,122.983738762489,0,4,1.98373876248853,4,2,0.0162612375114719,27.075
"78328",28,150,"unpaired",158,140,148.727939540626,8,10,1.2720604593743,18,9,7.7279395406257,56.075
"78328",29,64,"paired",53,45,48.8364617882991,11,19,15.1635382117009,8,15,-0.163538211700867,-29.925
"78328",30,107,"paired",120,135,127.279220613579,13,28,20.2792206135786,15,20.5,0.220779386421441,13.075
"78328",31,150,"unpaired",122,141,131.156395192915,28,9,18.8436048070854,19,18.5,-0.343604807085399,56.075
"78328",33,121,"paired",134,148,140.826133938271,13,27,19.8261339382715,14,20,0.173866061728546,27.075
"78328",34,50,"paired",91,77,83.7078252017098,41,27,33.7078252017098,14,34,0.292174798290219,-43.925
"78328",35,78,"unpaired",58,85,70.2139587261679,20,7,7.78604127383214,27,13.5,5.71395872616786,-15.925
"78328",36,50,"unpaired",65,62,63.4822809924155,15,12,13.4822809924155,3,13.5,0.0177190075844962,-43.925
"78328",37,135,"paired",134,144,138.910042833483,1,9,3.91004283348269,10,5,1.08995716651731,41.075
"78328",39,78,"unpaired",113,112,112.498888883402,35,34,34.4988888834018,1,34.5,0.00111111659819585,-15.925
"78328",40,121,"unpaired",145,140,142.47806848775,24,19,21.47806848775,5,21.5,0.0219315122499779,27.075
"78328",41,50,"paired",45,42,43.4741302385683,5,8,6.52586976143169,3,6.5,-0.025869761431693,-43.925
"78328",42,78,"paired",95,91,92.9784921366226,17,13,14.9784921366226,4,15,0.0215078633774084,-15.925
"78328",43,64,"unpaired",51,77,62.6657801355732,13,13,1.33421986442679,26,13,11.6657801355732,-29.925
"78328",45,121,"paired",134,148,140.826133938271,13,27,19.8261339382715,14,20,0.173866061728546,27.075
"78328",46,107,"paired",123,107,114.721401665077,16,0,7.72140166507725,16,8,0.278598334922748,13.075
"78328",47,121,"unpaired",150,119,133.603892158874,29,2,12.6038921588738,31,15.5,2.8961078411262,27.075
"78328",48,135,"unpaired",167,145,155.611696218504,32,10,20.6116962185042,22,21,0.388303781495836,41.075
"78328",49,78,"paired",44,55,49.1934955049954,34,23,28.8065044950046,11,28.5,-0.306504495004631,-15.925
"78328",51,150,"unpaired",159,150,154.434452114805,9,0,4.434452114805,9,4.5,0.0655478851950022,56.075
"78328",52,78,"unpaired",66,113,86.3597128295364,12,35,8.35971282953643,47,23.5,15.1402871704636,-15.925
"78328",53,50,"paired",38,36,36.9864840178139,12,14,13.0135159821861,2,13,-0.0135159821861421,-43.925
"78328",54,92,"paired",113,106,109.444049632678,21,14,17.4440496326777,7,17.5,0.0559503673223389,-1.925
"78328",55,121,"unpaired",109,138,122.645831563898,12,17,1.6458315638979,29,14.5,12.8541684361021,27.075
"78328",57,64,"paired",87,87,87,23,23,23,0,23,0,-29.925
"78328",58,121,"paired",152,160,155.948709516943,31,39,34.9487095169434,8,35,0.0512904830565901,27.075
"78328",59,135,"unpaired",127,155,140.303243013125,8,20,5.30324301312498,28,14,8.69675698687502,41.075
"78328",60,150,"unpaired",140,169,153.81807436059,10,19,3.81807436059006,29,14.5,10.6819256394099,56.075
"78328",61,50,"paired",58,46,51.6526862805798,8,4,1.65268628057983,12,6,4.34731371942017,-43.925
"78328",63,64,"unpaired",67,124,91.1482309208467,3,60,27.1482309208467,57,31.5,4.35176907915327,-29.925
"78328",64,135,"unpaired",115,135,124.599357943771,20,0,10.4006420562289,20,10,-0.400642056228861,41.075
"78328",65,107,"paired",78,91,84.2496290793022,29,16,22.7503709206978,13,22.5,-0.25037092069779,13.075
"78328",66,64,"paired",49,62,55.1180551180827,15,2,8.88194488191733,13,8.5,-0.381944881917335,-29.925
"78328",67,107,"unpaired",108,75,90,1,32,17,33,16.5,-0.5,13.075
"78328",69,121,"paired",157,154,155.492765105004,36,33,34.4927651050042,3,34.5,0.00723489499583252,27.075
"78328",70,92,"paired",95,106,100.349389634417,3,14,8.3493896344168,11,8.5,0.150610365583205,-1.925
"78328",71,107,"unpaired",117,117,117,10,10,10,0,10,-2.8421709430404e-14,13.075
"78328",72,50,"unpaired",57,57,57,7,7,7.00000000000001,0,7,-7.105427357601e-15,-43.925
"78328",73,78,"paired",73,74,73.4982993000519,5,4,4.50170069994812,1,4.5,-0.00170069994811684,-15.925
"78328",75,92,"unpaired",91,93,91.9945650568554,1,1,0.00543494314460702,2,1,0.994565056855393,-1.925
"78328",76,64,"unpaired",82,51,64.668384856899,18,13,0.668384856898967,31,15.5,14.831615143101,-29.925
"78328",77,135,"paired",107,86,95.9270556204035,28,49,39.0729443795965,21,38.5,-0.572944379596507,41.075
"78328",78,64,"paired",60,41,49.598387070549,4,23,14.401612929451,19,13.5,-0.901612929451026,-29.925
"78328",79,50,"unpaired",40,40,40,10,10,10,0,10,0,-43.925
"78328",81,121,"paired",151,158,154.460350899511,30,37,33.4603508995108,7,33.5,0.0396491004892141,27.075
"78328",82,64,"paired",63,59,60.9672042987047,1,5,3.03279570129527,4,3,-0.0327957012952709,-29.925
"78328",83,121,"unpaired",159,122,139.276703005205,38,1,18.2767030052048,37,19.5,1.22329699479522,27.075
"78328",84,50,"unpaired",66,86,75.3392328073494,16,36,25.3392328073494,20,26,0.660767192650582,-43.925
"78328",85,64,"paired",69,72,70.4840407468244,5,8,6.48404074682439,3,6.5,0.015959253175609,-29.925
"78328",87,50,"unpaired",85,51,65.8407168855261,35,1,15.8407168855261,34,18,2.15928311447389,-43.925
"78328",88,135,"unpaired",158,159,158.499211354505,23,24,23.4992113545048,1,23.5,0.000788645495219953,41.075
"78328",89,50,"paired",44,51,47.370877129308,6,1,2.62912287069196,7,3.5,0.870877129308042,-43.925
"78328",90,150,"paired",150,155,152.479506819769,0,5,2.47950681976906,5,2.5,0.0204931802309432,56.075
"78328",91,92,"unpaired",69,112,87.9090439033436,23,20,4.09095609665636,43,21.5,17.4090439033436,-1.925
"78328",93,78,"paired",75,81,77.9422863405995,3,3,0.0577136594004912,6,3,2.94228634059951,-15.925
"78328",94,78,"paired",92,97,94.4669254289564,14,19,16.4669254289564,5,16.5,0.0330745710436418,-15.925
"78328",95,64,"unpaired",84,82,82.9939756849857,20,18,18.9939756849857,2,19,0.00602431501432932,-29.925
"78328",96,92,"unpaired",113,145,128.003906190397,21,53,36.0039061903972,32,37,0.996093809602826,-1.925
"78443",1,92,"paired",97,102,99.4685880064656,5,10,7.46858800646558,5,7.5,0.0314119935344195,-1.925
"78443",3,50,"unpaired",68,93,79.5235814082842,18,43,29.5235814082842,25,30.5,0.976418591715841,-43.925
"78443",4,107,"unpaired",73,65,68.8839603971781,34,42,38.1160396028219,8,38,-0.116039602821886,13.075
"78443",5,50,"paired",48,50,48.9897948556636,2,0,1.01020514433643,2,1,-0.0102051443364317,-43.925
"78443",6,78,"paired",56,79,66.5131565932636,22,1,11.4868434067364,23,11.5,0.0131565932636022,-15.925
"78443",7,50,"unpaired",36,110,62.9285308902091,14,60,12.9285308902091,74,37,24.0714691097909,-43.925
"78443",9,135,"paired",99,118,108.083301207911,36,17,26.9166987920891,19,26.5,-0.416698792089065,41.075
"78443",10,50,"paired",75,59,66.5206734782503,25,9,16.5206734782503,16,17,0.479326521749684,-43.925
"78443",11,107,"unpaired",90,55,70.3562363973515,17,52,36.6437636026485,35,34.5,-2.14376360264852,13.075
"78443",12,92,"unpaired",85,52,66.4830805543786,7,40,25.5169194456214,33,23.5,-2.01691944562135,-1.925
"78443",13,107,"paired",105,111,107.958325292679,2,4,0.958325292679461,6,3,2.04167470732054,13.075
"78443",15,121,"unpaired",97,87,91.8640299573233,24,34,29.1359700426767,10,29,-0.135970042676661,27.075
"78443",16,64,"unpaired",70,38,51.5751878329105,6,26,12.4248121670895,32,16,3.57518783291052,-29.925
"78443",17,92,"paired",66,94,78.7654746700609,26,2,13.2345253299391,28,14,0.765474670060883,-1.925
"78443",18,107,"paired",68,61,64.4049687524185,39,46,42.5950312475815,7,42.5,-0.0950312475815167,13.075
"78443",19,135,"unpaired",112,88,99.2773891679268,23,47,35.7226108320732,24,35,-0.722610832073187,41.075
"78443",21,92,"paired",63,76,69.1953755680247,29,16,22.8046244319753,13,22.5,-0.304624431975256,-1.925
"78443",22,92,"paired",65,87,75.1997340420829,27,5,16.8002659579171,22,16,-0.800265957917091,-1.925
"78443",23,150,"unpaired",114,94,103.51811435686,36,56,46.4818856431397,20,46,-0.481885643139719,56.075
"78443",24,107,"unpaired",82,112,95.8331884056875,25,5,11.1668115943125,30,15,3.83318840568751,13.075
"78443",25,107,"paired",104,96,99.9199679743744,3,11,7.08003202562564,8,7,-0.0800320256256413,13.075
"78443",27,121,"unpaired",87,82,84.4630096551147,34,39,36.5369903448853,5,36.5,-0.036990344885254,27.075
"78443",28,150,"unpaired",74,114,91.8477000256403,76,36,58.1522999743597,40,56,-2.15229997435969,56.075
"78443",29,64,"paired",75,64,69.2820323027551,11,0,5.2820323027551,11,5.5,0.217967697244902,-29.925
"78443",30,107,"paired",92,85,88.4307638777366,15,22,18.5692361222634,7,18.5,-0.0692361222634048,13.075
"78443",31,150,"unpaired",79,87,82.9035584278503,71,63,67.0964415721497,8,67,-0.0964415721496721,56.075
"78443",33,121,"paired",59,70,64.2650760522385,62,51,56.7349239477615,11,56.5,-0.234923947761473,27.075
"78443",34,50,"paired",88,87,87.4985714169094,38,37,37.4985714169094,1,37.5,0.00142858309055782,-43.925
"78443",35,78,"unpaired",60,76,67.5277720645365,18,2,10.4722279354635,16,10,-0.472227935463508,-15.925
"78443",36,50,"unpaired",48,57,52.3067873224881,2,7,2.30678732248811,9,4.5,2.19321267751189,-43.925
"78443",37,135,"paired",113,126,119.323090808108,22,9,15.676909191892,13,15.5,-0.176909191891994,41.075
"78443",39,78,"unpaired",56,60,57.9655069847578,22,18,20.0344930152422,4,20,-0.0344930152422194,-15.925
"78443",40,121,"unpaired",84,74,78.8416133777081,37,47,42.1583866222919,10,42,-0.158386622291928,27.075
"78443",41,50,"paired",44,43,43.4971263418631,6,7,6.50287365813691,1,6.5,-0.00287365813691309,-43.925
"78443",42,78,"paired",75,66,70.3562363973514,3,12,7.64376360264858,9,7.5,-0.143763602648576,-15.925
"78443",43,64,"unpaired",62,45,52.820450584977,2,19,11.179549415023,17,10.5,-0.679549415022976,-29.925
"78443",45,121,"paired",44,70,55.4977477020464,77,51,65.5022522979536,26,64,-1.50225229795358,27.075
"78443",46,107,"paired",51,67,58.4551109827019,56,40,48.5448890172981,16,48,-0.54488901729809,13.075
"78443",47,121,"unpaired",53,72,61.773780845922,68,49,59.226219154078,19,58.5,-0.726219154078009,27.075
"78443",48,135,"unpaired",96,92,93.9787209957658,39,43,41.0212790042342,4,41,-0.0212790042341595,41.075
"78443",49,78,"paired",68,66,66.9925368977769,10,12,11.0074631022231,2,11,-0.00746310222307045,-15.925
"78443",51,150,"unpaired",63,67,64.9692234831231,87,83,85.0307765168769,4,85,-0.0307765168768697,56.075
"78443",52,78,"unpaired",56,85,68.9927532426414,22,7,9.00724675735862,29,14.5,5.49275324264138,-15.925
"78443",53,50,"paired",63,47,54.4150714416512,13,3,4.41507144165116,16,8,3.58492855834884,-43.925
"78443",54,92,"paired",68,89,77.7946013551069,24,3,14.2053986448931,21,13.5,-0.705398644893066,-1.925
"78443",55,121,"unpaired",55,92,71.133676975115,66,29,49.866323024885,37,47.5,-2.36632302488499,27.075
"78443",57,64,"paired",70,71,70.4982269280583,6,7,6.49822692805829,1,6.5,0.00177307194171306,-29.925
"78443",58,121,"paired",78,71,74.4177398205562,43,50,46.5822601794438,7,46.5,-0.0822601794437787,27.075
"78443",59,135,"unpaired",80,88,83.9047078536121,55,47,51.0952921463879,8,51,-0.0952921463878766,41.075
"78443",60,150,"unpaired",107,90,98.1325634027768,43,60,51.8674365972232,17,51.5,-0.367436597223218,56.075
"78443",61,50,"paired",86,65,74.766302570075,36,15,24.766302570075,21,25.5,0.733697429925016,-43.925
"78443",63,64,"unpaired",60,50,54.7722557505166,4,14,9.22774424948341,10,9,-0.227744249483408,-29.925
"78443",64,135,"unpaired",104,96,99.9199679743744,31,39,35.0800320256256,8,35,-0.0800320256256413,41.075
"78443",65,107,"paired",75,105,88.7411967464942,32,2,18.2588032535058,30,17,-1.25880325350583,13.075
"78443",66,64,"paired",87,41,59.7243668865564,23,23,4.27563311344358,46,23,18.7243668865564,-29.925
"78443",67,107,"unpaired",86,85,85.4985379991962,21,22,21.5014620008038,1,21.5,-0.00146200080378378,13.075
"78443",69,121,"paired",50,109,73.824115301167,71,12,47.175884698833,59,41.5,-5.67588469883299,27.075
"78443",70,92,"paired",57,51,53.9166022668343,35,41,38.0833977331657,6,38,-0.0833977331657252,-1.925
"78443",71,107,"unpaired",84,81,82.4863625092052,23,26,24.5136374907948,3,24.5,-0.0136374907948351,13.075
"78443",72,50,"unpaired",49,63,55.5607775323564,1,13,5.56077753235638,14,7,1.43922246764362,-43.925
"78443",73,78,"paired",82,88,84.9470423263812,4,10,6.94704232638119,6,7,0.0529576736188062,-15.925
"78443",75,92,"unpaired",79,72,75.4188305398592,13,20,16.5811694601408,7,16.5,-0.0811694601407851,-1.925
"78443",76,64,"unpaired",51,59,54.8543526076099,13,5,9.1456473923901,8,9,-0.145647392390096,-29.925
"78443",77,135,"paired",65,116,86.8331733843696,70,19,48.1668266156304,51,44.5,-3.66682661563038,41.075
"78443",78,64,"paired",71,63,66.8804904288239,7,1,2.88049042882386,8,4,1.11950957117614,-29.925
"78443",79,50,"unpaired",96,41,62.7375485654325,46,9,12.7375485654325,55,27.5,14.7624514345675,-43.925
"78443",81,121,"paired",102,106,103.980767452448,19,15,17.0192325475524,4,17,-0.0192325475523631,27.075
"78443",82,64,"paired",68,59,63.3403504884525,4,5,0.659649511547521,9,4.5,3.84035048845248,-29.925
"78443",83,121,"unpaired",94,67,79.359939516106,27,54,41.640060483894,27,40.5,-1.14006048389403,27.075
"78443",84,50,"unpaired",62,33,45.2327315115946,12,17,4.76726848840542,29,14.5,9.73273151159458,-43.925
"78443",85,64,"paired",56,88,70.199715099137,8,24,6.19971509913701,32,16,9.80028490086299,-29.925
"78443",87,50,"unpaired",57,44,50.0799361021956,7,6,0.0799361021956457,13,6.5,6.42006389780435,-43.925
"78443",88,135,"unpaired",107,93,99.7546991374342,28,42,35.2453008625658,14,35,-0.245300862565841,41.075
"78443",89,50,"paired",93,96,94.4880944881417,43,46,44.4880944881417,3,44.5,0.0119055118582594,-43.925
"78443",90,150,"paired",107,108,107.498837203014,43,42,42.5011627969865,1,42.5,-0.00116279698646338,56.075
"78443",91,92,"unpaired",84,85,84.4985206971104,8,7,7.50147930288956,1,7.5,-0.00147930288956388,-1.925
"78443",93,78,"paired",73,74,73.4982993000519,5,4,4.50170069994812,1,4.5,-0.00170069994811684,-15.925
"78443",94,78,"paired",62,40,49.7995983919549,16,38,28.2004016080451,22,27,-1.20040160804506,-15.925
"78443",95,64,"unpaired",64,63,63.4980314655502,0,1,0.501968534449844,1,0.5,-0.00196853444984413,-29.925
"78443",96,92,"unpaired",64,74,68.818602136341,28,18,23.181397863659,10,23,-0.181397863658987,-1.925
"78644",1,92,"paired",115,91,102.298582590376,23,1,10.2985825903761,24,12,1.70141740962386,-1.925
"78644",3,50,"unpaired",58,60,58.9915248150105,8,10,8.99152481501049,2,9,0.00847518498951416,-43.925
"78644",4,107,"unpaired",142,119,129.992307464711,35,12,22.9923074647112,23,23.5,0.507692535288811,13.075
"78644",5,50,"paired",59,67,62.8728876384726,9,17,12.8728876384726,8,13,0.127112361527409,-43.925
"78644",6,78,"paired",105,102,103.489129863962,27,24,25.489129863962,3,25.5,0.0108701360379939,-15.925
"78644",7,50,"unpaired",73,57,64.5058136914806,23,7,14.5058136914806,16,15,0.494186308519417,-43.925
"78644",9,135,"paired",157,162,159.480406320024,22,27,24.4804063200241,5,24.5,0.0195936799759124,41.075
"78644",10,50,"paired",74,70,71.9722168617864,24,20,21.9722168617864,4,22,0.0277831382136497,-43.925
"78644",11,107,"unpaired",128,113,120.266371026983,21,6,13.2663710269832,15,13.5,0.233628973016792,13.075
"78644",12,92,"unpaired",113,110,111.48990985735,21,18,19.4899098573499,3,19.5,0.0100901426501423,-1.925
"78644",13,107,"paired",121,115,117.9618582424,14,8,10.9618582423997,6,11,0.0381417576003429,13.075
"78644",15,121,"unpaired",130,119,124.378454725889,9,2,3.37845472588891,11,5.5,2.12154527411109,27.075
"78644",16,64,"unpaired",50,68,58.309518948453,14,4,5.690481051547,18,9,3.309518948453,-29.925
"78644",17,92,"paired",121,122,121.49897118906,29,30,29.4989711890599,1,29.5,0.00102881094005625,-1.925
"78644",18,107,"paired",102,96,98.9545350148238,5,11,8.04546498517622,6,8,-0.0454649851762241,13.075
"78644",19,135,"unpaired",152,119,134.491635427636,17,16,0.508364572364485,33,16.5,15.9916354276355,41.075
"78644",21,92,"paired",105,106,105.498815159223,13,14,13.4988151592234,1,13.5,0.00118484077655978,-1.925
"78644",22,92,"paired",51,106,73.5255057786072,41,14,18.4744942213928,55,27.5,9.02550577860717,-1.925
"78644",23,150,"unpaired",126,127,126.499011853848,24,23,23.5009881461519,1,23.5,-0.000988146151854608,56.075
"78644",24,107,"unpaired",94,98,95.9791644056147,13,9,11.0208355943853,4,11,-0.0208355943853178,13.075
"78644",25,107,"paired",83,80,81.4861951498534,24,27,25.5138048501466,3,25.5,-0.0138048501465562,13.075
"78644",27,121,"unpaired",127,116,121.37545056559,6,5,0.37545056559,11,5.5,5.12454943441,27.075
"78644",28,150,"unpaired",153,136,144.249783362056,3,14,5.75021663794436,17,8.5,2.74978336205564,56.075
"78644",29,64,"paired",52,78,63.6867333123626,12,14,0.313266687637352,26,13,12.6867333123626,-29.925
"78644",30,107,"paired",111,106,108.471194332873,4,1,1.47119433287344,5,2.5,1.02880566712656,13.075
"78644",31,150,"unpaired",129,121,124.935983607606,21,29,25.0640163923939,8,25,-0.0640163923939241,56.075
"78644",33,121,"paired",130,124,126.964561984831,9,3,5.96456198483102,6,6,0.0354380151689782,27.075
"78644",34,50,"paired",73,67,69.9356847396235,23,17,19.9356847396235,6,20,0.0643152603765458,-43.925
"78644",35,78,"unpaired",105,85,94.472218138456,27,7,16.472218138456,20,17,0.527781861544042,-15.925
"78644",36,50,"unpaired",53,81,65.5209890035247,3,31,15.5209890035247,28,17,1.47901099647534,-43.925
"78644",37,135,"paired",143,134,138.426876003181,8,1,3.42687600318072,9,4.5,1.07312399681928,41.075
"78644",39,78,"unpaired",107,78,91.35644476445,29,0,13.35644476445,29,14.5,1.14355523555004,-15.925
"78644",40,121,"unpaired",143,139,140.9858148893,22,18,19.9858148893001,4,20,0.0141851106999127,27.075
"78644",41,50,"paired",64,62,62.9920629920945,14,12,12.9920629920945,2,13,0.0079370079055181,-43.925
"78644",42,78,"paired",91,87,88.9775252521669,13,9,10.9775252521669,4,11,0.0224747478331011,-15.925
"78644",43,64,"unpaired",62,70,65.8786763680024,2,6,1.87867636800243,8,4,2.12132363199757,-29.925
"78644",45,121,"paired",112,117,114.472704170034,9,4,6.52729582996648,5,6.5,-0.0272958299664765,27.075
"78644",46,107,"paired",95,89,91.9510739469637,12,18,15.0489260530363,6,15,-0.0489260530362827,13.075
"78644",47,121,"unpaired",106,112,108.95870777501,15,9,12.0412922249901,6,12,-0.0412922249901442,27.075
"78644",48,135,"unpaired",136,125,130.384048104053,1,10,4.61595189594698,11,5.5,0.884048104053022,41.075
"78644",49,78,"paired",83,78,80.4611707595658,5,0,2.4611707595658,5,2.5,0.0388292404341968,-15.925
"78644",51,150,"unpaired",147,119,132.261105393838,3,31,17.7388946061618,28,17,-0.738894606161779,56.075
"78644",52,78,"unpaired",89,91,89.9944442729661,11,13,11.9944442729661,2,12,0.00555572703392215,-15.925
"78644",53,50,"paired",66,67,66.4981202741852,16,17,16.4981202741852,1,16.5,0.00187972581480267,-43.925
"78644",54,92,"paired",94,94,94,2,2,2,0,2,0,-1.925
"78644",55,121,"unpaired",107,109,107.995370271137,14,12,13.004629728863,2,13,-0.0046297288629944,27.075
"78644",57,64,"paired",74,72,72.9931503635786,10,8,8.99315036357865,2,9,0.00684963642135017,-29.925
"78644",58,121,"paired",123,123,123,2,2,1.99999999999994,0,2,5.6843418860808e-14,27.075
"78644",59,135,"unpaired",133,130,131.491444588612,2,5,3.50855541138804,3,3.5,-0.00855541138804483,41.075
"78644",60,150,"unpaired",151,135,142.77604841149,1,15,7.22395158851046,16,8,0.77604841148954,56.075
"78644",61,50,"paired",65,62,63.4822809924155,15,12,13.4822809924155,3,13.5,0.0177190075844962,-43.925
"78644",63,64,"unpaired",70,63,66.407830863536,6,1,2.40783086353598,7,3.5,1.09216913646402,-29.925
"78644",64,135,"unpaired",155,134,144.118007202431,20,1,9.1180072024311,21,10.5,1.3819927975689,41.075
"78644",65,107,"paired",128,118,122.898331965898,21,11,15.8983319658977,10,16,0.101668034102261,13.075
"78644",66,64,"paired",78,75,76.4852927038917,14,11,12.4852927038917,3,12.5,0.0147072961082699,-29.925
"78644",67,107,"unpaired",103,96,99.4384231572484,4,11,7.56157684275158,7,7.5,-0.0615768427515775,13.075
"78644",69,121,"paired",128,130,128.996123972777,7,9,7.99612397277676,2,8,0.00387602722324232,27.075
"78644",70,92,"paired",86,86,86,6,6,6.00000000000003,0,6,-2.8421709430404e-14,-1.925
"78644",71,107,"unpaired",138,93,113.287245530995,31,14,6.28724553099522,45,22.5,16.2127544690048,13.075
"78644",72,50,"unpaired",55,54,54.4977063737549,5,4,4.49770637375486,1,4.5,0.00229362624514096,-43.925
"78644",73,78,"paired",95,84,89.3308457365092,17,6,11.3308457365092,11,11.5,0.169154263490796,-15.925
"78644",75,92,"unpaired",112,90,100.399203184089,20,2,8.399203184089,22,11,2.600796815911,-1.925
"78644",76,64,"unpaired",76,86,80.8455317256309,12,22,16.8455317256309,10,17,0.154468274369066,-29.925
"78644",77,135,"paired",123,131,126.936992244184,12,4,8.0630077558161,8,8,-0.063007755816102,41.075
"78644",78,64,"paired",87,86,86.4985549012236,23,22,22.4985549012236,1,22.5,0.00144509877637233,-29.925
"78644",79,50,"unpaired",64,68,65.9696900098826,14,18,15.9696900098826,4,16,0.0303099901174306,-43.925
"78644",81,121,"paired",121,122,121.49897118906,0,1,0.498971189059944,1,0.5,0.00102881094005625,27.075
"78644",82,64,"paired",65,55,59.791303715507,1,9,4.20869628449301,10,5,0.791303715506992,-29.925
"78644",83,121,"unpaired",111,117,113.960519479336,10,4,7.03948052066448,6,7,-0.0394805206644833,27.075
"78644",84,50,"unpaired",58,62,59.9666574022598,8,12,9.9666574022598,4,10,0.0333425977402015,-43.925
"78644",85,64,"paired",68,72,69.9714227381436,4,8,5.97142273814362,4,6,0.028577261856384,-29.925
"78644",87,50,"unpaired",66,68,66.9925368977769,16,18,16.9925368977769,2,17,0.00746310222307045,-43.925
"78644",88,135,"unpaired",139,139,139,4,4,3.99999999999997,0,4,2.8421709430404e-14,41.075
"78644",89,50,"paired",63,60,61.4817045957576,13,10,11.4817045957576,3,11.5,0.0182954042424228,-43.925
"78644",90,150,"paired",128,133,130.476051442401,22,17,19.5239485575994,5,19.5,-0.0239485575993683,56.075
"78644",91,92,"unpaired",96,93,94.4880944881417,4,1,2.48809448814174,3,2.5,0.0119055118582594,-1.925
"78644",93,78,"paired",113,110,111.48990985735,35,32,33.4899098573499,3,33.5,0.0100901426501423,-15.925
"78644",94,78,"paired",76,75,75.4983443527075,2,3,2.50165564729251,1,2.5,-0.00165564729250889,-15.925
"78644",95,64,"unpaired",89,67,77.2204636090719,25,3,13.2204636090719,22,14,0.779536390928072,-29.925
"78644",96,92,"unpaired",105,92,98.2852990024449,13,0,6.28529900244487,13,6.5,0.214700997555127,-1.925
"78665",1,92,"paired",68,69,68.4981751581749,24,23,23.5018248418251,1,23.5,-0.00182484182514031,-1.925
"78665",3,50,"unpaired",51,78,63.0713881248859,1,28,13.0713881248859,27,14.5,1.4286118751141,-43.925
"78665",4,107,"unpaired",76,118,94.6995248140137,31,11,12.3004751859863,42,21,8.69952481401369,13.075
"78665",5,50,"paired",43,39,40.9511904588865,7,11,9.04880954111346,4,9,-0.0488095411134566,-43.925
"78665",6,78,"paired",97,105,100.920760995942,19,27,22.9207609959417,8,23,0.0792390040582944,-15.925
"78665",7,50,"unpaired",47,78,60.5475020128824,3,28,10.5475020128824,31,15.5,4.95249798711759,-43.925
"78665",9,135,"paired",95,98,96.4883412646315,40,37,38.5116587353685,3,38.5,-0.0116587353684707,41.075
"78665",10,50,"paired",81,70,75.2994023880668,31,20,25.2994023880668,11,25.5,0.200597611933176,-43.925
"78665",11,107,"unpaired",82,115,97.1081870904817,25,8,9.89181290951826,33,16.5,6.60818709048174,13.075
"78665",12,92,"unpaired",71,114,89.9666604915399,21,22,2.03333950846013,43,21.5,19.4666604915399,-1.925
"78665",13,107,"paired",86,85,85.4985379991962,21,22,21.5014620008038,1,21.5,-0.00146200080378378,13.075
"78665",15,121,"unpaired",93,109,100.682669809655,28,12,20.3173301903451,16,20,-0.317330190345061,27.075
"78665",16,64,"unpaired",62,81,70.8660708661063,2,17,6.86607086610631,19,9.5,2.63392913389369,-29.925
"78665",17,92,"paired",67,74,70.4130669691358,25,18,21.5869330308642,7,21.5,-0.0869330308642162,-1.925
"78665",18,107,"paired",108,114,110.959452053442,1,7,3.95945205344165,6,4,0.0405479465583483,13.075
"78665",19,135,"unpaired",79,115,95.3152663532973,56,20,39.6847336467027,36,38,-1.68473364670274,41.075
"78665",21,92,"paired",72,88,79.5989949685297,20,4,12.4010050314703,16,12,-0.401005031470348,-1.925
"78665",22,92,"paired",105,95,99.8749217771909,13,3,7.87492177719088,10,8,0.125078222809123,-1.925
"78665",23,150,"unpaired",115,89,101.168176814649,35,61,48.8318231853514,26,48,-0.831823185351368,56.075
"78665",24,107,"unpaired",104,104,104,3,3,3.00000000000001,0,3,-1.4210854715202e-14,13.075
"78665",25,107,"paired",93,85,88.910066921581,14,22,18.089933078419,8,18,-0.0899330784190369,13.075
"78665",27,121,"unpaired",83,112,96.4157663455516,38,9,24.5842336544484,29,23.5,-1.08423365444837,27.075
"78665",28,150,"unpaired",120,112,115.931013969515,30,38,34.0689860304845,8,34,-0.068986030484524,56.075
"78665",29,64,"paired",67,63,64.9692234831231,3,1,0.96922348312313,4,2,1.03077651687687,-29.925
"78665",30,107,"paired",114,109,111.47196957083,7,2,4.47196957082973,5,4.5,0.028030429170272,13.075
"78665",31,150,"unpaired",115,112,113.490087672889,35,38,36.5099123271112,3,36.5,-0.00991232711115231,56.075
"78665",33,121,"paired",107,114,110.44455622619,14,7,10.5554437738102,7,10.5,-0.0554437738102109,27.075
"78665",34,50,"paired",73,80,76.4198926981712,23,30,26.4198926981712,7,26.5,0.0801073018288179,-43.925
"78665",35,78,"unpaired",96,93,94.4880944881417,18,15,16.4880944881417,3,16.5,0.0119055118582594,-15.925
"78665",36,50,"unpaired",80,83,81.4861951498534,30,33,31.4861951498534,3,31.5,0.0138048501465562,-43.925
"78665",37,135,"paired",96,108,101.823376490863,39,27,33.1766235091372,12,33,-0.176623509137158,41.075
"78665",39,78,"unpaired",81,94,87.2582374334939,3,16,9.25823743349393,13,9.5,0.241762566506068,-15.925
"78665",40,121,"unpaired",119,106,112.312065246793,2,15,8.6879347532065,13,8.5,-0.187934753206505,27.075
"78665",41,50,"paired",65,67,65.9924238075857,15,17,15.9924238075857,2,16,0.00757619241434782,-43.925
"78665",42,78,"paired",95,94,94.4986772394196,17,16,16.4986772394196,1,16.5,0.00132276058040759,-15.925
"78665",43,64,"unpaired",63,74,68.2788400604463,1,10,4.27884006044626,11,5.5,1.22115993955374,-29.925
"78665",45,121,"paired",106,119,112.312065246793,15,2,8.6879347532065,13,8.5,-0.187934753206505,27.075
"78665",46,107,"paired",95,106,100.349389634417,12,1,6.6506103655832,11,6.5,-0.150610365583205,13.075
"78665",47,121,"unpaired",119,109,113.890298094263,2,12,7.10970190573742,10,7,-0.109701905737424,27.075
"78665",48,135,"unpaired",129,125,126.984250992003,6,10,8.01574900799704,4,8,-0.0157490079970444,41.075
"78665",49,78,"paired",84,79,81.4616474176652,6,1,3.46164741766523,5,3.5,0.0383525823347668,-15.925
"78665",51,150,"unpaired",108,111,109.489725545368,42,39,40.5102744546321,3,40.5,-0.0102744546320963,56.075
"78665",52,78,"unpaired",80,93,86.2554346113913,2,15,8.25543461139129,13,8.5,0.244565388608706,-15.925
"78665",53,50,"paired",65,71,67.9337912971151,15,21,17.9337912971151,6,18,0.0662087028848504,-43.925
"78665",54,92,"paired",96,97,96.4987046545185,4,5,4.49870465451855,1,4.5,0.00129534548145216,-1.925
"78665",55,121,"unpaired",89,98,93.3916484488843,32,23,27.6083515511157,9,27.5,-0.108351551115661,27.075
"78665",57,64,"paired",73,75,73.9932429347437,9,11,9.99324293474369,2,10,0.00675706525630915,-29.925
"78665",58,121,"paired",106,105,105.498815159223,15,16,15.5011848407766,1,15.5,-0.00118484077655978,27.075
"78665",59,135,"unpaired",110,110,110,25,25,25,0,25,4.2632564145606e-14,41.075
"78665",60,150,"unpaired",127,120,123.450394896088,23,30,26.5496051039122,7,26.5,-0.049605103912242,56.075
"78665",61,50,"paired",54,61,57.393379409127,4,11,7.39337940912701,7,7.5,0.106620590872993,-43.925
"78665",63,64,"unpaired",78,86,81.9023809177731,14,22,17.9023809177731,8,18,0.097619082226899,-29.925
"78665",64,135,"unpaired",118,106,111.839170240127,17,29,23.1608297598735,12,23,-0.160829759873479,41.075
"78665",65,107,"paired",107,115,110.927904514599,0,8,3.92790451459902,8,4,0.072095485400979,13.075
"78665",66,64,"paired",82,85,83.4865258589673,18,21,19.4865258589673,3,19.5,0.013474141032745,-29.925
"78665",67,107,"unpaired",87,95,90.9120454065356,20,12,16.0879545934644,8,16,-0.0879545934643886,13.075
"78665",69,121,"paired",103,111,106.925207505059,18,10,14.0747924949407,8,14,-0.0747924949407093,27.075
"78665",70,92,"paired",101,109,104.92378186093,9,17,12.9237818609299,8,13,0.0762181390700647,-1.925
"78665",71,107,"unpaired",94,106,99.8198377077422,13,1,7.18016229225778,12,7,-0.180162292257776,13.075
"78665",72,50,"unpaired",68,86,76.4722171772207,18,36,26.4722171772207,18,27,0.527782822779329,-43.925
"78665",73,78,"paired",77,69,72.8903285765677,1,9,5.10967142343226,8,5,-0.10967142343226,-15.925
"78665",75,92,"unpaired",82,86,83.9761871008681,10,6,8.0238128991319,4,8,-0.0238128991318973,-1.925
"78665",76,64,"unpaired",76,93,84.0713982279348,12,29,20.0713982279348,17,20.5,0.428601772065178,-29.925
"78665",77,135,"paired",117,118,117.498936165397,18,17,17.5010638346032,1,17.5,-0.00106383460318682,41.075
"78665",78,64,"paired",89,90,89.4986033410578,25,26,25.4986033410578,1,25.5,0.00139665894222674,-29.925
"78665",79,50,"unpaired",56,76,65.2380257212004,6,26,15.2380257212004,20,16,0.761974278799627,-43.925
"78665",81,121,"paired",111,116,113.472463620034,10,5,7.52753637996575,5,7.5,-0.0275363799657526,27.075
"78665",82,64,"paired",83,91,86.9079973305104,19,27,22.9079973305104,8,23,0.0920026694896166,-29.925
"78665",83,121,"unpaired",111,106,108.471194332873,10,15,12.5288056671266,5,12.5,-0.0288056671265622,27.075
"78665",84,50,"unpaired",74,80,76.9415362466853,24,30,26.9415362466853,6,27,0.0584637533146548,-43.925
"78665",85,64,"paired",66,68,66.9925368977769,2,4,2.99253689777693,2,3,0.00746310222307045,-29.925
"78665",87,50,"unpaired",68,77,72.3602100605022,18,27,22.3602100605022,9,22.5,0.139789939497845,-43.925
"78665",88,135,"unpaired",124,112,117.84735890125,11,23,17.1526410987501,12,17,-0.152641098750124,41.075
"78665",89,50,"paired",68,65,66.4830805543786,18,15,16.4830805543786,3,16.5,0.0169194456213546,-43.925
"78665",90,150,"paired",114,120,116.961532137708,36,30,33.0384678622924,6,33,-0.0384678622924355,56.075
"78665",91,92,"unpaired",94,94,94,2,2,2,0,2,0,-1.925
"78665",93,78,"paired",102,107,104.470091413763,24,29,26.470091413763,5,26.5,0.0299085862370276,-15.925
"78665",94,78,"paired",85,94,89.3867999203462,7,16,11.3867999203462,9,11.5,0.11320007965378,-15.925
"78665",95,64,"unpaired",78,91,84.2496290793022,14,27,20.2496290793022,13,20.5,0.25037092069779,-29.925
"78665",96,92,"unpaired",118,95,105.877287460531,26,3,13.8772874605314,23,14.5,0.62271253946858,-1.925
"78782",1,92,"paired",81,65,72.5603197346869,11,27,19.4396802653131,16,19,-0.439680265313058,-1.925
"78782",3,50,"unpaired",45,41,42.9534631898291,5,9,7.04653681017094,4,7,-0.0465368101709416,-43.925
"78782",4,107,"unpaired",113,86,98.5799168187922,6,21,8.42008318120776,27,13.5,5.07991681879224,13.075
"78782",5,50,"paired",38,54,45.2990066116245,12,4,4.7009933883755,16,8,3.2990066116245,-43.925
"78782",6,78,"paired",43,48,45.4312667664022,35,30,32.5687332335978,5,32.5,-0.0687332335978041,-15.925
"78782",7,50,"unpaired",37,43,39.8873413503583,13,7,10.1126586496417,6,10,-0.112658649641745,-43.925
"78782",9,135,"paired",122,144,132.544332206247,13,9,2.45566779375287,22,11,8.54433220624713,41.075
"78782",10,50,"paired",63,60,61.4817045957576,13,10,11.4817045957576,3,11.5,0.0182954042424228,-43.925
"78782",11,107,"unpaired",121,115,117.9618582424,14,8,10.9618582423997,6,11,0.0381417576003429,13.075
"78782",12,92,"unpaired",127,92,108.092552934973,35,0,16.0925529349733,35,17.5,1.40744706502672,-1.925
"78782",13,107,"paired",112,120,115.931013969515,5,13,8.93101396951548,8,9,0.068986030484524,13.075
"78782",15,121,"unpaired",135,132,133.491572767722,14,11,12.4915727677219,3,12.5,0.00842723227813735,27.075
"78782",16,64,"unpaired",70,74,71.9722168617864,6,10,7.97221686178635,4,8,0.0277831382136497,-29.925
"78782",17,92,"paired",113,92,101.960776772247,21,0,9.9607767722471,21,10.5,0.539223227752899,-1.925
"78782",18,107,"paired",124,128,125.984125984189,17,21,18.984125984189,4,19,0.015874015811022,13.075
"78782",19,135,"unpaired",129,132,130.491379025589,6,3,4.50862097441069,3,4.5,-0.00862097441068954,41.075
"78782",21,92,"paired",78,91,84.2496290793022,14,1,7.75037092069779,13,7.5,-0.25037092069779,-1.925
"78782",22,92,"paired",118,117,117.498936165397,26,25,25.4989361653968,1,25.5,0.00106383460318682,-1.925
"78782",23,150,"unpaired",165,159,161.972219840317,15,9,11.972219840317,6,12,0.0277801596830329,56.075
"78782",24,107,"unpaired",155,140,147.309198626562,48,33,40.3091986265623,15,40.5,0.190801373437665,13.075
"78782",25,107,"paired",142,131,136.389149128514,35,24,29.3891491285138,11,29.5,0.110850871486178,13.075
"78782",27,121,"unpaired",147,116,130.583306743243,26,5,9.58330674324333,31,15.5,5.91669325675667,27.075
"78782",28,150,"unpaired",159,130,143.770650690605,9,20,6.22934930939482,29,14.5,8.27065069060518,56.075
"78782",29,64,"paired",57,46,51.2054684579684,7,18,12.7945315420316,11,12.5,-0.294531542031564,-29.925
"78782",30,107,"paired",133,135,133.996268604764,26,28,26.9962686047637,2,27,0.00373139523628652,13.075
"78782",31,150,"unpaired",120,119,119.498953970317,30,31,30.5010460296828,1,30.5,-0.00104602968275458,56.075
"78782",33,121,"paired",115,127,120.851148112047,6,6,0.148851887952617,12,6,5.85114811204738,27.075
"78782",34,50,"paired",58,51,54.3874985635486,8,1,4.38749856354857,7,4.5,0.112501436451431,-43.925
"78782",35,78,"unpaired",91,65,76.909037180295,13,13,1.09096281970498,26,13,11.909037180295,-15.925
"78782",36,50,"unpaired",46,36,40.6939798987516,4,14,9.30602010124839,10,9,-0.306020101248393,-43.925
"78782",37,135,"paired",84,93,88.3855191759374,51,42,46.6144808240626,9,46.5,-0.114480824062582,41.075
"78782",39,78,"unpaired",83,81,81.9939022122987,5,3,3.99390221229868,2,4,0.00609778770132152,-15.925
"78782",40,121,"unpaired",129,124,126.475294030099,8,3,5.47529403009902,5,5.5,0.0247059699009782,27.075
"78782",41,50,"paired",40,48,43.8178046004133,10,2,6.18219539958671,8,6,-0.18219539958671,-43.925
"78782",42,78,"paired",107,107,107,29,29,29,0,29,4.2632564145606e-14,-15.925
"78782",43,64,"unpaired",40,53,46.0434577328854,24,11,17.9565422671146,13,17.5,-0.456542267114642,-29.925
"78782",45,121,"paired",132,152,141.647449677006,11,31,20.6474496770062,20,21,0.352550322993835,27.075
"78782",46,107,"paired",108,110,108.99541274751,1,3,1.99541274750968,2,2,0.00458725249032454,13.075
"78782",47,121,"unpaired",146,140,142.968528005292,25,19,21.9685280052921,6,22,0.0314719947079141,27.075
"78782",48,135,"unpaired",162,158,159.98749951168,27,23,24.9874995116805,4,25,0.012500488319489,41.075
"78782",49,78,"paired",45,50,47.4341649025257,33,28,30.5658350974743,5,30.5,-0.0658350974743058,-15.925
"78782",51,150,"unpaired",116,141,127.890578229985,34,9,22.1094217700147,25,21.5,-0.60942177001472,56.075
"78782",52,78,"unpaired",71,106,86.7525215771853,7,28,8.75252157718529,35,17.5,8.74747842281471,-15.925
"78782",53,50,"paired",38,44,40.8900966005218,12,6,9.10990339947825,6,9,-0.109903399478249,-43.925
"78782",54,92,"paired",90,81,85.3814968245463,2,11,6.61850317545371,9,6.5,-0.118503175453711,-1.925
"78782",55,121,"unpaired",68,115,88.4307638777366,53,6,32.5692361222634,47,29.5,-3.0692361222634,27.075
"78782",57,64,"paired",77,68,72.3602100605022,13,4,8.36021006050215,9,8.5,0.139789939497845,-29.925
"78782",58,121,"paired",125,136,130.384048104053,4,15,9.38404810405302,11,9.5,0.115951895946978,27.075
"78782",59,135,"unpaired",119,161,138.416039532996,16,26,3.41603953299628,42,21,17.5839604670037,41.075
"78782",60,150,"unpaired",149,161,154.883827432047,1,11,4.8838274320467,12,6,1.1161725679533,56.075
"78782",61,50,"paired",41,36,38.4187454245971,9,14,11.5812545754029,5,11.5,-0.0812545754029088,-43.925
"78782",63,64,"unpaired",47,76,59.7662111899357,17,12,4.23378881006429,29,14.5,10.2662111899357,-29.925
"78782",64,135,"unpaired",122,117,119.473846510439,13,18,15.5261534895608,5,15.5,-0.0261534895607696,41.075
"78782",65,107,"paired",86,82,83.9761871008681,21,25,23.0238128991319,4,23,-0.0238128991318973,13.075
"78782",66,64,"paired",70,55,62.0483682299543,6,9,1.9516317700457,15,7.5,5.5483682299543,-29.925
"78782",67,107,"unpaired",91,87,88.9775252521669,16,20,18.0224747478331,4,18,-0.0224747478331011,13.075
"78782",69,121,"paired",131,134,132.491509161908,10,13,11.4915091619081,3,11.5,0.00849083809191598,27.075
"78782",70,92,"paired",122,129,125.451185725763,30,37,33.4511857257635,7,33.5,0.0488142742365341,-1.925
"78782",71,107,"unpaired",125,114,119.373363863133,18,7,12.3733638631332,11,12.5,0.12663613686675,13.075
"78782",72,50,"unpaired",43,37,39.8873413503583,7,13,10.1126586496417,6,10,-0.112658649641745,-43.925
"78782",73,78,"paired",60,64,61.9677335393187,18,14,16.0322664606813,4,16,-0.032266460681349,-15.925
"78782",75,92,"unpaired",71,60,65.2686754883229,21,32,26.7313245116771,11,26.5,-0.23132451167713,-1.925
"78782",76,64,"unpaired",60,54,56.9209978830308,4,10,7.0790021169692,6,7,-0.0790021169691997,-29.925
"78782",77,135,"paired",91,112,100.955435712992,44,23,34.0445642870083,21,33.5,-0.544564287008285,41.075
"78782",78,64,"paired",44,56,49.6386945839634,20,8,14.3613054160366,12,14,-0.361305416036558,-29.925
"78782",79,50,"unpaired",71,38,51.9422756528822,21,12,1.94227565288221,33,16.5,14.5577243471178,-43.925
"78782",81,121,"paired",91,111,100.503731274018,30,10,20.4962687259821,20,20,-0.496268725982105,27.075
"78782",82,64,"paired",70,78,73.8918128076447,6,14,9.89181280764467,8,10,0.108187192355331,-29.925
"78782",83,121,"unpaired",117,113,114.982607380421,4,8,6.01739261957917,4,6,-0.0173926195791694,27.075
"78782",84,50,"unpaired",39,40,39.496835316263,11,10,10.503164683737,1,10.5,-0.00316468373699763,-43.925
"78782",85,64,"paired",59,58,58.4978632088387,5,6,5.50213679116133,1,5.5,-0.00213679116133392,-29.925
"78782",87,50,"unpaired",40,58,48.1663783151692,10,8,1.83362168483082,18,9,7.16637831516918,-43.925
"78782",88,135,"unpaired",130,143,136.34515026212,5,8,1.3451502621196,13,6.5,5.1548497378804,41.075
"78782",89,50,"paired",40,40,40,10,10,10,0,10,0,-43.925
"78782",90,150,"paired",129,114,121.268297588446,21,36,28.7317024115536,15,28.5,-0.23170241155357,56.075
"78782",91,92,"unpaired",79,61,69.4190175672344,13,31,22.5809824327656,18,22,-0.58098243276558,-1.925
"78782",93,78,"paired",61,76,68.0881781221968,17,2,9.91182187780316,15,9.5,-0.411821877803163,-15.925
"78782",94,78,"paired",55,60,57.4456264653803,23,18,20.5543735346197,5,20.5,-0.0543735346197138,-15.925
"78782",95,64,"unpaired",58,68,62.8012738724303,6,4,1.19872612756967,10,5,3.80127387243033,-29.925
"78782",96,92,"unpaired",107,82,93.6696322187719,15,10,1.66963221877194,25,12.5,10.8303677812281,-1.925
"78831",1,92,"paired",73,98,84.581321815162,19,6,7.41867818483799,25,12.5,5.08132181516201,-1.925
"78831",3,50,"unpaired",80,61,69.8569967862919,30,11,19.8569967862919,19,20.5,0.643003213708113,-43.925
"78831",4,107,"unpaired",101,120,110.090871556183,6,13,3.09087155618307,19,9.5,6.40912844381693,13.075
"78831",5,50,"paired",47,49,47.9895822028073,3,1,2.01041779719271,2,2,-0.0104177971927086,-43.925
"78831",6,78,"paired",94,85,89.3867999203462,16,7,11.3867999203462,9,11.5,0.11320007965378,-15.925
"78831",7,50,"unpaired",50,72,60,0,22,9.99999999999999,22,11,1.00000000000001,-43.925
"78831",9,135,"paired",123,124,123.498987850103,12,11,11.5010121498966,1,11.5,-0.00101214989656739,41.075
"78831",10,50,"paired",50,58,53.851648071345,0,8,3.85164807134502,8,4,0.148351928654982,-43.925
"78831",11,107,"unpaired",123,122,122.498979587587,16,15,15.4989795875868,1,15.5,0.00102041241324002,13.075
"78831",12,92,"unpaired",73,108,88.7918915216924,19,16,3.20810847830755,35,17.5,14.2918915216924,-1.925
"78831",13,107,"paired",88,99,93.3380951166243,19,8,13.6619048833757,11,13.5,-0.161904883375669,13.075
"78831",15,121,"unpaired",121,129,124.935983607606,0,8,3.93598360760608,8,4,0.0640163923939241,27.075
"78831",16,64,"unpaired",57,56,56.4977875673021,7,8,7.50221243269787,1,7.5,-0.00221243269787408,-29.925
"78831",17,92,"paired",91,110,100.049987506246,1,18,8.04998750624614,19,9.5,1.45001249375386,-1.925
"78831",18,107,"paired",100,116,107.70329614269,7,9,0.70329614269005,16,8,7.29670385730995,13.075
"78831",19,135,"unpaired",122,128,124.963994814506,13,7,10.0360051854935,6,10,-0.0360051854935364,41.075
"78831",21,92,"paired",100,106,102.95630140987,8,14,10.95630140987,6,11,0.0436985901300346,-1.925
"78831",22,92,"paired",110,99,104.355162785557,18,7,12.3551627855565,11,12.5,0.14483721444347,-1.925
"78831",23,150,"unpaired",141,141,141,9,9,8.99999999999997,0,9,2.8421709430404e-14,56.075
"78831",24,107,"unpaired",112,109,110.489818535465,5,2,3.48981853546508,3,3.5,0.0101814645349236,13.075
"78831",25,107,"paired",99,101,99.9949998749938,8,6,7.00500012500625,2,7,-0.00500012500624791,13.075
"78831",27,121,"unpaired",116,123,119.448733773113,5,2,1.55126622688715,7,3.5,1.94873377311285,27.075
"78831",28,150,"unpaired",128,140,133.865604245452,22,10,16.1343957545479,12,16,-0.13439575454791,56.075
"78831",29,64,"paired",66,64,64.9923072370876,2,0,0.99230723708763,2,1,0.0076927629123702,-29.925
"78831",30,107,"paired",111,123,116.846052564903,4,16,9.84605256490264,12,10,0.153947435097365,13.075
"78831",31,150,"unpaired",123,135,128.860389569487,27,15,21.1396104305128,12,21,-0.139610430512846,56.075
"78831",33,121,"paired",110,107,108.489630840924,11,14,12.5103691590759,3,12.5,-0.0103691590758501,27.075
"78831",34,50,"paired",91,88,89.4874292847884,41,38,39.4874292847884,3,39.5,0.0125707152116235,-43.925
"78831",35,78,"unpaired",84,106,94.3610088966836,6,28,16.3610088966836,22,17,0.638991103316386,-15.925
"78831",36,50,"unpaired",51,62,56.2316636780382,1,12,6.23166367803818,11,6.5,0.268336321961819,-43.925
"78831",37,135,"paired",100,114,106.770782520313,35,21,28.2292174796869,14,28,-0.229217479686895,41.075
"78831",39,78,"unpaired",100,100,100,22,22,22,0,22,-4.2632564145606e-14,-15.925
"78831",40,121,"unpaired",124,138,130.812843406143,3,17,9.81284340614269,14,10,0.18715659385731,27.075
"78831",41,50,"paired",50,56,52.9150262212918,0,6,2.91502622129183,6,3,0.0849737787081679,-43.925
"78831",42,78,"paired",97,99,97.9948978263665,19,21,19.9948978263665,2,20,0.00510217363351728,-15.925
"78831",43,64,"unpaired",85,91,87.94884877018,21,27,23.94884877018,6,24,0.0511512298199648,-29.925
"78831",45,121,"paired",130,140,134.90737563232,9,19,13.9073756323203,10,14,0.0926243676796901,27.075
"78831",46,107,"paired",123,134,128.382241762636,16,27,21.3822417626363,11,21.5,0.117758237363716,13.075
"78831",47,121,"unpaired",122,135,128.335497817245,1,14,7.33549781724466,13,7.5,0.164502182755342,27.075
"78831",48,135,"unpaired",146,152,148.969795596289,11,17,13.9697955962886,6,14,0.0302044037114229,41.075
"78831",49,78,"paired",71,70,70.4982269280583,7,8,7.50177307194171,1,7.5,-0.00177307194171306,-15.925
"78831",51,150,"unpaired",137,140,138.491877018113,13,10,11.5081229818875,3,11.5,-0.00812298188745331,56.075
"78831",52,78,"unpaired",106,105,105.498815159223,28,27,27.4988151592234,1,27.5,0.00118484077655978,-15.925
"78831",53,50,"paired",50,55,52.4404424085076,0,5,2.44044240850757,5,2.5,0.0595575914924282,-43.925
"78831",54,92,"paired",112,115,113.490087672889,20,23,21.4900876728888,3,21.5,0.00991232711115231,-1.925
"78831",55,121,"unpaired",99,117,107.624346687913,22,4,13.3756533120875,18,13,-0.375653312087465,27.075
"78831",57,64,"paired",100,106,102.95630140987,36,42,38.95630140987,6,39,0.0436985901300346,-29.925
"78831",58,121,"paired",111,120,115.412304370028,10,1,5.58769562997196,9,5.5,-0.0876956299719609,27.075
"78831",59,135,"unpaired",130,130,130,5,5,5.00000000000003,0,5,-2.8421709430404e-14,41.075
"78831",60,150,"unpaired",141,154,147.356710060995,9,4,2.64328993900546,13,6.5,3.85671006099454,56.075
"78831",61,50,"paired",46,41,43.4281015012169,4,9,6.57189849878306,5,6.5,-0.0718984987830638,-43.925
"78831",63,64,"unpaired",80,92,85.7904423581089,16,28,21.7904423581089,12,22,0.209557641891138,-29.925
"78831",64,135,"unpaired",110,143,125.419296760905,25,8,9.58070323909476,33,16.5,6.91929676090524,41.075
"78831",65,107,"paired",100,114,106.770782520313,7,7,0.229217479686895,14,7,6.7707825203131,13.075
"78831",66,64,"paired",74,86,79.7746827007166,10,22,15.7746827007166,12,16,0.225317299283446,-29.925
"78831",67,107,"unpaired",100,116,107.70329614269,7,9,0.70329614269005,16,8,7.29670385730995,13.075
"78831",69,121,"paired",145,141,142.986013302001,24,20,21.986013302001,4,22,0.0139866979990302,27.075
"78831",70,92,"paired",118,119,118.498945142984,26,27,26.4989451429843,1,26.5,0.00105485701567432,-1.925
"78831",71,107,"unpaired",135,149,141.827359842874,28,42,34.8273598428738,14,35,0.172640157126239,13.075
"78831",72,50,"unpaired",78,85,81.4248119432892,28,35,31.4248119432892,7,31.5,0.0751880567108287,-43.925
"78831",73,78,"paired",81,84,82.4863625092052,3,6,4.48636250920516,3,4.5,0.0136374907948351,-15.925
"78831",75,92,"unpaired",111,109,109.995454451536,19,17,17.9954544515363,2,18,0.00454554846366761,-1.925
"78831",76,64,"unpaired",99,106,102.440226473783,35,42,38.4402264737832,7,38.5,0.0597735262167873,-29.925
"78831",77,135,"paired",142,144,142.996503453756,7,9,7.99650345375582,2,8,0.00349654624417894,41.075
"78831",78,64,"paired",100,99,99.498743710662,36,35,35.498743710662,1,35.5,0.00125628933803057,-29.925
"78831",79,50,"unpaired",52,56,53.9629502529282,2,6,3.96295025292817,4,4,0.0370497470718334,-43.925
"78831",81,121,"paired",133,147,139.824890488067,12,26,18.8248904880672,14,19,0.17510951193276,27.075
"78831",82,64,"paired",89,95,91.9510739469637,25,31,27.9510739469637,6,28,0.0489260530362827,-29.925
"78831",83,121,"unpaired",128,137,132.423562857975,7,16,11.4235628579748,9,11.5,0.0764371420252132,27.075
"78831",84,50,"unpaired",64,81,72,14,31,22,17,22.5,0.5,-43.925
"78831",85,64,"paired",67,79,72.7530068107154,3,15,8.75300681071538,12,9,0.246993189284623,-29.925
"78831",87,50,"unpaired",98,94,95.9791644056147,48,44,45.9791644056147,4,46,0.0208355943853178,-43.925
"78831",88,135,"unpaired",116,140,127.436258576592,19,5,7.56374142340816,24,12,4.43625857659184,41.075
"78831",89,50,"paired",87,50,65.9545297913646,37,0,15.9545297913646,37,18.5,2.54547020863539,-43.925
"78831",90,150,"paired",155,162,158.461351754931,5,12,8.46135175493106,7,8.5,0.0386482450689414,56.075
"78831",91,92,"unpaired",101,109,104.92378186093,9,17,12.9237818609299,8,13,0.0762181390700647,-1.925
"78831",93,78,"paired",110,113,111.48990985735,32,35,33.4899098573499,3,33.5,0.0100901426501423,-15.925
"78831",94,78,"paired",108,112,109.98181667894,30,34,31.9818166789401,4,32,0.0181833210598938,-15.925
"78831",95,64,"unpaired",101,100,100.498756211209,37,36,36.498756211209,1,36.5,0.00124378879101528,-29.925
"78831",96,92,"unpaired",104,121,112.178429299041,12,29,20.1784292990413,17,20.5,0.32157070095873,-1.925
