"subject_id","seed","log_numerosity","matchType","first_estimate_log","second_estimate_log","geometric_mean_log","first_error_log","second_error_log","geom_mean_error_log","partner_diff_same_display","partner_diff_display_diff","partner_same_display_diff"
"75992",1,4.52178857704904,"paired",4.70048036579242,4.77068462446567,4.73545239746834,0.178691788743376,0.248896047416625,0.213663820419298,4.43081679884331,4.75359019110636,4.75359019110636
"75992",3,3.91202300542815,"unpaired",3.8286413964891,4.26267987704132,4.03983571908827,0.0833816089390509,0.35065687161317,0.127812713660123,3.61091791264422,4.39444915467244,3.80666248977032
"75992",4,4.67282883446191,"unpaired",4.97673374242057,4.87519732320115,4.92570391105004,0.303904907958668,0.202368488739245,0.252875076588131,4.68213122712422,4.72738781871234,4.79579054559674
"75992",5,3.91202300542815,"paired",3.66356164612965,3.80666248977032,3.73442668923664,0.2484613592985,0.105360515657826,0.177596316191506,4.29045944114839,3.71357206670431,3.85014760171006
"75992",6,4.35670882668959,"paired",4.69134788222914,4.78749174278205,4.73917600946515,0.334639055539552,0.430782916092454,0.382467182775563,3.93182563272433,3.55534806148941,4.56434819146784
"75992",7,3.91202300542815,"unpaired",3.89182029811063,4.11087386417331,3.9998477905493,0.0202027073175195,0.198850858745165,0.0878247851211591,3.91202300542815,3.95124371858143,3.8286413964891
"75992",9,4.90527477843843,"paired",4.83628190695148,4.91265488573605,4.87431881794596,0.0689928714869517,0.00738010729762273,0.0309559604924745,4.79579054559674,4.69134788222914,4.67282883446191
"75992",10,3.91202300542815,"paired",4.04305126783455,4.17438726989564,4.10819446277607,0.131028262406404,0.262364264467491,0.196171457347923,3.97029191355212,4.39444915467244,3.80666248977032
"75992",11,4.67282883446191,"unpaired",4.79579054559674,4.77912349311153,4.78744976626424,0.122961711134836,0.106294658649624,0.114620931802336,4.54329478227,4.55387689160054,4.76217393479776
"75992",12,4.52178857704904,"unpaired",4.38202663467388,4.85981240436167,4.61474023054726,0.139761942375159,0.338023827312631,0.0929516534982175,4.0943445622221,4.34380542185368,4.4188406077966
"75992",13,4.67282883446191,"paired",4.27666611901606,4.44265125649032,4.35886867285953,0.39616271544585,0.230177577971589,0.313960161602371,4.60517018598809,4.65396035015752,4.79579054559674
"75992",15,4.79579054559674,"unpaired",4.74493212836325,4.84418708645859,4.79430275872725,0.0508584172334912,0.0483965408618499,0.00148778686948958,4.90527477843843,4.46590811865458,4.9272536851572
"75992",16,4.15888308335967,"unpaired",3.95124371858143,4.26267987704132,4.10400866086841,0.207639364778244,0.103796793681644,0.0548744224912578,4.24849524204936,4.04305126783455,3.73766961828337
"75992",17,4.52178857704904,"paired",4.27666611901606,4.38202663467388,4.32902585359983,0.245122458032985,0.139761942375159,0.192762723449211,4.43081679884331,4.63472898822964,4.40671924726425
"75992",18,4.67282883446191,"paired",4.64439089914137,4.72738781871234,4.6857055991536,0.0284379353205333,0.054558984250435,0.0128767646916916,4.76217393479776,4.76217393479776,4.75359019110636
"75992",19,4.90527477843843,"unpaired",4.79579054559674,4.77068462446567,4.78322111322863,0.109484232841688,0.134590153972765,0.122053665209795,4.89783979995091,4.99721227376411,4.9416424226093
"75992",21,4.52178857704904,"paired",4.40671924726425,4.56434819146784,4.48484124875754,0.115069329784787,0.0425596144187956,0.0369473282914994,4.46590811865458,4.26267987704132,4.54329478227
"75992",22,4.52178857704904,"paired",4.75359019110636,4.84418708645859,4.79867483979418,0.231801614057324,0.322398509409551,0.276886262745137,4.54329478227,4.43081679884331,4.70048036579242
"75992",23,5.01063529409626,"unpaired",4.85203026391962,4.91998092582813,4.88588746800674,0.158605030176639,0.0906543682681304,0.124747826089515,4.87519732320115,4.78749174278205,4.87519732320115
"75992",24,4.67282883446191,"unpaired",4.77912349311153,4.8283137373023,4.80365565106977,0.106294658649624,0.155484902840396,0.130826816607867,4.38202663467388,4.90527477843843,4.75359019110636
"75992",25,4.67282883446191,"paired",4.4188406077966,4.48863636973214,4.45360176309075,0.253988226665308,0.184192464729766,0.219227071371151,4.82028156560504,4.55387689160054,4.64439089914137
"75992",27,4.79579054559674,"unpaired",4.74493212836325,4.68213122712422,4.71342708533765,0.0508584172334912,0.113659318472521,0.082363460259093,4.7361984483945,4.8283137373023,4.74493212836325
"75992",28,5.01063529409626,"unpaired",4.96284463025991,4.91998092582813,4.94136630080459,0.0477906638363486,0.0906543682681304,0.0692689932916615,4.74493212836325,4.77912349311153,4.87519732320115
"75992",29,4.15888308335967,"paired",4.0943445622221,3.95124371858143,4.02215778322881,0.0645385211375711,0.207639364778244,0.136725300130861,4.46590811865458,4.21950770517611,4.38202663467388
"75992",30,4.67282883446191,"paired",4.76217393479776,4.88280192258637,4.82211074577526,0.0893451003358505,0.209973088124465,0.149281911313349,4.36944785246702,4.35670882668959,4.79579054559674
"75992",31,5.01063529409626,"unpaired",4.82028156560504,4.77912349311153,4.79965841217846,0.190353728491218,0.231511800984726,0.210976881917795,4.66343909411207,4.74493212836325,4.9272536851572
"75992",33,4.79579054559674,"paired",4.78749174278205,4.90527477843843,4.84602543305862,0.00829880281469553,0.109484232841688,0.0502348874618814,4.80402104473326,5.01727983681492,4.74493212836325
"75992",34,3.91202300542815,"paired",3.80666248977032,3.66356164612965,3.73442668923664,0.105360515657826,0.2484613592985,0.177596316191506,4.29045944114839,4.33073334028633,3.66356164612965
"75992",35,4.35670882668959,"unpaired",4.30406509320417,4.27666611901606,4.29034373426489,0.0526437334854215,0.0800427076735364,0.0663650924247063,4.06044301054642,4.33073334028633,4.53259949315326
"75992",36,3.91202300542815,"unpaired",4.17438726989564,3.80666248977032,3.98628692370312,0.262364264467491,0.105360515657826,0.07426391827497,4.21950770517611,4.18965474202643,4.04305126783455
"75992",37,4.90527477843843,"paired",4.68213122712422,4.77912349311153,4.73037877398634,0.22314355131421,0.1261512853269,0.174896004452093,4.72738781871234,4.78749174278205,4.83628190695148
"75992",39,4.35670882668959,"unpaired",4.27666611901606,4.26267987704132,4.26966727115289,0.0800427076735364,0.0940289496482762,0.0870415555367066,4.61512051684126,4.46590811865458,4.48863636973214
"75992",40,4.79579054559674,"unpaired",4.89034912822175,4.81218435537242,4.85110931304767,0.0945585826250124,0.0163938097756757,0.0553187674509319,4.64439089914137,4.78749174278205,4.49980967033027
"75992",41,3.91202300542815,"paired",3.85014760171006,3.52636052461616,3.68469924371256,0.0618754037180875,0.385662480811984,0.227323761715583,4.0943445622221,4.48863636973214,3.98898404656427
"75992",42,4.35670882668959,"paired",4.65396035015752,4.70048036579242,4.67716252113307,0.297251523467931,0.343771539102825,0.320453694443477,4.53259949315326,4.48863636973214,4.17438726989564
"75992",43,4.15888308335967,"unpaired",3.73766961828337,4.18965474202643,3.95721432833363,0.421213465076303,0.0307716586667537,0.201668755026037,3.98898404656427,4.00733318523247,4.0943445622221
"75992",45,4.79579054559674,"paired",4.70048036579242,4.82028156560504,4.76000408158623,0.0953101798043248,0.0244910200082957,0.0357864640105072,5.02388052084628,4.77912349311153,4.78749174278205
"75992",46,4.67282883446191,"paired",4.75359019110636,4.84418708645859,4.79867483979418,0.0807613566444587,0.171358251996685,0.125846005332272,4.97673374242057,4.65396035015752,4.76217393479776
"75992",47,4.79579054559674,"unpaired",4.88280192258637,4.79579054559674,4.83910067020323,0.0870113769896292,0,0.0433101246064842,4.87519732320115,4.87519732320115,4.9272536851572
"75992",48,4.90527477843843,"unpaired",4.87519732320115,4.86753445045558,4.87136438007366,0.0300774552372784,0.0377403279828474,0.0339103983647684,4.83628190695148,4.7361984483945,4.78749174278205
"75992",49,4.35670882668959,"paired",4.21950770517611,4.17438726989564,4.19688685214573,0.137201121513485,0.182321556793955,0.159821974543862,3.85014760171006,4.44265125649032,4.27666611901606
"75992",51,5.01063529409626,"unpaired",4.87519732320115,4.80402104473326,4.83947833323857,0.135437970895104,0.206614249362999,0.171156960857686,5.03043792139244,4.67282883446191,4.82028156560504
"75992",52,4.35670882668959,"unpaired",4.53259949315326,4.48863636973214,4.51056436983191,0.175890666463665,0.131927543042548,0.153855543142321,4.51085950651685,4.76217393479776,4.69134788222914
"75992",53,3.91202300542815,"paired",3.8286413964891,3.8286413964891,3.82864139648909,0.0833816089390509,0.0833816089390509,0.0833816089390513,3.76120011569356,3.49650756146648,3.89182029811063
"75992",54,4.52178857704904,"paired",4.65396035015752,4.60517018598809,4.62950099376986,0.132171773108483,0.0833816089390513,0.10771241672082,4.52178857704904,4.70953020131233,4.40671924726425
"75992",55,4.79579054559674,"unpaired",4.74493212836325,4.77068462446567,4.75779095262872,0.0508584172334912,0.0251059211310762,0.0379995929680215,4.71849887129509,4.80402104473326,4.49980967033027
"75992",57,4.15888308335967,"paired",4.38202663467388,4.52178857704904,4.45135911615689,0.22314355131421,0.362905493689369,0.292476032797214,4.33073334028633,3.55534806148941,4.15888308335967
"75992",58,4.79579054559674,"paired",4.49980967033027,4.82028156560504,4.65728994186794,0.295980875266476,0.0244910200082957,0.138500603728805,4.66343909411207,4.99043258677874,4.74493212836325
"75992",59,4.90527477843843,"unpaired",4.78749174278205,4.85981240436167,4.82351653437109,0.117783035656384,0.0454623740767577,0.0817582440673421,4.74493212836325,4.44265125649032,4.79579054559674
"75992",60,5.01063529409626,"unpaired",4.89034912822175,4.9416424226093,4.91592887594919,0.120286165874502,0.0689928714869517,0.0947064181470676,4.91998092582813,4.76217393479776,4.82028156560504
"75992",61,3.91202300542815,"paired",3.98898404656427,3.80666248977032,3.89675710589568,0.0769610411361286,0.105360515657826,0.0152658995324697,3.66356164612965,3.71357206670431,3.80666248977032
"75992",63,4.15888308335967,"unpaired",4.15888308335967,3.80666248977032,3.97887725781603,0,0.352220593589352,0.180005825543644,4.55387689160054,4.68213122712422,4.35670882668959
"75992",64,4.90527477843843,"unpaired",4.9416424226093,4.74493212836325,4.84228849800605,0.0363676441708742,0.160342650075179,0.0629862804323791,4.83628190695148,4.78749174278205,4.87519732320115
"75992",65,4.67282883446191,"paired",4.45434729625351,4.51085950651685,4.48251434427518,0.218481538208398,0.161969327945056,0.190314490186724,4.83628190695148,4.66343909411207,4.75359019110636
"75992",66,4.15888308335967,"paired",4.26267987704132,4.40671924726425,4.33410122852293,0.103796793681644,0.247836163904582,0.17521814516326,4.18965474202643,4.67282883446191,4.02535169073515
"75992",67,4.67282883446191,"unpaired",4.64439089914137,4.58496747867057,4.61458353817512,0.0284379353205333,0.0878613557913335,0.0582452962867901,4.17438726989564,4.56434819146784,4.79579054559674
"75992",69,4.79579054559674,"paired",4.9272536851572,4.97673374242057,4.95193191314137,0.131463139560464,0.180943196823833,0.156141367544633,4.85203026391962,4.7361984483945,4.74493212836325
"75992",70,4.52178857704904,"paired",4.80402104473326,4.72738781871234,4.7655503950446,0.282232467684216,0.2055992416633,0.243761817995558,4.72738781871234,4.52178857704904,4.40671924726425
"75992",71,4.67282883446191,"unpaired",4.79579054559674,4.74493212836325,4.7702935591746,0.122961711134836,0.0721032939013444,0.0974647247126965,4.56434819146784,4.64439089914137,4.79579054559674
"75992",72,3.91202300542815,"unpaired",3.73766961828337,4.06044301054642,3.8957148865504,0.174353387144778,0.148420005118273,0.0163081188777441,3.76120011569356,4.39444915467244,3.89182029811063
"75992",73,4.35670882668959,"paired",4.17438726989564,4.29045944114839,4.23202543389491,0.182321556793955,0.0662493855412007,0.124683392794682,4.31748811353631,4.53259949315326,4.48863636973214
"75992",75,4.52178857704904,"unpaired",4.4188406077966,4.12713438504509,4.2704975136945,0.102947969252442,0.394654192003949,0.251291063354542,4.4188406077966,4.21950770517611,4.65396035015752
"75992",76,4.15888308335967,"unpaired",4.21950770517611,4.21950770517611,4.21950770517611,0.0606246218164355,0.0606246218164355,0.0606246218164355,4.54329478227,4.53259949315326,4.02535169073515
"75992",77,4.90527477843843,"paired",4.67282883446191,4.7361984483945,4.70440694194194,0.232445943976524,0.169076330043934,0.200867836496487,4.60517018598809,5.05624580534831,4.78749174278205
"75992",78,4.15888308335967,"paired",4.27666611901606,4.20469261939097,4.24052667321245,0.117783035656384,0.0458095360312942,0.0816435898527743,4.18965474202643,4.14313472639153,4.0943445622221
"75992",79,3.91202300542815,"unpaired",4.11087386417331,4.02535169073515,4.06788803429359,0.198850858745165,0.113328685307004,0.155865028865445,3.2188758248682,4.33073334028633,3.87120101090789
"75992",81,4.79579054559674,"paired",4.70048036579242,4.82028156560504,4.76000408158623,0.0953101798043248,0.0244910200082957,0.0357864640105072,4.53259949315326,4.8283137373023,4.9272536851572
"75992",82,4.15888308335967,"paired",4.30406509320417,4.29045944114839,4.29725688253042,0.145182009844499,0.131576357788719,0.138373799170748,4.58496747867057,4.18965474202643,4.21950770517611
"75992",83,4.79579054559674,"unpaired",4.8283137373023,4.70953020131233,4.76855212483165,0.0325231917055602,0.0862603442844074,0.0272384207650953,4.94875989037817,4.70953020131233,4.49980967033027
"75992",84,3.91202300542815,"unpaired",3.87120101090789,4.15888308335967,4.01246462869764,0.0408219945202548,0.246860077931526,0.100441623269493,3.89182029811063,4.38202663467388,4.27666611901606
"75992",85,4.15888308335967,"paired",4.02535169073515,4.14313472639153,4.08381860221823,0.133531392624522,0.0157483569681389,0.0750644811414398,3.25809653802148,4.8283137373023,3.73766961828337
"75992",87,3.91202300542815,"unpaired",4.27666611901606,3.8286413964891,4.04645782657218,0.364643113587909,0.0833816089390509,0.134434821144031,4.14313472639153,4.17438726989564,4.04305126783455
"75992",88,4.90527477843843,"unpaired",4.83628190695148,4.82028156560504,4.82827510837435,0.0689928714869517,0.0849932128333926,0.0769996700640752,5.01727983681492,5.01727983681492,4.79579054559674
"75992",89,3.91202300542815,"paired",4.38202663467388,4.33073334028633,4.35630449404135,0.470003629245735,0.418710334858185,0.444281488613207,3.98898404656427,4.31748811353631,3.73766961828337
"75992",90,5.01063529409626,"paired",4.9272536851572,5.01063529409626,4.96876958791757,0.0833816089390504,0,0.0418657061786858,4.9416424226093,4.99721227376411,4.82028156560504
"75992",91,4.52178857704904,"unpaired",4.40671924726425,4.75359019110636,4.57686982431825,0.115069329784787,0.231801614057324,0.0550812472692099,4.61512051684126,4.31748811353631,4.75359019110636
"75992",93,4.35670882668959,"paired",4.56434819146784,4.47733681447821,4.52063316270586,0.207639364778244,0.120627987788615,0.163924336016266,4.68213122712422,4.4188406077966,4.17438726989564
"75992",94,4.35670882668959,"paired",4.48863636973214,4.56434819146784,4.52633397976151,0.131927543042548,0.207639364778244,0.169625153071916,4.83628190695148,4.18965474202643,4.17438726989564
"75992",95,4.15888308335967,"unpaired",4.35670882668959,4.29045944114839,4.32345724135268,0.19782574332992,0.131576357788719,0.164574157993004,4.66343909411207,4.24849524204936,3.95124371858143
"75992",96,4.52178857704904,"unpaired",4.54329478227,4.44265125649032,4.49269120606544,0.0215062052209634,0.0791373205587238,0.0290973709836022,4.80402104473326,4.89034912822175,4.65396035015752
"76001",1,4.52178857704904,"paired",4.33073334028633,4.27666611901606,4.30361482324984,0.191055236762709,0.245122458032985,0.218173753799197,4.34380542185368,4.75359019110636,4.69134788222914
"76001",3,3.91202300542815,"unpaired",3.89182029811063,3.46573590279973,3.67260416249924,0.0202027073175195,0.446287102628419,0.239418842928907,3.97029191355212,3.2188758248682,3.73766961828337
"76001",4,4.67282883446191,"unpaired",4.53259949315326,4.66343909411207,4.5975538794367,0.14022934130865,0.00938974034983886,0.0752749550252076,4.95582705760126,4.9416424226093,4.38202663467388
"76001",5,3.91202300542815,"paired",3.66356164612965,3.66356164612965,3.66356164612965,0.2484613592985,0.2484613592985,0.248461359298499,3.73766961828337,4.15888308335967,4.15888308335967
"76001",6,4.35670882668959,"paired",3.91202300542815,4.18965474202643,4.04845967444515,0.444685821261446,0.167054084663167,0.308249152244445,3.61091791264422,4.76217393479776,4.21950770517611
"76001",7,3.91202300542815,"unpaired",4.15888308335967,3.78418963391826,3.96711510454734,0.246860077931526,0.127833371509885,0.0550920991191979,3.80666248977032,3.78418963391826,3.89182029811063
"76001",9,4.90527477843843,"paired",4.91998092582813,4.89783979995091,4.90889787972008,0.0147061473896954,0.00743497848751851,0.00362310128165255,4.80402104473326,4.89783979995091,4.51085950651685
"76001",10,3.91202300542815,"paired",4.07753744390572,3.87120101090789,3.97302996148564,0.165514438477574,0.0408219945202548,0.0610069560574957,4.30406509320417,4.17438726989564,3.89182029811063
"76001",11,4.67282883446191,"unpaired",4.80402104473326,4.70048036579242,4.75196870755924,0.131192210271351,0.0276515313305108,0.0791398730973354,4.9272536851572,4.79579054559674,4.38202663467388
"76001",12,4.52178857704904,"unpaired",4.69134788222914,4.55387689160054,4.62210133070906,0.169559305180103,0.0320883145515003,0.100312753660016,4.66343909411207,4.43081679884331,4.47733681447821
"76001",13,4.67282883446191,"paired",4.4188406077966,4.4188406077966,4.4188406077966,0.253988226665308,0.253988226665308,0.253988226665308,4.49980967033027,4.49980967033027,4.33073334028633
"76001",15,4.79579054559674,"unpaired",5.04985600724954,4.90527477843843,4.97704041646308,0.254065461652796,0.109484232841688,0.181249870866334,4.90527477843843,4.91998092582813,4.30406509320417
"76001",16,4.15888308335967,"unpaired",4.38202663467388,4.29045944114839,4.3360013314228,0.22314355131421,0.131576357788719,0.177118248063126,3.49650756146648,3.97029191355212,3.87120101090789
"76001",17,4.52178857704904,"paired",4.47733681447821,4.24849524204936,4.36141538418013,0.0444517625708336,0.273293334999681,0.160373192868913,4.29045944114839,4.65396035015752,4.69134788222914
"76001",18,4.67282883446191,"paired",4.38202663467388,4.48863636973214,4.43501117535595,0.290802199788025,0.184192464729766,0.237817659105961,4.57471097850338,4.57471097850338,4.4188406077966
"76001",19,4.90527477843843,"unpaired",4.70953020131233,4.12713438504509,4.40872589658786,0.195744577126096,0.778140393393338,0.496548881850567,4.80402104473326,4.95582705760126,4.79579054559674
"76001",21,4.52178857704904,"paired",4.80402104473326,4.77912349311153,4.79155609758322,0.282232467684216,0.257334916062489,0.269767520534177,4.07753744390572,4.53259949315326,4.69134788222914
"76001",22,4.52178857704904,"paired",4.43081679884331,4.31748811353631,4.37378541566262,0.0909717782057271,0.20430046351273,0.148003161386424,4.80402104473326,4.07753744390572,4.26267987704132
"76001",23,5.01063529409626,"unpaired",5.01063529409626,4.70953020131233,4.85775032760102,0,0.301105092783922,0.152884966495235,4.95582705760126,4.93447393313069,4.82028156560504
"76001",24,4.67282883446191,"unpaired",4.85981240436167,4.54329478227,4.69888926657646,0.186983569899766,0.129534052191902,0.0260604321145506,4.64439089914137,4.81218435537242,4.33073334028633
"76001",25,4.67282883446191,"paired",4.12713438504509,4.36944785246702,4.24656313688824,0.545694449416814,0.303380981994884,0.426265697573667,4.70048036579242,4.91265488573605,4.33073334028633
"76001",27,4.79579054559674,"unpaired",4.89783979995091,4.87519732320115,4.88650544685962,0.10204925435417,0.0794067776044098,0.0907149012628805,4.99043258677874,4.8283137373023,4.4188406077966
"76001",28,5.01063529409626,"unpaired",4.82028156560504,4.95582705760126,4.88758445534008,0.190353728491218,0.0548082364949947,0.123050838756174,4.63472898822964,4.74493212836325,4.48863636973214
"76001",29,4.15888308335967,"paired",3.97029191355212,4.04305126783455,4.00650642764493,0.18859116980755,0.115831815525121,0.152376655714738,3.93182563272433,4.45434729625351,4.02535169073515
"76001",30,4.67282883446191,"paired",4.80402104473326,4.85203026391962,4.82796597932841,0.131192210271351,0.179201429457711,0.1551371448665,4.89034912822175,4.56434819146784,4.38202663467388
"76001",31,5.01063529409626,"unpaired",4.48863636973214,5.04985600724954,4.76098386219178,0.521998924364116,0.0392207131532816,0.249651431904471,4.82028156560504,4.93447393313069,4.82028156560504
"76001",33,4.79579054559674,"paired",4.33073334028633,4.24849524204936,4.2894172087582,0.46505720531041,0.547295303547382,0.506373336838539,4.64439089914137,4.8283137373023,5.04985600724954
"76001",34,3.91202300542815,"paired",3.66356164612965,3.73766961828337,3.70043011816829,0.2484613592985,0.174353387144778,0.211592887259856,4.51085950651685,4.33073334028633,3.73766961828337
"76001",35,4.35670882668959,"unpaired",4.04305126783455,4.31748811353631,4.17801696876563,0.313657558855041,0.0392207131532816,0.178691857923957,4.55387689160054,4.77068462446567,4.44265125649032
"76001",36,3.91202300542815,"unpaired",3.52636052461616,3.68887945411394,3.60670471303862,0.385662480811984,0.22314355131421,0.305318292389525,3.76120011569356,3.8286413964891,3.68887945411394
"76001",37,4.90527477843843,"paired",4.39444915467244,4.40671924726425,4.40057992439851,0.51082562376599,0.498555531174176,0.504694854039924,4.96284463025991,4.91998092582813,4.70953020131233
"76001",39,4.35670882668959,"unpaired",4.12713438504509,4.56434819146784,4.34023943652021,0.2295744416445,0.207639364778244,0.0164693901693802,4.38202663467388,4.52178857704904,4.44265125649032
"76001",40,4.79579054559674,"unpaired",4.67282883446191,5.05624580534831,4.8607582940688,0.122961711134836,0.260455259751566,0.0649677484720588,4.38202663467388,4.68213122712422,4.51085950651685
"76001",41,3.91202300542815,"paired",3.73766961828337,3.68887945411394,3.71319440120651,0.174353387144778,0.22314355131421,0.198828604221633,4.18965474202643,4.38202663467388,3.66356164612965
"76001",42,4.35670882668959,"paired",4.65396035015752,4.53259949315326,4.5928790887938,0.297251523467931,0.175890666463665,0.236170262104206,4.80402104473326,4.54329478227,4.12713438504509
"76001",43,4.15888308335967,"unpaired",3.68887945411394,4.30406509320417,3.98461758409635,0.470003629245735,0.145182009844499,0.17426549926332,4.24849524204936,4.46590811865458,3.73766961828337
"76001",45,4.79579054559674,"paired",4.30406509320417,4.53259949315326,4.4168544531098,0.491725452392571,0.263191052443485,0.378936092486945,4.60517018598809,4.68213122712422,4.36944785246702
"76001",46,4.67282883446191,"paired",4.94875989037817,5.03043792139244,4.98943177290002,0.275931055916263,0.35760908693053,0.316602938438112,4.79579054559674,4.80402104473326,4.80402104473326
"76001",47,4.79579054559674,"unpaired",4.4188406077966,5.0998664278242,4.74715671382441,0.376949937800143,0.304075882227457,0.0486338317723334,4.84418708645859,4.8283137373023,4.51085950651685
"76001",48,4.90527477843843,"unpaired",4.79579054559674,5.11799381241676,4.95427354291332,0.109484232841688,0.212719033978326,0.0489987644748897,4.34380542185368,4.969813299576,4.39444915467244
"76001",49,4.35670882668959,"paired",3.55534806148941,3.91202300542815,3.7294240049706,0.801360765200178,0.444685821261446,0.627284821718992,4.51085950651685,4.4188406077966,4.44265125649032
"76001",51,5.01063529409626,"unpaired",5.03043792139244,4.86753445045558,4.94831586332722,0.0198026272961798,0.143100843640673,0.0623194307690316,4.80402104473326,4.97673374242057,4.65396035015752
"76001",52,4.35670882668959,"unpaired",4.40671924726425,4.35670882668959,4.381642687543,0.0500104205746617,0,0.0249338608534124,4.55387689160054,4.47733681447821,3.55534806148941
"76001",53,3.91202300542815,"paired",3.55534806148941,3.80666248977032,3.67885989183461,0.356674943938732,0.105360515657826,0.233163113593534,4.18965474202643,3.87120101090789,3.97029191355212
"76001",54,4.52178857704904,"paired",4.52178857704904,4.4188406077966,4.47001823085042,0,0.102947969252442,0.051770346198623,4.81218435537242,4.07753744390572,4.69134788222914
"76001",55,4.79579054559674,"unpaired",4.48863636973214,4.77912349311153,4.63160312706321,0.307154175864602,0.0166670524852117,0.16418741853353,4.00733318523247,4.35670882668959,4.30406509320417
"76001",57,4.15888308335967,"paired",3.52636052461616,3.58351893845611,3.55482485135148,0.63252255874351,0.575364144903562,0.604058232008196,4.23410650459726,4.11087386417331,4.38202663467388
"76001",58,4.79579054559674,"paired",4.27666611901606,4.91265488573605,4.5836431693846,0.519124426580686,0.116864340139311,0.212147376212145,5.00394630594546,3.78418963391826,4.4188406077966
"76001",59,4.90527477843843,"unpaired",4.49980967033027,5.01063529409626,4.74835815318016,0.405465108108165,0.105360515657826,0.156916625258274,4.70048036579242,4.87519732320115,4.39444915467244
"76001",60,5.01063529409626,"unpaired",4.65396035015752,5.11799381241676,4.880465169975,0.356674943938732,0.1073585183205,0.130170124121253,4.83628190695148,4.75359019110636,4.48863636973214
"76001",61,3.91202300542815,"paired",3.29583686600433,3.29583686600433,3.29583686600433,0.616186139423817,0.616186139423817,0.616186139423817,3.87120101090789,3.71357206670431,4.15888308335967
"76001",63,4.15888308335967,"unpaired",3.55534806148941,4.15888308335967,3.84529282479032,0.603535021870258,0,0.313590258569351,4.15888308335967,4.27666611901606,3.68887945411394
"76001",64,4.90527477843843,"unpaired",4.51085950651685,4.969813299576,4.7347787242918,0.39441527192158,0.0645385211375711,0.17049605414663,4.48863636973214,5.04342511691925,4.70953020131233
"76001",65,4.67282883446191,"paired",4.27666611901606,4.21950770517611,4.24799077702081,0.39616271544585,0.453321129285799,0.424838057441098,4.90527477843843,4.57471097850338,4.12713438504509
"76001",66,4.15888308335967,"paired",3.95124371858143,3.98898404656427,3.97006903686934,0.207639364778244,0.169899036795397,0.188814046490336,3.93182563272433,4.02535169073515,3.55534806148941
"76001",67,4.67282883446191,"unpaired",4.20469261939097,4.51085950651685,4.35508641408652,0.46813621507094,0.161969327945056,0.317742420375387,4.70953020131233,4.52178857704904,4.38202663467388
"76001",69,4.79579054559674,"paired",4.68213122712422,4.72738781871234,4.70470510539393,0.113659318472521,0.0684027268844005,0.0910854402028125,4.9272536851572,5.00394630594546,4.89783979995091
"76001",70,4.52178857704904,"paired",4.66343909411207,4.57471097850338,4.61886198336953,0.141650517063026,0.0529224014543423,0.0970734063204937,4.21950770517611,4.0943445622221,4.52178857704904
"76001",71,4.67282883446191,"unpaired",4.33073334028633,4.51085950651685,4.41987891895469,0.342095494175575,0.161969327945056,0.252949915507217,4.23410650459726,4.90527477843843,4.20469261939097
"76001",72,3.91202300542815,"unpaired",3.73766961828337,3.29583686600433,3.50980759029361,0.174353387144778,0.616186139423817,0.402215415134533,3.80666248977032,3.85014760171006,3.29583686600433
"76001",73,4.35670882668959,"paired",4.44265125649032,4.38202663467388,4.41223482313758,0.085942429800725,0.0253178079842895,0.0555259964479928,4.4188406077966,4.18965474202643,4.57471097850338
"76001",75,4.52178857704904,"unpaired",4.26267987704132,4.70048036579242,4.47623089972927,0.259108700007725,0.178691788743376,0.045557677319767,4.51085950651685,4.38202663467388,4.52178857704904
"76001",76,4.15888308335967,"unpaired",3.87120101090789,4.66343909411207,4.24889516644433,0.28768207245178,0.504556010752395,0.0900120830846616,4.04305126783455,4.48863636973214,3.52636052461616
"76001",77,4.90527477843843,"paired",4.91265488573605,4.9416424226093,4.927127336592,0.00738010729762273,0.0363676441708742,0.0218525581535669,4.66343909411207,4.89034912822175,4.91998092582813
"76001",78,4.15888308335967,"paired",4.52178857704904,4.43081679884331,4.47607157985735,0.362905493689369,0.271933715483642,0.31718849649768,4.45434729625351,4.33073334028633,4.02535169073515
"76001",79,3.91202300542815,"unpaired",3.40119738166216,4.18965474202643,3.77489638780308,0.51082562376599,0.277631736598279,0.13712661762507,3.95124371858143,4.06044301054642,3.89182029811063
"76001",81,4.79579054559674,"paired",4.36944785246702,4.35670882668959,4.36307369025587,0.42634269312972,0.43908171890715,0.432716855340875,4.70953020131233,4.88280192258637,4.30406509320417
"76001",82,4.15888308335967,"paired",4.02535169073515,4.23410650459726,4.1284098363696,0.133531392624522,0.0752234212375882,0.0304732469900708,4.55387689160054,4.14313472639153,4.38202663467388
"76001",83,4.79579054559674,"unpaired",4.51085950651685,4.75359019110636,4.63063467611486,0.284931039079892,0.0422003544903768,0.16515586948188,4.64439089914137,4.46590811865458,4.67282883446191
"76001",84,3.91202300542815,"unpaired",3.49650756146648,3.63758615972639,3.56634932570677,0.415515443961666,0.27443684570176,0.345673679721377,3.61091791264422,3.68887945411394,4.07753744390572
"76001",85,4.15888308335967,"paired",3.73766961828337,3.49650756146648,3.61507815718987,0.421213465076303,0.662375521893191,0.543804926169798,3.40119738166216,4.02535169073515,3.52636052461616
"76001",87,3.91202300542815,"unpaired",3.97029191355212,3.68887945411394,3.82699990419874,0.058268908123976,0.22314355131421,0.0850231012294107,4.24849524204936,4.34380542185368,3.89182029811063
"76001",88,4.90527477843843,"unpaired",4.96284463025991,5.0998664278242,5.03088905824508,0.0575698518214773,0.194591649385769,0.125614279806654,4.9416424226093,4.9272536851572,4.39444915467244
"76001",89,3.91202300542815,"paired",3.68887945411394,3.52636052461616,3.60670471303862,0.22314355131421,0.385662480811984,0.305318292389525,3.76120011569356,4.46590811865458,4.15888308335967
"76001",90,5.01063529409626,"paired",5.13579843705026,5.16478597392351,5.15027181152369,0.125163142954007,0.154150679827259,0.139636517427433,5.13579843705026,4.96284463025991,4.48863636973214
"76001",91,4.52178857704904,"unpaired",4.26267987704132,4.79579054559674,4.521384727406,0.259108700007725,0.274001968547701,0.000403849643040743,4.44265125649032,4.72738781871234,4.43081679884331
"76001",93,4.35670882668959,"paired",4.21950770517611,4.18965474202643,4.20455472862563,0.137201121513485,0.167054084663167,0.152154098063965,3.66356164612965,4.49980967033027,4.12713438504509
"76001",94,4.35670882668959,"paired",4.57471097850338,4.51085950651685,4.54267305745736,0.218002151813791,0.154150679827258,0.185964230767767,4.17438726989564,4.4188406077966,4.04305126783455
"76001",95,4.15888308335967,"unpaired",4.30406509320417,4.44265125649032,4.37280918796368,0.145182009844499,0.283768173130645,0.213926104604013,4.52178857704904,4.33073334028633,4.52178857704904
"76001",96,4.52178857704904,"unpaired",4.71849887129509,4.78749174278205,4.75287012074301,0.196710294246054,0.265703165733005,0.231081543693969,4.26267987704132,4.65396035015752,4.47733681447821
"76002",1,4.52178857704904,"paired",4.23410650459726,4.33073334028633,4.28214738253865,0.287682072451781,0.191055236762709,0.239641194510395,4.70048036579242,4.69134788222914,4.77912349311153
"76002",3,3.91202300542815,"unpaired",4.31748811353631,4.54329478227,4.42895260967447,0.405465108108164,0.631271776841858,0.516929604246322,4.31748811353631,4.38202663467388,4.23410650459726
"76002",4,4.67282883446191,"unpaired",5.00394630594546,4.70953020131233,4.85450679818202,0.331117471483553,0.0367013668504281,0.181677963720112,4.29045944114839,4.60517018598809,4.88280192258637
"76002",5,3.91202300542815,"paired",4.33073334028633,4.64439089914137,4.48482090079793,0.418710334858185,0.732367893713227,0.572797895369785,3.58351893845611,4.33073334028633,4.77068462446567
"76002",6,4.35670882668959,"paired",4.77912349311153,4.70953020131233,4.74419923976745,0.422414666421938,0.352821374622742,0.387490413077858,4.45434729625351,4.00733318523247,4.87519732320115
"76002",7,3.91202300542815,"unpaired",4.29045944114839,4.56434819146784,4.42528539088405,0.378436435720245,0.65232518603969,0.5132623854559,3.52636052461616,3.89182029811063,4.33073334028633
"76002",9,4.90527477843843,"paired",4.99721227376411,4.99043258677874,4.99382127974591,0.0919374953256851,0.0851578083403064,0.0885465013074827,4.8283137373023,4.64439089914137,4.96284463025991
"76002",10,3.91202300542815,"paired",4.4188406077966,4.48863636973214,4.45360176309075,0.506817602368452,0.576613364303994,0.541578757662609,3.91202300542815,3.73766961828337,4.33073334028633
"76002",11,4.67282883446191,"unpaired",4.83628190695148,5.06890420222023,4.95122708843657,0.163453072489572,0.396075367758326,0.278398253974659,4.70953020131233,4.77068462446567,4.88280192258637
"76002",12,4.52178857704904,"unpaired",4.77912349311153,5.00394630594546,4.89024307667958,0.257334916062489,0.482157728896419,0.368454499630542,4.26267987704132,4.21950770517611,4.83628190695148
"76002",13,4.67282883446191,"paired",4.52178857704904,4.70953020131233,4.61470474327032,0.151040257412865,0.0367013668504281,0.058124091191587,4.47733681447821,4.33073334028633,4.79579054559674
"76002",15,4.79579054559674,"unpaired",4.76217393479776,5.03043792139244,4.89446834190122,0.033616610798985,0.234647375795694,0.0986777963044769,4.86753445045558,4.76217393479776,4.97673374242057
"76002",16,4.15888308335967,"unpaired",4.45434729625351,4.30406509320417,4.37856148875554,0.295464212893836,0.145182009844499,0.219678405395865,4.46590811865458,4.40671924726425,4.7361984483945
"76002",17,4.52178857704904,"paired",4.75359019110636,4.85981240436167,4.80640786617102,0.231801614057324,0.338023827312631,0.284619289121981,4.52178857704904,4.31748811353631,4.23410650459726
"76002",18,4.67282883446191,"paired",4.85203026391962,4.78749174278205,4.8196529775746,0.179201429457711,0.11466290832014,0.146824143112698,4.53259949315326,4.84418708645859,4.83628190695148
"76002",19,4.90527477843843,"unpaired",4.96284463025991,5.01727983681492,4.98998800566176,0.0575698518214773,0.112005058376495,0.0847132272233324,5.12989871492307,4.71849887129509,5.07517381523383
"76002",21,4.52178857704904,"paired",4.89783979995091,5.01063529409626,4.95391652800725,0.376051222901871,0.488846717047215,0.432127950958206,4.40671924726425,4.64439089914137,4.91265488573605
"76002",22,4.52178857704904,"paired",4.91265488573605,4.86753445045558,4.8900426275769,0.390866308687012,0.345745873406542,0.368254050527857,4.38202663467388,4.44265125649032,4.78749174278205
"76002",23,5.01063529409626,"unpaired",5.06890420222023,4.99721227376411,5.03293058703073,0.058268908123976,0.0134230203321408,0.0222952929344702,5.05624580534831,4.74493212836325,5.09375020080676
"76002",24,4.67282883446191,"unpaired",4.90527477843843,5.02388052084628,4.96422344468854,0.232445943976524,0.351051686384371,0.291394610226635,4.46590811865458,4.38202663467388,4.79579054559674
"76002",25,4.67282883446191,"paired",4.88280192258637,4.83628190695148,4.85948624789003,0.209973088124465,0.163453072489572,0.186657413428127,4.51085950651685,4.46590811865458,4.52178857704904
"76002",27,4.79579054559674,"unpaired",4.91998092582813,4.95582705760126,4.93787146401171,0.124190380231384,0.16003651200452,0.142080918414966,4.78749174278205,4.83628190695148,4.98360662170834
"76002",28,5.01063529409626,"unpaired",5.01063529409626,5.01727983681492,5.01395646477932,0,0.00664454271866877,0.00332117068306736,4.89783979995091,4.74493212836325,4.83628190695148
"76002",29,4.15888308335967,"paired",4.43081679884331,4.56434819146784,4.49708690626785,0.271933715483642,0.405465108108165,0.338203822908183,4.17438726989564,4.48863636973214,4.8283137373023
"76002",30,4.67282883446191,"paired",5.04985600724954,4.86753445045558,4.95785720701264,0.377027172787631,0.194705615993676,0.285028372550737,4.70953020131233,4.66343909411207,4.88280192258637
"76002",31,5.01063529409626,"unpaired",4.83628190695148,4.97673374242057,4.90600523381127,0.174353387144778,0.0339015516756813,0.104630060284989,4.82028156560504,4.95582705760126,5.01063529409626
"76002",33,4.79579054559674,"paired",5.03695260241363,5.03695260241363,5.03695260241363,0.241162056816888,0.241162056816888,0.241162056816888,4.39444915467244,4.49980967033027,4.98360662170834
"76002",34,3.91202300542815,"paired",4.90527477843843,4.70048036579242,4.80178589535879,0.993251773010284,0.788457360364271,0.889762889930641,4.49980967033027,3.87120101090789,4.77068462446567
"76002",35,4.35670882668959,"unpaired",4.68213122712422,4.77912349311153,4.73037877398634,0.325422400434628,0.422414666421938,0.373669947296745,4.0943445622221,3.93182563272433,4.85203026391962
"76002",36,3.91202300542815,"unpaired",4.40671924726425,4.51085950651685,4.45848532677553,0.494696241836107,0.598836501088704,0.546462321347387,4.27666611901606,4.49980967033027,4.77068462446567
"76002",37,4.90527477843843,"paired",4.79579054559674,4.71849887129509,4.75698773136592,0.109484232841688,0.186775907143335,0.148287047072507,4.43081679884331,4.49980967033027,4.99721227376411
"76002",39,4.35670882668959,"unpaired",4.82028156560504,4.70048036579242,4.76000408158623,0.463572738915445,0.343771539102825,0.403295254896642,4.12713438504509,4.33073334028633,4.76217393479776
"76002",40,4.79579054559674,"unpaired",4.98360662170834,4.76217393479776,4.8716323296391,0.187816076111595,0.033616610798985,0.075841784042364,4.96284463025991,5.0998664278242,4.76217393479776
"76002",41,3.91202300542815,"paired",4.38202663467388,4.49980967033027,4.44052765179436,0.470003629245735,0.587786664902119,0.528504646366212,4.60517018598809,3.68887945411394,4.31748811353631
"76002",42,4.35670882668959,"paired",4.76217393479776,4.67282883446191,4.71728986572225,0.405465108108165,0.316120007772314,0.360581039032661,5.03695260241363,4.70048036579242,4.56434819146784
"76002",43,4.15888308335967,"unpaired",4.48863636973214,4.71849887129509,4.60213272779428,0.329753286372468,0.559615787935423,0.443249644434608,4.15888308335967,3.98898404656427,4.52178857704904
"76002",45,4.79579054559674,"paired",4.90527477843843,4.99721227376411,4.95103012806407,0.109484232841688,0.201421728167373,0.155239582467324,4.7361984483945,4.58496747867057,5.06890420222023
"76002",46,4.67282883446191,"paired",4.70953020131233,4.76217393479776,4.73577891901981,0.0367013668504281,0.0893451003358505,0.0629500845579027,4.9416424226093,4.64439089914137,4.88280192258637
"76002",47,4.79579054559674,"unpaired",5.00394630594546,4.97673374242057,4.99032147522177,0.208155760348718,0.180943196823833,0.194530929625025,4.43081679884331,4.31748811353631,4.90527477843843
"76002",48,4.90527477843843,"unpaired",5.06259503302697,4.85981240436167,4.96016755158173,0.157320254588537,0.0454623740767577,0.0548927731432958,4.40671924726425,4.80402104473326,4.8283137373023
"76002",49,4.35670882668959,"paired",4.94875989037817,4.89783979995091,4.92323401348087,0.592051063688577,0.541130973261319,0.566525186791274,4.56434819146784,4.21950770517611,4.85203026391962
"76002",51,5.01063529409626,"unpaired",5.07517381523383,5.07517381523383,5.07517381523383,0.0645385211375711,0.0645385211375711,0.0645385211375711,4.97673374242057,4.89783979995091,5.09375020080676
"76002",52,4.35670882668959,"unpaired",4.84418708645859,4.71849887129509,4.78092996181675,0.487478259769,0.361790044605502,0.424221135127161,4.14313472639153,4.8283137373023,4.68213122712422
"76002",53,3.91202300542815,"paired",4.72738781871234,4.4188406077966,4.57051126922679,0.815364813284195,0.506817602368452,0.658488263798644,3.71357206670431,4.46590811865458,4.33073334028633
"76002",54,4.52178857704904,"paired",4.78749174278205,4.8283137373023,4.80785941442716,0.265703165733005,0.306525160253261,0.286070837378122,4.23410650459726,4.72738781871234,4.77912349311153
"76002",55,4.79579054559674,"unpaired",4.79579054559674,4.90527477843843,4.85022374803361,0,0.109484232841688,0.0544332024368659,4.81218435537242,4.85203026391962,4.76217393479776
"76002",57,4.15888308335967,"paired",4.7361984483945,4.78749174278205,4.76177603041825,0.577315365034824,0.628608659422374,0.602892947058578,4.00733318523247,4.23410650459726,4.7361984483945
"76002",58,4.79579054559674,"paired",4.76217393479776,4.83628190695148,4.79908487512133,0.033616610798985,0.0404913613547366,0.0032943295245893,4.8283137373023,5.03695260241363,5.02388052084628
"76002",59,4.90527477843843,"unpaired",5.13579843705026,4.97673374242057,5.05564055050781,0.230523658611832,0.0714589639821446,0.150365772069379,4.44265125649032,4.56434819146784,5.07517381523383
"76002",60,5.01063529409626,"unpaired",5.09375020080676,5.02388052084628,5.05869473400895,0.0831149067105068,0.0132452267500209,0.0480594399126968,4.57471097850338,5.11198778835654,5.13579843705026
"76002",61,3.91202300542815,"paired",4.33073334028633,4.27666611901606,4.30361482324984,0.418710334858185,0.364643113587909,0.391591817821698,4.45434729625351,4.51085950651685,4.40671924726425
"76002",63,4.15888308335967,"unpaired",4.74493212836325,4.81218435537242,4.77843992903684,0.586049045003579,0.653301272012746,0.619556845677166,3.91202300542815,4.66343909411207,4.70953020131233
"76002",64,4.90527477843843,"unpaired",5.07517381523383,4.89034912822175,4.98190443935877,0.169899036795397,0.0149256502166759,0.0766296609203403,4.77912349311153,4.74493212836325,5.06259503302697
"76002",65,4.67282883446191,"paired",4.79579054559674,4.70953020131233,4.75246466727066,0.122961711134836,0.0367013668504281,0.0796358328087523,4.91265488573605,4.63472898822964,4.88280192258637
"76002",66,4.15888308335967,"paired",4.7361984483945,4.70048036579242,4.71830560849706,0.577315365034824,0.541597282432745,0.559422525137392,4.21950770517611,4.60517018598809,4.70953020131233
"76002",67,4.67282883446191,"unpaired",4.86753445045558,4.8283137373023,4.84788443075192,0.194705615993676,0.155484902840396,0.175055596290017,4.62497281328427,4.7361984483945,4.90527477843843
"76002",69,4.79579054559674,"paired",4.97673374242057,4.99721227376411,4.9869624964381,0.180943196823833,0.201421728167373,0.191171950841357,4.20469261939097,4.67282883446191,5.06890420222023
"76002",70,4.52178857704904,"paired",4.91265488573605,4.97673374242057,4.9445905123387,0.390866308687012,0.454945165371534,0.422801935289661,4.65396035015752,4.33073334028633,4.78749174278205
"76002",71,4.67282883446191,"unpaired",5.01063529409626,5.04342511691925,5.02700347065398,0.33780645963435,0.370596282457341,0.35417463619207,4.71849887129509,4.64439089914137,4.90527477843843
"76002",72,3.91202300542815,"unpaired",4.36944785246702,4.52178857704904,4.4449656227351,0.457424847038876,0.609765571620895,0.532942617306954,3.40119738166216,4.11087386417331,4.38202663467388
"76002",73,4.35670882668959,"paired",4.56434819146784,4.70048036579242,4.63191418925639,0.207639364778244,0.343771539102825,0.275205362566799,4.29045944114839,4.44265125649032,4.77912349311153
"76002",75,4.52178857704904,"unpaired",4.83628190695148,4.77068462446567,4.80337128828023,0.314493329902438,0.248896047416625,0.281582711231192,4.64439089914137,4.53259949315326,4.89783979995091
"76002",76,4.15888308335967,"unpaired",4.52178857704904,4.69134788222914,4.60578801779098,0.362905493689369,0.532464798869472,0.446904934431307,4.21950770517611,4.33073334028633,4.48863636973214
"76002",77,4.90527477843843,"paired",4.8283137373023,4.94875989037817,4.88816584838562,0.0769610411361281,0.0434851119397388,0.0171089300528067,4.82028156560504,4.69134788222914,4.81218435537242
"76002",78,4.15888308335967,"paired",4.70953020131233,4.72738781871234,4.71845056194741,0.550647117952662,0.568504735352669,0.559567478587736,3.61091791264422,4.04305126783455,4.48863636973214
"76002",79,3.91202300542815,"unpaired",4.23410650459726,4.47733681447821,4.35402353340619,0.322083499169114,0.565313809050061,0.442000527978048,3.58351893845611,3.63758615972639,4.36944785246702
"76002",81,4.79579054559674,"paired",5.02388052084628,5.01727983681492,5.02057909406965,0.228089975249535,0.221489291218183,0.224788548472914,4.96284463025991,4.56434819146784,4.97673374242057
"76002",82,4.15888308335967,"paired",4.91998092582813,4.77912349311153,4.84904077403828,0.761097842468454,0.620240409751858,0.690157690678613,4.24849524204936,3.98898404656427,4.43081679884331
"76002",83,4.79579054559674,"unpaired",5.06890420222023,5.04342511691925,5.05614861023042,0.27311365662349,0.247634571322505,0.260358064633682,4.56434819146784,4.60517018598809,4.90527477843843
"76002",84,3.91202300542815,"unpaired",4.34380542185368,4.52178857704904,4.4319036245683,0.431782416425538,0.609765571620895,0.519880619140159,4.26267987704132,4.00733318523247,4.72738781871234
"76002",85,4.15888308335967,"paired",4.68213122712422,4.75359019110636,4.71772541324,0.523248143764548,0.594707107746693,0.558842329880324,4.02535169073515,3.68887945411394,4.45434729625351
"76002",87,3.91202300542815,"unpaired",4.77068462446567,4.46590811865458,4.61578153685178,0.858661619037519,0.553885113226438,0.703758531423637,4.44265125649032,3.58351893845611,4.34380542185368
"76002",88,4.90527477843843,"unpaired",4.81218435537242,5.04985600724954,4.92958802284427,0.0930904230660126,0.144581228811107,0.0243132444058363,4.70048036579242,4.17438726989564,4.79579054559674
"76002",89,3.91202300542815,"paired",4.48863636973214,4.48863636973214,4.48863636973214,0.576613364303994,0.576613364303994,0.576613364303994,4.53259949315326,3.85014760171006,4.72738781871234
"76002",90,5.01063529409626,"paired",5.13579843705026,5.04985600724954,5.09264593206332,0.125163142954007,0.0392207131532816,0.0820106379670618,5.07517381523383,4.77912349311153,5.07517381523383
"76002",91,4.52178857704904,"unpaired",4.78749174278205,4.45434729625351,4.61791629420642,0.265703165733005,0.0674412807955331,0.0961277171573842,4.75359019110636,4.80402104473326,4.89783979995091
"76002",93,4.35670882668959,"paired",4.87519732320115,4.96284463025991,4.91882575996612,0.51848849651156,0.606135803570315,0.562116933276531,4.18965474202643,4.68213122712422,4.76217393479776
"76002",94,4.35670882668959,"paired",4.85203026391962,4.72738781871234,4.78930357835847,0.495321437230025,0.370678992022749,0.432594751668876,4.68213122712422,4.12713438504509,4.77912349311153
"76002",95,4.15888308335967,"unpaired",4.8283137373023,4.60517018598809,4.71542219441921,0.66943065394263,0.44628710262842,0.556539111059541,4.35670882668959,3.71357206670431,4.74493212836325
"76002",96,4.52178857704904,"unpaired",5.02388052084628,4.67282883446191,4.84517633927827,0.502091943797236,0.151040257412865,0.32338776222923,4.69134788222914,4.34380542185368,4.77912349311153
"76003",1,4.52178857704904,"paired",4.80402104473326,4.71849887129509,4.76106793453441,0.282232467684216,0.196710294246054,0.239279357485369,4.33073334028633,4.70048036579242,4.85981240436167
"76003",3,3.91202300542815,"unpaired",4.52178857704904,4.44265125649032,4.48204525896498,0.609765571620895,0.530628251062171,0.570022253536837,3.91202300542815,3.85014760171006,4.49980967033027
"76003",4,4.67282883446191,"unpaired",4.84418708645859,4.88280192258637,4.863456180447,0.171358251996685,0.209973088124465,0.19062734598509,4.45434729625351,4.90527477843843,4.99721227376411
"76003",5,3.91202300542815,"paired",4.57471097850338,4.55387689160054,4.56428204767824,0.662687973075237,0.641853886172395,0.652259042250093,4.20469261939097,4.48863636973214,4.46590811865458
"76003",6,4.35670882668959,"paired",4.40671924726425,4.67282883446191,4.53782379164227,0.0500104205746617,0.316120007772314,0.181114964952683,4.65396035015752,4.60517018598809,4.78749174278205
"76003",7,3.91202300542815,"unpaired",4.59511985013459,4.45434729625351,4.5241860793305,0.683096844706444,0.542324290825361,0.612163073902349,4.35670882668959,4.30406509320417,4.7361984483945
"76003",9,4.90527477843843,"paired",4.90527477843843,5.01063529409626,4.95767515394906,0,0.105360515657826,0.0524003755106257,4.64439089914137,4.90527477843843,4.89034912822175
"76003",10,3.91202300542815,"paired",4.9272536851572,4.86753445045558,4.89730303928978,1.01523067972906,0.955511445027436,0.985280033861633,4.36944785246702,3.78418963391826,4.7361984483945
"76003",11,4.67282883446191,"unpaired",4.99721227376411,5.04985600724954,5.02346518054707,0.324383439302209,0.377027172787631,0.350636346085166,4.70048036579242,4.77068462446567,4.70048036579242
"76003",12,4.52178857704904,"unpaired",4.8283137373023,5.00394630594546,4.91534563278307,0.306525160253261,0.482157728896419,0.393557055734027,4.85981240436167,4.39444915467244,4.969813299576
"76003",13,4.67282883446191,"paired",4.70048036579242,4.66343909411207,4.68192309835847,0.0276515313305108,0.00938974034983886,0.00909426389656076,4.87519732320115,4.86753445045558,4.74493212836325
"76003",15,4.79579054559674,"unpaired",4.75359019110636,4.95582705760126,4.85365541523426,0.0422003544903768,0.16003651200452,0.0578648696375197,4.70953020131233,4.94875989037817,4.80402104473326
"76003",16,4.15888308335967,"unpaired",4.57471097850338,4.40671924726425,4.48992950052024,0.415827895143711,0.247836163904582,0.33104641716057,4.58496747867057,3.95124371858143,4.54329478227
"76003",17,4.52178857704904,"paired",4.70048036579242,4.68213122712422,4.69129682530971,0.178691788743376,0.160342650075179,0.169508248260668,4.76217393479776,4.40671924726425,4.9272536851572
"76003",18,4.67282883446191,"paired",4.78749174278205,4.7361984483945,4.76177603041825,0.11466290832014,0.0633696139325899,0.0889471959563437,4.43081679884331,4.70953020131233,4.84418708645859
"76003",19,4.90527477843843,"unpaired",4.86753445045558,4.84418708645859,4.85584673643941,0.0377403279828474,0.0610876919798384,0.0494280419990227,4.43081679884331,4.44265125649032,4.78749174278205
"76003",21,4.52178857704904,"paired",4.85981240436167,4.86753445045558,4.86367189487344,0.338023827312631,0.345745873406542,0.3418833178244,4.38202663467388,4.43081679884331,4.70048036579242
"76003",22,4.52178857704904,"paired",4.969813299576,5.07517381523383,5.02221727174452,0.44802472252696,0.553385238184786,0.500428694695477,4.51085950651685,4.38202663467388,4.80402104473326
"76003",23,5.01063529409626,"unpaired",4.96284463025991,5.12396397940326,5.0427608629427,0.0477906638363486,0.113328685307003,0.0321255688464497,4.87519732320115,4.85981240436167,4.87519732320115
"76003",24,4.67282883446191,"unpaired",4.74493212836325,5.10594547390058,4.92213010035104,0.0721032939013444,0.433116639438675,0.249301265889139,4.68213122712422,4.79579054559674,4.67282883446191
"76003",25,4.67282883446191,"paired",4.89034912822175,4.9272536851572,4.90876672533295,0.217520293759848,0.254424850695299,0.235937890871043,4.07753744390572,4.84418708645859,4.9272536851572
"76003",27,4.79579054559674,"unpaired",4.84418708645859,4.87519732320115,4.85966746979549,0.0483965408618499,0.0794067776044098,0.06387692419875,4.4188406077966,4.46590811865458,4.85981240436167
"76003",28,5.01063529409626,"unpaired",4.89034912822175,4.90527477843843,4.89780626775136,0.120286165874502,0.105360515657826,0.112829026344892,4.70048036579242,4.39444915467244,4.66343909411207
"76003",29,4.15888308335967,"paired",4.47733681447821,4.49980967033027,4.48855917807872,0.318453731118535,0.340926586970594,0.329676094719051,4.00733318523247,3.95124371858143,4.4188406077966
"76003",30,4.67282883446191,"paired",4.7361984483945,4.82028156560504,4.77805505115242,0.0633696139325899,0.147452731143131,0.105226216690514,4.56434819146784,4.85981240436167,4.7361984483945
"76003",31,5.01063529409626,"unpaired",4.99043258677874,4.82028156560504,4.90461927191543,0.0202027073175195,0.190353728491218,0.10601602218083,5.01727983681492,4.9416424226093,4.66343909411207
"76003",33,4.79579054559674,"paired",4.95582705760126,4.9416424226093,4.94872965789782,0.16003651200452,0.145851877012563,0.152939112301074,4.48863636973214,4.96284463025991,5.0998664278242
"76003",34,3.91202300542815,"paired",4.45434729625351,4.46590811865458,4.46012396169049,0.542324290825361,0.553885113226438,0.54810095626234,4.31748811353631,4.39444915467244,4.4188406077966
"76003",35,4.35670882668959,"unpaired",4.86753445045558,4.84418708645859,4.85584673643941,0.51082562376599,0.487478259769,0.499137909749815,4.65396035015752,3.85014760171006,4.65396035015752
"76003",36,3.91202300542815,"unpaired",4.81218435537242,4.45434729625351,4.62980997152438,0.900161349944271,0.542324290825361,0.717786966096232,4.31748811353631,4.11087386417331,4.49980967033027
"76003",37,4.90527477843843,"paired",4.76217393479776,4.90527477843843,4.83319477084261,0.143100843640673,0,0.0720800075958223,4.68213122712422,4.71849887129509,4.86753445045558
"76003",39,4.35670882668959,"unpaired",4.84418708645859,4.40671924726425,4.620278397591,0.487478259769,0.0500104205746617,0.263569570901404,4.44265125649032,4.12713438504509,4.78749174278205
"76003",40,4.79579054559674,"unpaired",4.85981240436167,5.04342511691925,4.95076761156019,0.0640218587649306,0.247634571322505,0.154977065963448,4.81218435537242,4.31748811353631,4.80402104473326
"76003",41,3.91202300542815,"paired",4.49980967033027,4.33073334028633,4.41446211494018,0.587786664902119,0.418710334858185,0.502439109512033,4.15888308335967,3.73766961828337,4.39444915467244
"76003",42,4.35670882668959,"paired",4.77068462446567,4.94875989037817,4.85890653534306,0.413975797776073,0.592051063688577,0.502197708653471,4.60517018598809,4.68213122712422,4.84418708645859
"76003",43,4.15888308335967,"unpaired",4.57471097850338,4.39444915467244,4.48367425136516,0.415827895143711,0.235566071312768,0.324791168005488,4.04305126783455,4.34380542185368,4.70953020131233
"76003",45,4.79579054559674,"paired",4.82028156560504,4.70048036579242,4.76000408158623,0.0244910200082957,0.0953101798043248,0.0357864640105072,4.4188406077966,4.9272536851572,4.83628190695148
"76003",46,4.67282883446191,"paired",4.97673374242057,5.08140436498446,5.02879673103829,0.303904907958668,0.408575530522557,0.355967896576382,4.55387689160054,4.57471097850338,4.99721227376411
"76003",47,4.79579054559674,"unpaired",4.94875989037817,5.08140436498446,5.0146435674161,0.152969344781427,0.285613819387722,0.218853021819357,4.71849887129509,4.53259949315326,5.04985600724954
"76003",48,4.90527477843843,"unpaired",5.00394630594546,5.07517381523383,5.03943422070081,0.0986715275070296,0.169899036795397,0.134159442262384,4.67282883446191,4.60517018598809,4.86753445045558
"76003",49,4.35670882668959,"paired",4.89783979995091,4.70953020131233,4.80276216973716,0.541130973261319,0.352821374622742,0.446053343047567,4.4188406077966,4.48863636973214,4.51085950651685
"76003",51,5.01063529409626,"unpaired",4.66343909411207,5.06890420222023,4.86194673160276,0.347196199984189,0.058268908123976,0.148688562493495,4.74493212836325,4.84418708645859,5.06890420222023
"76003",52,4.35670882668959,"unpaired",4.78749174278205,4.81218435537242,4.79982217025698,0.430782916092454,0.455475528682825,0.443113343567385,4.68213122712422,4.0943445622221,4.86753445045558
"76003",53,3.91202300542815,"paired",4.49980967033027,4.40671924726425,4.45302120849095,0.587786664902119,0.494696241836107,0.540998203062803,3.8286413964891,4.17438726989564,4.46590811865458
"76003",54,4.52178857704904,"paired",4.77912349311153,4.77912349311153,4.77912349311153,0.257334916062489,0.257334916062489,0.257334916062489,4.66343909411207,4.15888308335967,4.85981240436167
"76003",55,4.79579054559674,"unpaired",4.74493212836325,4.8283137373023,4.78644136890272,0.0508584172334912,0.0325231917055602,0.00934917669402324,4.83628190695148,4.20469261939097,4.94875989037817
"76003",57,4.15888308335967,"paired",4.77068462446567,4.89034912822175,4.83014631189124,0.611801541105994,0.731466044862082,0.671263228531573,3.71357206670431,4.14313472639153,4.47733681447821
"76003",58,4.79579054559674,"paired",5.0998664278242,5.02388052084628,5.06173089028485,0.304075882227457,0.228089975249535,0.265940344688111,4.55387689160054,4.74493212836325,4.95582705760126
"76003",59,4.90527477843843,"unpaired",4.95582705760126,5.11198778835654,5.03330183872024,0.0505522791628312,0.206713009918114,0.128027060281815,4.80402104473326,4.70048036579242,4.78749174278205
"76003",60,5.01063529409626,"unpaired",4.87519732320115,5.08140436498446,4.9772330624831,0.135437970895104,0.0707690708882076,0.033402231613155,5.01063529409626,4.68213122712422,4.99043258677874
"76003",61,3.91202300542815,"paired",4.4188406077966,4.39444915467244,4.40662800489944,0.506817602368452,0.482426149244293,0.494604999471293,4.47733681447821,3.25809653802148,4.49980967033027
"76003",63,4.15888308335967,"unpaired",4.4188406077966,4.53259949315326,4.47535861124267,0.259957524436927,0.373716409793585,0.316475527882995,4.55387689160054,4.38202663467388,4.85203026391962
"76003",64,4.90527477843843,"unpaired",4.89034912822175,4.9416424226093,4.91592887594919,0.0149256502166759,0.0363676441708742,0.0106540975107583,4.53259949315326,4.59511985013459,4.76217393479776
"76003",65,4.67282883446191,"paired",4.67282883446191,4.71849887129509,4.69560832919055,0,0.0456700368331884,0.0227794947286446,4.79579054559674,4.51085950651685,4.99721227376411
"76003",66,4.15888308335967,"paired",4.70953020131233,4.72738781871234,4.71845056194741,0.550647117952662,0.568504735352669,0.559567478587736,4.02535169073515,4.15888308335967,4.79579054559674
"76003",67,4.67282883446191,"unpaired",4.7361984483945,4.99721227376411,4.86495519170522,0.0633696139325899,0.324383439302209,0.19212635724331,4.11087386417331,4.23410650459726,4.7361984483945
"76003",69,4.79579054559674,"paired",4.83628190695148,4.969813299576,4.90259300183752,0.0404913613547366,0.174022753979259,0.10680245624078,4.80402104473326,4.79579054559674,4.80402104473326
"76003",70,4.52178857704904,"paired",4.99043258677874,4.91265488573605,4.95139101964033,0.468644009729696,0.390866308687012,0.429602442591294,4.8283137373023,4.0943445622221,4.969813299576
"76003",71,4.67282883446191,"unpaired",4.9272536851572,5.01727983681492,4.97206300899448,0.254424850695299,0.344451002353019,0.299234174532578,4.75359019110636,4.83628190695148,4.78749174278205
"76003",72,3.91202300542815,"unpaired",4.40671924726425,4.87519732320115,4.63504324449748,0.494696241836107,0.963174317773005,0.723020239069329,4.34380542185368,4.15888308335967,4.45434729625351
"76003",73,4.35670882668959,"paired",4.51085950651685,4.34380542185368,4.42654447415003,0.154150679827258,0.0129034048359076,0.069835647460434,4.4188406077966,4.48863636973214,4.83628190695148
"76003",75,4.52178857704904,"unpaired",4.44265125649032,4.83628190695148,4.6352900546416,0.0791373205587238,0.314493329902438,0.113501477592564,4.14313472639153,4.30406509320417,4.9272536851572
"76003",76,4.15888308335967,"unpaired",4.47733681447821,4.55387689160054,4.51544467969265,0.318453731118535,0.394993808240869,0.356561596332981,4.51085950651685,4.26267987704132,4.47733681447821
"76003",77,4.90527477843843,"paired",4.78749174278205,4.79579054559674,4.79163934756745,0.117783035656384,0.109484232841688,0.113635430870981,4.67282883446191,4.44265125649032,4.99721227376411
"76003",78,4.15888308335967,"paired",4.54329478227,4.53259949315326,4.53794398680315,0.384411698910332,0.373716409793585,0.379060903443476,4.52178857704904,4.33073334028633,4.47733681447821
"76003",79,3.91202300542815,"unpaired",4.35670882668959,4.58496747867057,4.46938119703486,0.444685821261446,0.672944473242426,0.557358191606718,3.40119738166216,4.15888308335967,4.52178857704904
"76003",81,4.79579054559674,"paired",4.80402104473326,5.04342511691925,4.92226781059466,0.00823049913651541,0.247634571322505,0.126477264997919,4.89034912822175,4.8283137373023,4.95582705760126
"76003",82,4.15888308335967,"paired",4.85203026391962,4.91265488573605,4.88224847603887,0.693147180559945,0.753771802376381,0.723365392679201,4.58496747867057,4.38202663467388,4.47733681447821
"76003",83,4.79579054559674,"unpaired",5.04985600724954,5.01727983681492,5.03354156871599,0.254065461652796,0.221489291218183,0.237751023119248,4.44265125649032,4.68213122712422,4.84418708645859
"76003",84,3.91202300542815,"unpaired",4.39444915467244,4.45434729625351,4.42429686059138,0.482426149244293,0.542324290825361,0.512273855163229,4.24849524204936,3.8286413964891,4.49980967033027
"76003",85,4.15888308335967,"paired",4.4188406077966,4.29045944114839,4.35417689175013,0.259957524436927,0.131576357788719,0.195293808390456,3.55534806148941,4.21950770517611,4.70953020131233
"76003",87,3.91202300542815,"unpaired",4.7361984483945,4.78749174278205,4.76177603041825,0.82417544296635,0.8754687373539,0.849753024990104,3.87120101090789,3.8286413964891,4.9272536851572
"76003",88,4.90527477843843,"unpaired",4.99721227376411,5.03043792139244,5.01379757501145,0.0919374953256851,0.125163142954006,0.108522796573022,4.969813299576,4.89034912822175,4.86753445045558
"76003",89,3.91202300542815,"paired",4.46590811865458,4.70953020131233,4.58610173906878,0.553885113226438,0.797507195884188,0.674078733640636,4.58496747867057,3.73766961828337,4.40671924726425
"76003",90,5.01063529409626,"paired",5.06890420222023,5.03695260241363,5.05290314697982,0.058268908123976,0.026317308317374,0.0422678528835663,4.91998092582813,4.65396035015752,4.66343909411207
"76003",91,4.52178857704904,"unpaired",4.84418708645859,5.01727983681492,4.92997385334323,0.322398509409551,0.495491259765884,0.408185276294192,4.38202663467388,4.15888308335967,4.77912349311153
"76003",93,4.35670882668959,"paired",4.65396035015752,4.77068462446567,4.71196106577392,0.297251523467931,0.413975797776073,0.355252239084333,4.51085950651685,4.8283137373023,4.51085950651685
"76003",94,4.35670882668959,"paired",4.83628190695148,4.86753445045558,4.85188301530461,0.479573080261886,0.51082562376599,0.495174188615016,4.33073334028633,4.65396035015752,4.65396035015752
"76003",95,4.15888308335967,"unpaired",4.79579054559674,4.79579054559674,4.79579054559674,0.63690746223707,0.63690746223707,0.63690746223707,4.35670882668959,3.80666248977032,4.54329478227
"76003",96,4.52178857704904,"unpaired",4.9272536851572,4.7361984483945,4.83078164053061,0.405465108108165,0.214409871345455,0.308993063481569,4.72738781871234,4.4188406077966,4.85981240436167
"76027",1,4.52178857704904,"paired",4.27666611901606,4.38202663467388,4.32902585359983,0.245122458032985,0.139761942375159,0.192762723449211,4.34380542185368,4.84418708645859,4.53259949315326
"76027",3,3.91202300542815,"unpaired",3.87120101090789,4.15888308335967,4.01246462869764,0.0408219945202548,0.246860077931526,0.100441623269493,4.20469261939097,3.66356164612965,3.36729582998647
"76027",4,4.67282883446191,"unpaired",4.65396035015752,4.71849887129509,4.68611850674632,0.0188684843043827,0.0456700368331884,0.0132896722844178,4.76217393479776,4.33073334028633,4.59511985013459
"76027",5,3.91202300542815,"paired",3.61091791264422,3.49650756146648,3.55325228282419,0.301105092783922,0.415515443961666,0.35877072260396,4.49980967033027,4.06044301054642,3.78418963391826
"76027",6,4.35670882668959,"paired",4.72738781871234,4.57471097850338,4.65042287904084,0.370678992022749,0.218002151813791,0.293714052351249,4.77068462446567,4.69134788222914,4.40671924726425
"76027",7,3.91202300542815,"unpaired",3.36729582998647,4.27666611901606,3.79483859851868,0.544727175441672,0.364643113587909,0.117184406909468,3.58351893845611,3.43398720448515,4.18965474202643
"76027",9,4.90527477843843,"paired",4.64439089914137,4.77068462446567,4.70711421706995,0.260883879297057,0.134590153972765,0.198160561368484,4.969813299576,5.0998664278242,4.44265125649032
"76027",10,3.91202300542815,"paired",3.63758615972639,3.87120101090789,3.75257607768281,0.27443684570176,0.0408219945202548,0.159446927745332,3.8286413964891,3.68887945411394,3.36729582998647
"76027",11,4.67282883446191,"unpaired",4.85203026391962,4.77068462446567,4.81118552723998,0.179201429457711,0.0978557900037593,0.13835669277807,4.44265125649032,4.93447393313069,4.62497281328427
"76027",12,4.52178857704904,"unpaired",4.70048036579242,4.79579054559674,4.74789630236702,0.178691788743376,0.274001968547701,0.226107725317976,4.67282883446191,4.74493212836325,4.27666611901606
"76027",13,4.67282883446191,"paired",4.74493212836325,4.71849887129509,4.73169704144864,0.0721032939013444,0.0456700368331884,0.0588682069867357,4.72738781871234,4.36944785246702,4.76217393479776
"76027",15,4.79579054559674,"unpaired",4.58496747867057,4.80402104473326,4.69321640849333,0.210823066926169,0.00823049913651541,0.102574137103414,4.43081679884331,4.47733681447821,4.69134788222914
"76027",16,4.15888308335967,"unpaired",4.14313472639153,4.11087386417331,4.12697277219899,0.0157483569681389,0.0480092191863601,0.0319103111606838,4.31748811353631,3.91202300542815,4.38202663467388
"76027",17,4.52178857704904,"paired",4.31748811353631,4.44265125649032,4.37962258562129,0.20430046351273,0.0791373205587238,0.142165991427753,4.30406509320417,4.12713438504509,4.80402104473326
"76027",18,4.67282883446191,"paired",4.76217393479776,4.76217393479776,4.76217393479776,0.0893451003358505,0.0893451003358505,0.0893451003358505,4.21950770517611,4.69134788222914,4.53259949315326
"76027",19,4.90527477843843,"unpaired",4.86753445045558,4.91998092582813,4.89368742892849,0.0377403279828474,0.0147061473896954,0.0115873495099388,4.52178857704904,4.4188406077966,4.80402104473326
"76027",21,4.52178857704904,"paired",3.87120101090789,4.02535169073515,3.94752397515629,0.650587566141149,0.496436886313891,0.574264601892752,4.72738781871234,4.69134788222914,3.97029191355212
"76027",22,4.52178857704904,"paired",3.97029191355212,4.04305126783455,4.00650642764493,0.551496663496919,0.47873730921449,0.515282149404107,4.67282883446191,4.77068462446567,4.81218435537242
"76027",23,5.01063529409626,"unpaired",4.96284463025991,4.99721227376411,4.9799988051323,0.0477906638363486,0.0134230203321408,0.030636488963955,5.02388052084628,4.14313472639153,4.91998092582813
"76027",24,4.67282883446191,"unpaired",4.59511985013459,4.64439089914137,4.61968968789344,0.077708984327316,0.0284379353205333,0.0531391465684683,4.93447393313069,4.52178857704904,4.53259949315326
"76027",25,4.67282883446191,"paired",4.57471097850338,4.63472898822964,4.60462219784012,0.098117855958523,0.0380998462322699,0.0682066366217846,4.4188406077966,4.31748811353631,4.76217393479776
"76027",27,4.79579054559674,"unpaired",4.71849887129509,4.46590811865458,4.59046647054297,0.0772916743016472,0.329882426942158,0.205324075053769,4.71849887129509,4.07753744390572,4.64439089914137
"76027",28,5.01063529409626,"unpaired",4.68213122712422,4.68213122712422,4.68213122712422,0.328504066972036,0.328504066972036,0.328504066972036,4.95582705760126,4.74493212836325,4.62497281328427
"76027",29,4.15888308335967,"paired",3.76120011569356,4.0943445622221,3.9242386829956,0.397682967666109,0.0645385211375711,0.234644400364068,4.44265125649032,4.14313472639153,3.95124371858143
"76027",30,4.67282883446191,"paired",4.72738781871234,4.76217393479776,4.74474899757114,0.054558984250435,0.0893451003358505,0.0719201631092341,4.26267987704132,4.86753445045558,4.94875989037817
"76027",31,5.01063529409626,"unpaired",4.62497281328427,4.82028156560504,4.72161743402604,0.385662480811985,0.190353728491218,0.289017860070217,4.70953020131233,5.09375020080676,4.96284463025991
"76027",33,4.79579054559674,"paired",4.64439089914137,4.66343909411207,4.65390525122656,0.151399646455369,0.132351451484674,0.141885294370179,4.78749174278205,4.94875989037817,4.96284463025991
"76027",34,3.91202300542815,"paired",4.18965474202643,4.06044301054642,4.12454292181132,0.277631736598279,0.148420005118273,0.212519916383174,4.18965474202643,4.15888308335967,4.04305126783455
"76027",35,4.35670882668959,"unpaired",4.11087386417331,4.44265125649032,4.27354407230612,0.24583496251628,0.085942429800725,0.083164754383473,4.11087386417331,4.47733681447821,4.21950770517611
"76027",36,3.91202300542815,"unpaired",3.43398720448515,4.11087386417331,3.75721815294555,0.478035800943,0.198850858745165,0.154804852482598,3.63758615972639,3.85014760171006,3.78418963391826
"76027",37,4.90527477843843,"paired",4.44265125649032,4.46590811865458,4.45426450883994,0.462623521948113,0.439366659783846,0.451010269598491,4.85203026391962,5.03695260241363,4.86753445045558
"76027",39,4.35670882668959,"unpaired",4.21950770517611,4.52178857704904,4.36803408205977,0.137201121513485,0.165079750359449,0.0113252553701777,4.02535169073515,4.36944785246702,3.93182563272433
"76027",40,4.79579054559674,"unpaired",4.69134788222914,4.64439089914137,4.66781034414758,0.104442663367598,0.151399646455369,0.127980201449157,4.64439089914137,4.9416424226093,4.80402104473326
"76027",41,3.91202300542815,"paired",4.26267987704132,3.71357206670431,3.97866421311012,0.35065687161317,0.198450938723838,0.0666412076819758,4.60517018598809,4.06044301054642,4.18965474202643
"76027",42,4.35670882668959,"paired",4.64439089914137,4.70048036579242,4.67235146713933,0.287682072451781,0.343771539102825,0.315642640449734,4.38202663467388,4.38202663467388,3.93182563272433
"76027",43,4.15888308335967,"unpaired",3.8286413964891,3.95124371858143,3.88945950854079,0.330241686870576,0.207639364778244,0.269423574818882,4.0943445622221,4.47733681447821,4.58496747867057
"76027",45,4.79579054559674,"paired",4.7361984483945,4.82028156560504,4.77805505115242,0.0595920972022457,0.0244910200082957,0.0177354944443211,5.03695260241363,4.52178857704904,4.80402104473326
"76027",46,4.67282883446191,"paired",4.53259949315326,4.60517018598809,4.56874075111448,0.14022934130865,0.067658648473814,0.104088083347425,4.81218435537242,4.7361984483945,4.65396035015752
"76027",47,4.79579054559674,"unpaired",4.80402104473326,4.91998092582813,4.8616552641425,0.00823049913651541,0.124190380231384,0.0658647185457637,4.87519732320115,4.38202663467388,4.7361984483945
"76027",48,4.90527477843843,"unpaired",4.91998092582813,4.9416424226093,4.93079977909272,0.0147061473896954,0.0363676441708742,0.0255250006542944,4.85981240436167,4.60517018598809,4.969813299576
"76027",49,4.35670882668959,"paired",4.40671924726425,4.30406509320417,4.35508972211837,0.0500104205746617,0.0526437334854215,0.00161910457122616,4.20469261939097,4.31748811353631,4.21950770517611
"76027",51,5.01063529409626,"unpaired",4.96284463025991,4.969813299576,4.96632774262785,0.0477906638363486,0.0408219945202548,0.0443075514684068,4.80402104473326,5.04985600724954,4.68213122712422
"76027",52,4.35670882668959,"unpaired",4.51085950651685,4.55387689160054,4.53231716321615,0.154150679827258,0.197168064910949,0.175608336526559,3.97029191355212,3.71357206670431,3.93182563272433
"76027",53,3.91202300542815,"paired",3.8286413964891,3.89182029811063,3.86010159206243,0.0833816089390509,0.0202027073175195,0.0519214133657204,4.59511985013459,3.66356164612965,3.43398720448515
"76027",54,4.52178857704904,"paired",4.69134788222914,4.56434819146784,4.62741236781412,0.169559305180103,0.0425596144187956,0.105623790765077,4.31748811353631,4.46590811865458,4.81218435537242
"76027",55,4.79579054559674,"unpaired",4.88280192258637,4.55387689160054,4.71547228191713,0.0870113769896292,0.241913653996201,0.0803182636796089,4.48863636973214,4.68213122712422,4.96284463025991
"76027",57,4.15888308335967,"paired",4.29045944114839,4.15888308335967,4.22415899199271,0.131576357788719,0,0.0652759086330343,4.27666611901606,4.15888308335967,4.04305126783455
"76027",58,4.79579054559674,"paired",4.66343909411207,4.72738781871234,4.69530458722459,0.132351451484674,0.0684027268844005,0.10048595837215,4.27666611901606,4.71849887129509,4.7361984483945
"76027",59,4.90527477843843,"unpaired",4.969813299576,4.88280192258637,4.92611550149456,0.0645385211375711,0.022472855852059,0.0208407230561312,4.77068462446567,4.48863636973214,4.91998092582813
"76027",60,5.01063529409626,"unpaired",5.01063529409626,4.87519732320115,4.94245240475973,0,0.135437970895104,0.068182889336522,5.09375020080676,5.0998664278242,4.96284463025991
"76027",61,3.91202300542815,"paired",4.04305126783455,3.89182029811063,3.96671513855739,0.131028262406404,0.0202027073175195,0.0546921331292478,3.87120101090789,3.91202300542815,4.18965474202643
"76027",63,4.15888308335967,"unpaired",3.95124371858143,4.14313472639153,4.04605178697593,0.207639364778244,0.0157483569681389,0.112831296383741,4.11087386417331,3.66356164612965,3.8286413964891
"76027",64,4.90527477843843,"unpaired",4.83628190695148,4.70048036579242,4.76789766533034,0.0689928714869517,0.204794412646013,0.137377113108088,4.65396035015752,4.80402104473326,4.91998092582813
"76027",65,4.67282883446191,"paired",4.62497281328427,4.51085950651685,4.56755980608742,0.0478560211776351,0.161969327945056,0.105269028374487,4.85981240436167,4.49980967033027,4.65396035015752
"76027",66,4.15888308335967,"paired",4.27666611901606,4.39444915467244,4.33515764552183,0.117783035656384,0.235566071312768,0.176274562162158,4.04305126783455,4.43081679884331,3.76120011569356
"76027",67,4.67282883446191,"unpaired",4.54329478227,4.69134788222914,4.61672788402621,0.129534052191902,0.0185190477672377,0.0561009504356988,4.68213122712422,4.26267987704132,4.62497281328427
"76027",69,4.79579054559674,"paired",4.78749174278205,4.81218435537242,4.79982217025698,0.00829880281469553,0.0163938097756757,0.00403162466023499,4.71849887129509,4.71849887129509,4.7361984483945
"76027",70,4.52178857704904,"paired",4.80402104473326,4.68213122712422,4.7426845719811,0.282232467684216,0.160342650075179,0.220895994932055,4.4188406077966,4.78749174278205,4.31748811353631
"76027",71,4.67282883446191,"unpaired",4.94875989037817,4.85981240436167,4.90408449167297,0.275931055916263,0.186983569899766,0.231255657211064,4.79579054559674,4.7361984483945,4.85203026391962
"76027",72,3.91202300542815,"unpaired",3.8286413964891,4.04305126783455,3.9343860324273,0.0833816089390509,0.131028262406404,0.0223630269991593,3.40119738166216,3.61091791264422,3.43398720448515
"76027",73,4.35670882668959,"paired",3.93182563272433,4.0943445622221,4.01226231681707,0.424883193965266,0.262364264467491,0.344446509872518,4.11087386417331,4.44265125649032,4.11087386417331
"76027",75,4.52178857704904,"unpaired",4.81218435537242,4.71849887129509,4.76511137847676,0.290395778323377,0.196710294246054,0.243322801427717,4.26267987704132,4.64439089914137,4.75359019110636
"76027",76,4.15888308335967,"unpaired",4.35670882668959,4.33073334028633,4.34370166674282,0.19782574332992,0.17185025692666,0.184818583383149,4.63472898822964,4.15888308335967,4.14313472639153
"76027",77,4.90527477843843,"paired",4.9272536851572,4.95582705760126,4.94151971892935,0.0219789067187754,0.0505522791628312,0.0362449404909206,4.60517018598809,4.44265125649032,4.91998092582813
"76027",78,4.15888308335967,"paired",4.47733681447821,4.51085950651685,4.49406690353703,0.318453731118535,0.351976423157178,0.335183820177356,4.26267987704132,4.47733681447821,4.35670882668959
"76027",79,3.91202300542815,"unpaired",3.97029191355212,3.95124371858143,3.9607563651855,0.058268908123976,0.0392207131532816,0.0487333597573536,4.38202663467388,4.40671924726425,3.61091791264422
"76027",81,4.79579054559674,"paired",4.7361984483945,4.75359019110636,4.74488635137042,0.0595920972022457,0.0422003544903768,0.0509041942263257,4.56434819146784,4.84418708645859,4.71849887129509
"76027",82,4.15888308335967,"paired",4.58496747867057,4.53259949315326,4.55870828963056,0.426084395310901,0.373716409793585,0.399825206270889,4.29045944114839,4.51085950651685,4.27666611901606
"76027",83,4.79579054559674,"unpaired",4.96284463025991,4.91998092582813,4.94136630080459,0.167054084663166,0.124190380231384,0.145575755207853,5.04985600724954,4.70048036579242,4.71849887129509
"76027",84,3.91202300542815,"unpaired",3.66356164612965,3.97029191355212,3.81384440931041,0.2484613592985,0.058268908123976,0.0981785961177399,4.31748811353631,4.14313472639153,4.26267987704132
"76027",85,4.15888308335967,"paired",4.04305126783455,4.12713438504509,4.08487648625759,0.115831815525121,0.0317486983145798,0.0740065971020858,3.98898404656427,4.39444915467244,4.35670882668959
"76027",87,3.91202300542815,"unpaired",4.31748811353631,4.47733681447821,4.39668607894721,0.405465108108164,0.565313809050061,0.484663073519063,4.15888308335967,3.63758615972639,4.04305126783455
"76027",88,4.90527477843843,"unpaired",4.80402104473326,4.89783979995091,4.85070360594175,0.101253733705173,0.00743497848751851,0.0545711724966793,4.76217393479776,4.80402104473326,4.86753445045558
"76027",89,3.91202300542815,"paired",3.78418963391826,3.98898404656427,3.88523771201633,0.127833371509885,0.0769610411361286,0.0267852934118205,3.87120101090789,4.31748811353631,3.97029191355212
"76027",90,5.01063529409626,"paired",4.91998092582813,4.94875989037817,4.9343494269421,0.0906543682681304,0.0618754037180871,0.0762858671541515,4.72738781871234,5.06890420222023,4.96284463025991
"76027",91,4.52178857704904,"unpaired",4.75359019110636,4.70048036579242,4.72696068952545,0.231801614057324,0.178691788743376,0.205172112476407,4.40671924726425,4.51085950651685,4.27666611901606
"76027",93,4.35670882668959,"paired",4.68213122712422,4.70048036579242,4.69129682530971,0.325422400434628,0.343771539102825,0.334587998620117,4.68213122712422,4.27666611901606,4.21950770517611
"76027",94,4.35670882668959,"paired",4.68213122712422,4.59511985013459,4.63842151412456,0.325422400434628,0.238411023444998,0.281712687434964,4.70953020131233,4.75359019110636,4.72738781871234
"76027",95,4.15888308335967,"unpaired",4.38202663467388,4.38202663467388,4.38202663467388,0.22314355131421,0.22314355131421,0.22314355131421,4.4188406077966,4.40671924726425,4.04305126783455
"76027",96,4.52178857704904,"unpaired",4.53259949315326,4.74493212836325,4.63755075013372,0.0108109161042158,0.22314355131421,0.115762173084684,4.75359019110636,4.67282883446191,3.87120101090789
"76083",1,4.52178857704904,"paired",4.33073334028633,4.18965474202643,4.25961001449459,0.191055236762709,0.332133835022615,0.262178562554454,4.65396035015752,4.4188406077966,4.14313472639153
"76083",3,3.91202300542815,"unpaired",3.61091791264422,4.0943445622221,3.84504123778475,0.301105092783922,0.182321556793954,0.0669817676433997,4.31748811353631,3.46573590279973,4.00733318523247
"76083",4,4.67282883446191,"unpaired",4.52178857704904,4.55387689160054,4.53780437102867,0.151040257412865,0.118951942861365,0.135024463433235,4.79579054559674,4.62497281328427,4.46590811865458
"76083",5,3.91202300542815,"paired",3.68887945411394,4.00733318523247,3.84481066540253,0.22314355131421,0.0953101798043252,0.0672123400256193,4.0943445622221,4.11087386417331,4.36944785246702
"76083",6,4.35670882668959,"paired",4.12713438504509,4.23410650459726,4.1802782856009,0.2295744416445,0.122602322092332,0.176430541088687,3.93182563272433,4.34380542185368,4.35670882668959
"76083",7,3.91202300542815,"unpaired",4.14313472639153,3.68887945411394,3.90941486258643,0.231111720963387,0.22314355131421,0.00260814284171484,4.38202663467388,4.60517018598809,3.76120011569356
"76083",9,4.90527477843843,"paired",4.69134788222914,4.72738781871234,4.70933337445885,0.213926896209286,0.177886959726089,0.195941403979578,4.84418708645859,4.4188406077966,4.83628190695148
"76083",10,3.91202300542815,"paired",3.76120011569356,3.97029191355212,3.86433207742159,0.150822889734584,0.058268908123976,0.0476909280065563,3.78418963391826,3.87120101090789,4.00733318523247
"76083",11,4.67282883446191,"unpaired",4.78749174278205,4.60517018598809,4.69544611719952,0.11466290832014,0.067658648473814,0.0226172827376141,4.60517018598809,4.68213122712422,4.48863636973214
"76083",12,4.52178857704904,"unpaired",4.60517018598809,4.46590811865458,4.53500462198114,0.0833816089390513,0.0558804583944568,0.0132160449320953,4.78749174278205,4.31748811353631,4.39444915467244
"76083",13,4.67282883446191,"paired",4.72738781871234,4.70048036579242,4.71391489351936,0.054558984250435,0.0276515313305108,0.0410860590574496,4.47733681447821,4.54329478227,4.78749174278205
"76083",15,4.79579054559674,"unpaired",4.85203026391962,4.69134788222914,4.77101267061313,0.0562397183228756,0.104442663367598,0.0247778749836147,4.68213122712422,4.72738781871234,4.40671924726425
"76083",16,4.15888308335967,"unpaired",4.0943445622221,4.17438726989564,4.13417220482001,0.0645385211375711,0.0155041865359653,0.0247108785396595,4.60517018598809,4.4188406077966,4.00733318523247
"76083",17,4.52178857704904,"paired",4.63472898822964,4.56434819146784,4.59940396957796,0.112940411180595,0.0425596144187956,0.0776153925289194,4.06044301054642,4.90527477843843,4.38202663467388
"76083",18,4.67282883446191,"paired",4.33073334028633,4.40671924726425,4.36856108637716,0.342095494175575,0.266109587197652,0.304267748084746,4.65396035015752,4.85203026391962,4.18965474202643
"76083",19,4.90527477843843,"unpaired",4.97673374242057,4.69134788222914,4.83193432311772,0.0714589639821446,0.213926896209286,0.0733404553207109,4.71849887129509,5.02388052084628,4.69134788222914
"76083",21,4.52178857704904,"paired",4.34380542185368,4.36944785246702,4.3566077711969,0.177983155195356,0.152340724582019,0.165180805852144,4.43081679884331,4.24849524204936,4.38202663467388
"76083",22,4.52178857704904,"paired",4.39444915467244,4.26267987704132,4.32806307512996,0.127339422376601,0.259108700007725,0.193725501919078,3.89182029811063,4.56434819146784,4.35670882668959
"76083",23,5.01063529409626,"unpaired",5.04342511691925,4.90527477843843,4.97387032631198,0.0327898228229913,0.105360515657826,0.0367649677842721,5.10594547390058,4.82028156560504,4.86753445045558
"76083",24,4.67282883446191,"unpaired",4.46590811865458,4.72738781871234,4.5947883128188,0.206920715807322,0.054558984250435,0.078040521643107,4.89783979995091,4.17438726989564,4.52178857704904
"76083",25,4.67282883446191,"paired",4.49980967033027,4.51085950651685,4.50533120080264,0.173019164131641,0.161969327945056,0.16749763365927,4.72738781871234,4.56434819146784,4.33073334028633
"76083",27,4.79579054559674,"unpaired",4.77068462446567,4.70048036579242,4.73545239746834,0.0251059211310762,0.0953101798043248,0.0603381481284027,4.84418708645859,4.36944785246702,4.68213122712422
"76083",28,5.01063529409626,"unpaired",4.96284463025991,4.99043258677874,4.97661949178043,0.0477906638363486,0.0202027073175195,0.0340158023158255,5.03043792139244,5.06890420222023,4.78749174278205
"76083",29,4.15888308335967,"paired",4.00733318523247,3.95124371858143,3.97918962559121,0.1515498981272,0.207639364778244,0.179693457768463,4.06044301054642,4.57471097850338,4.02535169073515
"76083",30,4.67282883446191,"paired",4.26267987704132,4.35670882668959,4.30943790367816,0.41014895742059,0.316120007772314,0.363390930783747,4.7361984483945,4.75359019110636,4.48863636973214
"76083",31,5.01063529409626,"unpaired",4.86753445045558,4.63472898822964,4.7497055717942,0.143100843640673,0.37590630586662,0.260929722302053,4.80402104473326,4.65396035015752,4.86753445045558
"76083",33,4.79579054559674,"paired",4.79579054559674,4.7361984483945,4.76590135660405,0,0.0595920972022457,0.029889188992696,4.96284463025991,4.7361984483945,4.55387689160054
"76083",34,3.91202300542815,"paired",4.0943445622221,3.73766961828337,3.91194418122259,0.182321556793954,0.174353387144778,7.88242055578259e-05,4.23410650459726,3.29583686600433,3.76120011569356
"76083",35,4.35670882668959,"unpaired",4.0943445622221,4.17438726989564,4.13417220482001,0.262364264467491,0.182321556793955,0.22253662186958,4.65396035015752,4.65396035015752,4.18965474202643
"76083",36,3.91202300542815,"unpaired",3.68887945411394,3.78418963391826,3.73623063943221,0.22314355131421,0.127833371509885,0.175792365995937,4.26267987704132,4.06044301054642,4.02535169073515
"76083",37,4.90527477843843,"paired",4.60517018598809,4.57471097850338,4.58991531596349,0.300104592450338,0.330563799935047,0.315359462474944,4.44265125649032,4.87519732320115,4.77068462446567
"76083",39,4.35670882668959,"unpaired",4.44265125649032,4.36944785246702,4.40589752399344,0.085942429800725,0.0127390257774298,0.0491886973038484,4.57471097850338,4.74493212836325,4.07753744390572
"76083",40,4.79579054559674,"unpaired",4.64439089914137,4.78749174278205,4.7153985070078,0.151399646455369,0.00829880281469553,0.0803920385889398,4.86753445045558,4.11087386417331,4.56434819146784
"76083",41,3.91202300542815,"paired",3.87120101090789,3.68887945411394,3.77894083995545,0.0408219945202548,0.22314355131421,0.133082165472694,3.91202300542815,4.38202663467388,4.14313472639153
"76083",42,4.35670882668959,"paired",4.35670882668959,4.31748811353631,4.33705413539779,0,0.0392207131532816,0.0196546912918061,4.18965474202643,4.45434729625351,4.18965474202643
"76083",43,4.15888308335967,"unpaired",4.02535169073515,3.98898404656427,4.00712661094618,0.133531392624522,0.169899036795397,0.151756472413489,4.20469261939097,4.35670882668959,4.00733318523247
"76083",45,4.79579054559674,"paired",4.55387689160054,4.58496747867057,4.56939574231188,0.241913653996201,0.210823066926169,0.226394803284864,4.75359019110636,4.90527477843843,4.20469261939097
"76083",46,4.67282883446191,"paired",4.46590811865458,4.39444915467244,4.4300345548163,0.206920715807322,0.278379679789467,0.24279427964561,4.9416424226093,4.67282883446191,4.26267987704132
"76083",47,4.79579054559674,"unpaired",4.68213122712422,4.70048036579242,4.69129682530971,0.113659318472521,0.0953101798043248,0.104493720287032,4.91265488573605,4.36944785246702,4.77068462446567
"76083",48,4.90527477843843,"unpaired",4.77068462446567,4.57471097850338,4.67167029300232,0.134590153972765,0.330563799935047,0.233604485436111,4.34380542185368,5.06259503302697,4.97673374242057
"76083",49,4.35670882668959,"paired",4.33073334028633,4.18965474202643,4.25961001449459,0.0259754864032606,0.167054084663167,0.0970988121950054,3.91202300542815,4.31748811353631,4.35670882668959
"76083",51,5.01063529409626,"unpaired",4.78749174278205,4.74493212836325,4.76616443113331,0.22314355131421,0.265703165733005,0.244470862962947,4.95582705760126,4.76217393479776,4.9416424226093
"76083",52,4.35670882668959,"unpaired",4.18965474202643,4.18965474202643,4.18965474202643,0.167054084663167,0.167054084663167,0.167054084663167,4.65396035015752,4.40671924726425,4.0943445622221
"76083",53,3.91202300542815,"paired",4.00733318523247,3.63758615972639,3.81798634518432,0.0953101798043252,0.27443684570176,0.0940366602438298,4.33073334028633,3.71357206670431,3.61091791264422
"76083",54,4.52178857704904,"paired",4.38202663467388,4.31748811353631,4.34963767553161,0.139761942375159,0.20430046351273,0.172150901517433,4.75359019110636,4.43081679884331,4.30406509320417
"76083",55,4.79579054559674,"unpaired",4.40671924726425,4.49980967033027,4.45302120849095,0.389071298332488,0.295980875266476,0.342769337105793,4.21950770517611,5.07517381523383,4.64439089914137
"76083",57,4.15888308335967,"paired",3.98898404656427,3.73766961828337,3.86128275041602,0.169899036795397,0.421213465076303,0.297600332943647,3.91202300542815,3.40119738166216,4.02535169073515
"76083",58,4.79579054559674,"paired",4.51085950651685,4.45434729625351,4.48251434427518,0.284931039079892,0.341443249343234,0.31327620132156,4.90527477843843,4.83628190695148,4.40671924726425
"76083",59,4.90527477843843,"unpaired",4.8283137373023,4.77068462446567,4.79941268371917,0.0769610411361281,0.134590153972765,0.10586209471926,4.74493212836325,4.85203026391962,4.51085950651685
"76083",60,5.01063529409626,"unpaired",4.86753445045558,4.84418708645859,4.85584673643941,0.143100843640673,0.166448207637664,0.154788557656849,4.67282883446191,5.04985600724954,4.9416424226093
"76083",61,3.91202300542815,"paired",4.36944785246702,3.40119738166216,3.8550427488058,0.457424847038876,0.51082562376599,0.0569802566223485,3.76120011569356,4.72738781871234,3.76120011569356
"76083",63,4.15888308335967,"unpaired",3.71357206670431,4.27666611901606,3.98518604812859,0.445311016655364,0.117783035656384,0.173697035231084,3.55534806148941,4.68213122712422,4.02535169073515
"76083",64,4.90527477843843,"unpaired",4.83628190695148,4.78749174278205,4.81182498593791,0.0689928714869517,0.117783035656384,0.0934497925005155,5.07517381523383,4.77068462446567,4.8283137373023
"76083",65,4.67282883446191,"paired",4.26267987704132,4.12713438504509,4.19435962847453,0.41014895742059,0.545694449416814,0.478469205987375,4.8283137373023,4.67282883446191,4.48863636973214
"76083",66,4.15888308335967,"paired",4.02535169073515,4.15888308335967,4.09157268677604,0.133531392624522,0,0.0673103965836352,4.47733681447821,4.20469261939097,4.02535169073515
"76083",67,4.67282883446191,"unpaired",4.18965474202643,4.35670882668959,4.27236536304755,0.483174092435481,0.316120007772314,0.400463471414355,4.93447393313069,4.48863636973214,4.52178857704904
"76083",69,4.79579054559674,"paired",4.20469261939097,4.38202663467388,4.29244394824066,0.591097926205776,0.41376391092286,0.503346597356077,4.81218435537242,4.57471097850338,4.51085950651685
"76083",70,4.52178857704904,"paired",4.35670882668959,4.46590811865458,4.4109705643687,0.165079750359449,0.0558804583944568,0.11081801268034,4.80402104473326,4.69134788222914,4.55387689160054
"76083",71,4.67282883446191,"unpaired",4.48863636973214,4.65396035015752,4.57055091766938,0.184192464729766,0.0188684843043827,0.102277916792528,4.23410650459726,4.59511985013459,4.78749174278205
"76083",72,3.91202300542815,"unpaired",3.61091791264422,3.87120101090789,3.7387951366361,0.301105092783922,0.0408219945202548,0.173227868792049,4.00733318523247,3.97029191355212,4.04305126783455
"76083",73,4.35670882668959,"paired",4.00733318523247,3.98898404656427,3.9981480894484,0.34937564145712,0.367724780125317,0.358560737241187,4.29045944114839,4.39444915467244,4.07753744390572
"76083",75,4.52178857704904,"unpaired",4.14313472639153,4.20469261939097,4.1738001875031,0.378653850657508,0.317095957658075,0.347988389545944,4.72738781871234,4.75359019110636,4.34380542185368
"76083",76,4.15888308335967,"unpaired",4.02535169073515,4.20469261939097,4.11404503432899,0.133531392624522,0.0458095360312942,0.0448380490306803,4.48863636973214,4.31748811353631,3.76120011569356
"76083",77,4.90527477843843,"paired",4.51085950651685,4.47733681447821,4.49406690353703,0.39441527192158,0.427937963960223,0.411207874901402,4.72738781871234,4.70048036579242,4.8283137373023
"76083",78,4.15888308335967,"paired",4.38202663467388,4.27666611901606,4.32902585359983,0.22314355131421,0.117783035656384,0.170142770240158,4.46590811865458,4.06044301054642,3.71357206670431
"76083",79,3.91202300542815,"unpaired",3.76120011569356,3.8286413964891,3.79477093688459,0.150822889734584,0.0833816089390509,0.117252068543556,4.56434819146784,4.04305126783455,4.14313472639153
"76083",81,4.79579054559674,"paired",4.56434819146784,4.51085950651685,4.53752503359879,0.231442354128905,0.284931039079892,0.258265511997953,4.82028156560504,4.77912349311153,4.85203026391962
"76083",82,4.15888308335967,"paired",4.17438726989564,4.27666611901606,4.22521722575474,0.0155041865359653,0.117783035656384,0.0663341423950703,4.58496747867057,4.26267987704132,4.24849524204936
"76083",83,4.79579054559674,"unpaired",4.64439089914137,4.80402104473326,4.72353168925993,0.151399646455369,0.00823049913651541,0.0722588563368118,4.96284463025991,4.87519732320115,4.85203026391962
"76083",84,3.91202300542815,"unpaired",3.73766961828337,4.26267987704132,3.99155221297244,0.174353387144778,0.35065687161317,0.0795292075442982,3.78418963391826,4.44265125649032,3.76120011569356
"76083",85,4.15888308335967,"paired",3.76120011569356,3.89182029811063,3.82595281668662,0.397682967666109,0.267062785249045,0.332930266673056,4.02535169073515,4.4188406077966,4.17438726989564
"76083",87,3.91202300542815,"unpaired",4.02535169073515,4.06044301054642,4.04285927749616,0.113328685307004,0.148420005118273,0.130836272068012,4.7361984483945,3.78418963391826,3.76120011569356
"76083",88,4.90527477843843,"unpaired",4.78749174278205,4.83628190695148,4.81182498593791,0.117783035656384,0.0689928714869517,0.0934497925005155,4.77912349311153,4.89034912822175,4.77068462446567
"76083",89,3.91202300542815,"paired",4.04305126783455,4.0943445622221,4.06861708363463,0.131028262406404,0.182321556793954,0.156594078206484,4.0943445622221,3.66356164612965,4.0943445622221
"76083",90,5.01063529409626,"paired",4.9416424226093,4.9416424226093,4.9416424226093,0.0689928714869517,0.0689928714869517,0.0689928714869517,5.01063529409626,4.89034912822175,4.78749174278205
"76083",91,4.52178857704904,"unpaired",4.30406509320417,4.24849524204936,4.27618990106247,0.21772348384487,0.273293334999681,0.245598675986571,4.31748811353631,4.27666611901606,4.34380542185368
"76083",93,4.35670882668959,"paired",4.55387689160054,4.40671924726425,4.47969384533006,0.197168064910949,0.0500104205746617,0.122985018640468,4.68213122712422,4.8283137373023,4.07753744390572
"76083",94,4.35670882668959,"paired",4.07753744390572,4.12713438504509,4.10226096086684,0.279171382783872,0.2295744416445,0.254447865822747,4.21950770517611,4.11087386417331,4.44265125649032
"76083",95,4.15888308335967,"unpaired",4.24849524204936,4.00733318523247,4.12615268388927,0.0896121586896879,0.1515498981272,0.0327303994703971,4.8283137373023,4.40671924726425,3.76120011569356
"76083",96,4.52178857704904,"unpaired",4.55387689160054,4.39444915467244,4.4734528562148,0.0320883145515003,0.127339422376601,0.048335720834241,4.7361984483945,4.15888308335967,4.35670882668959
"76097",1,4.52178857704904,"paired",4.40671924726425,4.57471097850338,4.48992950052024,0.115069329784787,0.0529224014543423,0.0318590765287992,4.38202663467388,4.74493212836325,4.87519732320115
"76097",3,3.91202300542815,"unpaired",4.33073334028633,4.49980967033027,4.41446211494018,0.418710334858185,0.587786664902119,0.502439109512033,4.31748811353631,4.24849524204936,4.40671924726425
"76097",4,4.67282883446191,"unpaired",4.75359019110636,4.85203026391962,4.8025580131342,0.0807613566444587,0.179201429457711,0.129729178672294,4.34380542185368,4.39444915467244,4.89034912822175
"76097",5,3.91202300542815,"paired",4.29045944114839,4.36944785246702,4.32977352655109,0.378436435720245,0.457424847038876,0.417750521122947,3.66356164612965,3.91202300542815,4.40671924726425
"76097",6,4.35670882668959,"paired",4.48863636973214,4.53259949315326,4.51056436983191,0.131927543042548,0.175890666463665,0.153855543142321,4.60517018598809,4.49980967033027,4.51085950651685
"76097",7,3.91202300542815,"unpaired",4.39444915467244,4.36944785246702,4.38193067284947,0.482426149244293,0.457424847038876,0.469907667421323,4.26267987704132,3.91202300542815,4.17438726989564
"76097",9,4.90527477843843,"paired",4.89034912822175,4.98360662170834,4.9367576705639,0.0149256502166759,0.0783318432699067,0.0314828921254726,4.90527477843843,4.70953020131233,4.75359019110636
"76097",10,3.91202300542815,"paired",4.48863636973214,4.45434729625351,4.47145896519039,0.576613364303994,0.542324290825361,0.559435959762245,4.39444915467244,3.98898404656427,4.14313472639153
"76097",11,4.67282883446191,"unpaired",4.9272536851572,4.83628190695148,4.88155588398676,0.254424850695299,0.163453072489572,0.208727049524857,4.83628190695148,4.72738781871234,4.77068462446567
"76097",12,4.52178857704904,"unpaired",4.85203026391962,4.81218435537242,4.83206623793874,0.330241686870576,0.290395778323377,0.310277660889702,4.72738781871234,4.52178857704904,4.52178857704904
"76097",13,4.67282883446191,"paired",4.70953020131233,4.78749174278205,4.74835097177593,0.0367013668504281,0.11466290832014,0.0755221373140289,4.60517018598809,4.69134788222914,4.77068462446567
"76097",15,4.79579054559674,"unpaired",4.85203026391962,4.91265488573605,4.88224847603887,0.0562397183228756,0.116864340139311,0.0864579304421316,4.93447393313069,4.38202663467388,4.87519732320115
"76097",16,4.15888308335967,"unpaired",4.35670882668959,4.49980967033027,4.42768116615809,0.19782574332992,0.340926586970594,0.268798082798416,4.24849524204936,3.78418963391826,4.40671924726425
"76097",17,4.52178857704904,"paired",4.75359019110636,4.77068462446567,4.76212973738872,0.231801614057324,0.248896047416625,0.240341160339677,4.02535169073515,4.49980967033027,4.75359019110636
"76097",18,4.67282883446191,"paired",4.77068462446567,4.82028156560504,4.79541897550435,0.0978557900037593,0.147452731143131,0.122590141042449,4.67282883446191,4.7361984483945,4.89034912822175
"76097",19,4.90527477843843,"unpaired",4.89783979995091,4.91265488573605,4.90524174967772,0.00743497848751851,0.00738010729762273,3.30287607095414e-05,4.70048036579242,4.84418708645859,4.99721227376411
"76097",21,4.52178857704904,"paired",4.85981240436167,4.93447393313069,4.89700088107281,0.338023827312631,0.412685356081651,0.375212304023768,4.60517018598809,4.91265488573605,4.87519732320115
"76097",22,4.52178857704904,"paired",4.70048036579242,4.77912349311153,4.73963882010729,0.178691788743376,0.257334916062489,0.217850243058249,4.67282883446191,4.14313472639153,4.85981240436167
"76097",23,5.01063529409626,"unpaired",5.00394630594546,4.89783979995091,4.95060878822767,0.00668898815079633,0.112795494145344,0.0600265058685885,5.02388052084628,4.70048036579242,4.93447393313069
"76097",24,4.67282883446191,"unpaired",4.9272536851572,4.88280192258637,4.90497744815981,0.254424850695299,0.209973088124465,0.232148613697909,4.74493212836325,3.89182029811063,4.75359019110636
"76097",25,4.67282883446191,"paired",4.89034912822175,4.82028156560504,4.8551889512294,0.217520293759848,0.147452731143131,0.182360116767489,4.07753744390572,4.30406509320417,4.77068462446567
"76097",27,4.79579054559674,"unpaired",4.85981240436167,4.85203026391962,4.85591977517491,0.0640218587649306,0.0562397183228756,0.0601292295781723,4.79579054559674,4.8283137373023,4.85203026391962
"76097",28,5.01063529409626,"unpaired",4.98360662170834,4.91998092582813,4.95169158173606,0.0270286723879192,0.0906543682681304,0.0589437123601968,4.80402104473326,4.7361984483945,4.93447393313069
"76097",29,4.15888308335967,"paired",4.46590811865458,4.31748811353631,4.39107107872743,0.307025035294912,0.158605030176639,0.232187995367758,3.87120101090789,4.04305126783455,4.53259949315326
"76097",30,4.67282883446191,"paired",4.47733681447821,4.45434729625351,4.46582726199607,0.195492019983699,0.218481538208398,0.207001572465838,4.7361984483945,4.48863636973214,4.70953020131233
"76097",31,5.01063529409626,"unpaired",4.87519732320115,4.79579054559674,4.83533093288625,0.135437970895104,0.214844748499514,0.175304361210005,4.80402104473326,4.72738781871234,4.87519732320115
"76097",33,4.79579054559674,"paired",4.96284463025991,4.97673374242057,4.96978433433537,0.167054084663166,0.180943196823833,0.173993788738627,4.33073334028633,4.86753445045558,4.87519732320115
"76097",34,3.91202300542815,"paired",4.51085950651685,4.4188406077966,4.46461299145424,0.598836501088704,0.506817602368452,0.552589986026094,4.34380542185368,3.61091791264422,4.39444915467244
"76097",35,4.35670882668959,"unpaired",4.48863636973214,4.75359019110636,4.61921398276828,0.131927543042548,0.396881364416773,0.262505156078686,4.52178857704904,4.44265125649032,4.48863636973214
"76097",36,3.91202300542815,"unpaired",4.26267987704132,4.46590811865458,4.36311089362903,0.35065687161317,0.553885113226438,0.451087888200887,4.24849524204936,4.90527477843843,4.14313472639153
"76097",37,4.90527477843843,"paired",4.8283137373023,4.89034912822175,4.85923243691814,0.0769610411361281,0.0149256502166759,0.0460423415202866,4.86753445045558,4.83628190695148,4.9416424226093
"76097",39,4.35670882668959,"unpaired",4.39444915467244,4.60517018598809,4.49857602258071,0.0377403279828474,0.2484613592985,0.14186719589112,4.61512051684126,4.71849887129509,4.38202663467388
"76097",40,4.79579054559674,"unpaired",4.87519732320115,4.9272536851572,4.9011563917724,0.0794067776044098,0.131463139560464,0.105365846175654,4.38202663467388,4.49980967033027,4.85203026391962
"76097",41,3.91202300542815,"paired",4.17438726989564,4.24849524204936,4.21127824474031,0.262364264467491,0.336472236621213,0.299255239312165,3.97029191355212,4.60517018598809,4.40671924726425
"76097",42,4.35670882668959,"paired",4.47733681447821,4.48863636973214,4.48298303197854,0.120627987788615,0.131927543042548,0.12627420528895,4.55387689160054,3.52636052461616,4.38202663467388
"76097",43,4.15888308335967,"unpaired",4.35670882668959,4.48863636973214,4.42218064893463,0.19782574332992,0.329753286372468,0.263297565574962,4.7361984483945,4.89034912822175,4.51085950651685
"76097",45,4.79579054559674,"paired",4.69134788222914,4.86753445045558,4.77862924234787,0.104442663367598,0.0717439048588409,0.0171613032488702,4.65396035015752,4.78749174278205,4.85203026391962
"76097",46,4.67282883446191,"paired",4.70953020131233,4.7361984483945,4.72284550161473,0.0367013668504281,0.0633696139325899,0.0500166671528248,4.86753445045558,4.56434819146784,4.77068462446567
"76097",47,4.79579054559674,"unpaired",4.87519732320115,4.82028156560504,4.84766168226636,0.0794067776044098,0.0244910200082957,0.0518711366696198,5.05624580534831,4.51085950651685,4.85203026391962
"76097",48,4.90527477843843,"unpaired",4.99721227376411,4.72738781871234,4.8604280089836,0.0919374953256851,0.177886959726089,0.0448467694548302,4.60517018598809,4.74493212836325,4.75359019110636
"76097",49,4.35670882668959,"paired",4.4188406077966,4.36944785246702,4.3940748291456,0.0621317811070066,0.0127390257774298,0.0373660024560065,4.60517018598809,4.11087386417331,4.51085950651685
"76097",51,5.01063529409626,"unpaired",4.93447393313069,4.88280192258637,4.90856993508729,0.076161360965564,0.127833371509885,0.102065359008964,4.8283137373023,4.74493212836325,4.98360662170834
"76097",52,4.35670882668959,"unpaired",4.53259949315326,4.71849887129509,4.62461518317755,0.175890666463665,0.361790044605502,0.267906356487962,3.97029191355212,4.75359019110636,4.39444915467244
"76097",53,3.91202300542815,"paired",4.33073334028633,4.36944785246702,4.35004752770834,0.418710334858185,0.457424847038876,0.438024522280193,4.33073334028633,4.53259949315326,4.40671924726425
"76097",54,4.52178857704904,"paired",4.75359019110636,4.77068462446567,4.76212973738872,0.231801614057324,0.248896047416625,0.240341160339677,4.45434729625351,4.72738781871234,4.75359019110636
"76097",55,4.79579054559674,"unpaired",4.85203026391962,4.85203026391962,4.85203026391962,0.0562397183228756,0.0562397183228756,0.0562397183228747,4.69134788222914,4.60517018598809,4.86753445045558
"76097",57,4.15888308335967,"paired",4.40671924726425,4.53259949315326,4.46921619824088,0.247836163904582,0.373716409793585,0.310333114881207,3.55534806148941,4.4188406077966,4.35670882668959
"76097",58,4.79579054559674,"paired",4.86753445045558,4.85203026391962,4.85977617429875,0.0717439048588409,0.0562397183228756,0.0639856287020111,4.90527477843843,5.02388052084628,4.85203026391962
"76097",59,4.90527477843843,"unpaired",4.86753445045558,4.84418708645859,4.85584673643941,0.0377403279828474,0.0610876919798384,0.0494280419990227,4.89783979995091,4.77912349311153,4.89783979995091
"76097",60,5.01063529409626,"unpaired",4.91998092582813,4.90527477843843,4.91262234920036,0.0906543682681304,0.105360515657826,0.0980129448958964,5.04342511691925,4.31748811353631,4.87519732320115
"76097",61,3.91202300542815,"paired",4.40671924726425,4.44265125649032,4.42464877711877,0.494696241836107,0.530628251062171,0.51262577169062,3.95124371858143,4.30406509320417,4.39444915467244
"76097",63,4.15888308335967,"unpaired",4.51085950651685,4.48863636973214,4.49973421878487,0.351976423157178,0.329753286372468,0.340851135425201,4.24849524204936,4.21950770517611,4.51085950651685
"76097",64,4.90527477843843,"unpaired",4.85981240436167,4.84418708645859,4.85199345545932,0.0454623740767577,0.0610876919798384,0.0532813229791085,4.72738781871234,4.84418708645859,4.9416424226093
"76097",65,4.67282883446191,"paired",4.56434819146784,4.54329478227,4.55380931998249,0.10848064299407,0.129534052191902,0.119019514479421,4.17438726989564,4.35670882668959,4.47733681447821
"76097",66,4.15888308335967,"paired",4.52178857704904,4.70953020131233,4.61470474327032,0.362905493689369,0.550647117952662,0.455821659910647,3.93182563272433,4.0943445622221,4.68213122712422
"76097",67,4.67282883446191,"unpaired",4.67282883446191,4.77912349311153,4.72567731251996,0,0.106294658649624,0.0528484780580536,4.81218435537242,4.78749174278205,4.70953020131233
"76097",69,4.79579054559674,"paired",4.7361984483945,4.80402104473326,4.76998920524147,0.0595920972022457,0.00823049913651541,0.0258013403552706,4.76217393479776,4.63472898822964,4.85203026391962
"76097",70,4.52178857704904,"paired",4.7361984483945,4.76217393479776,4.74916843257573,0.214409871345455,0.240385357748716,0.227379855526692,4.12713438504509,4.67282883446191,4.70048036579242
"76097",71,4.67282883446191,"unpaired",4.70953020131233,4.82028156560504,4.76458409643969,0.0367013668504281,0.147452731143131,0.0917552619777844,4.26267987704132,4.81218435537242,4.89034912822175
"76097",72,3.91202300542815,"unpaired",4.14313472639153,4.46590811865458,4.30149497399121,0.231111720963387,0.553885113226438,0.389471968563069,4.18965474202643,3.68887945411394,4.39444915467244
"76097",73,4.35670882668959,"paired",4.38202663467388,4.46590811865458,4.42376856582153,0.0253178079842895,0.109199291964992,0.0670597391319427,3.93182563272433,4.00733318523247,4.72738781871234
"76097",75,4.52178857704904,"unpaired",4.47733681447821,4.78749174278205,4.6298178181186,0.0444517625708336,0.265703165733005,0.10802924106956,4.17438726989564,4.75359019110636,4.85981240436167
"76097",76,4.15888308335967,"unpaired",4.51085950651685,4.51085950651685,4.51085950651685,0.351976423157178,0.351976423157178,0.351976423157178,3.68887945411394,4.02535169073515,4.53259949315326
"76097",77,4.90527477843843,"paired",4.75359019110636,4.80402104473326,4.7787390927014,0.151684587332065,0.101253733705173,0.126535685737034,5.14166355650266,4.96284463025991,4.89034912822175
"76097",78,4.15888308335967,"paired",4.57471097850338,4.71849887129509,4.64604870708105,0.415827895143711,0.559615787935423,0.487165623721377,4.14313472639153,4.31748811353631,4.46590811865458
"76097",79,3.91202300542815,"unpaired",4.04305126783455,4.55387689160054,4.29086911244657,0.131028262406404,0.641853886172395,0.378846107018426,4.38202663467388,3.76120011569356,4.77068462446567
"76097",81,4.79579054559674,"paired",4.84418708645859,4.86753445045558,4.85584673643941,0.0483965408618499,0.0717439048588409,0.0600561908426656,4.70048036579242,5.04342511691925,4.85203026391962
"76097",82,4.15888308335967,"paired",4.68213122712422,4.70048036579242,4.69129682530971,0.523248143764548,0.541597282432745,0.532413741950037,4.48863636973214,4.0943445622221,4.52178857704904
"76097",83,4.79579054559674,"unpaired",4.86753445045558,4.8283137373023,4.84788443075192,0.0717439048588409,0.0325231917055602,0.0520938851551813,4.56434819146784,4.70048036579242,4.84418708645859
"76097",84,3.91202300542815,"unpaired",4.40671924726425,4.48863636973214,4.44748921128191,0.494696241836107,0.576613364303994,0.535466205853762,4.23410650459726,4.48863636973214,4.17438726989564
"76097",85,4.15888308335967,"paired",4.36944785246702,4.38202663467388,4.37573272359374,0.21056476910735,0.22314355131421,0.216849640234067,4.17438726989564,3.73766961828337,4.51085950651685
"76097",87,3.91202300542815,"unpaired",4.77068462446567,4.45434729625351,4.60980326676387,0.858661619037519,0.542324290825361,0.69778026133572,4.30406509320417,4.04305126783455,4.29045944114839
"76097",88,4.90527477843843,"unpaired",4.9416424226093,4.74493212836325,4.84228849800605,0.0363676441708742,0.160342650075179,0.0629862804323791,4.81218435537242,4.65396035015752,4.89783979995091
"76097",89,3.91202300542815,"paired",4.35670882668959,4.33073334028633,4.34370166674282,0.444685821261446,0.418710334858185,0.431678661314674,3.68887945411394,3.58351893845611,4.33073334028633
"76097",90,5.01063529409626,"paired",4.87519732320115,4.83628190695148,4.85570062987989,0.135437970895104,0.174353387144778,0.154934664216362,4.49980967033027,5.06259503302697,4.91998092582813
"76097",91,4.52178857704904,"unpaired",4.52178857704904,4.66343909411207,4.59206768520673,0,0.141650517063026,0.0702791081576866,4.02535169073515,4.63472898822964,4.85981240436167
"76097",93,4.35670882668959,"paired",4.72738781871234,4.7361984483945,4.73179108287173,0.370678992022749,0.379489621704904,0.375082256182139,4.31748811353631,4.40671924726425,4.47733681447821
"76097",94,4.35670882668959,"paired",4.51085950651685,4.70048036579242,4.60469396846637,0.154150679827258,0.343771539102825,0.247985141776773,4.24849524204936,4.68213122712422,4.72738781871234
"76097",95,4.15888308335967,"unpaired",4.53259949315326,4.70048036579242,4.61577674108785,0.373716409793585,0.541597282432745,0.456893657728175,4.4188406077966,3.40119738166216,4.36944785246702
"76097",96,4.52178857704904,"unpaired",4.87519732320115,4.66343909411207,4.76814280286641,0.353408746152111,0.141650517063026,0.24635422581737,4.51085950651685,4.53259949315326,4.75359019110636
"76102",1,4.52178857704904,"paired",4.38202663467388,4.46590811865458,4.42376856582153,0.139761942375159,0.0558804583944568,0.098020011227506,4.30406509320417,4.57471097850338,4.45434729625351
"76102",3,3.91202300542815,"unpaired",4.04305126783455,3.91202300542815,3.97699755744132,0.131028262406404,0,0.0649745520131697,3.87120101090789,4.23410650459726,3.95124371858143
"76102",4,4.67282883446191,"unpaired",4.54329478227,4.51085950651685,4.52704809555974,0.129534052191902,0.161969327945056,0.145780738902168,4.76217393479776,4.71849887129509,4.69134788222914
"76102",5,3.91202300542815,"paired",3.76120011569356,3.93182563272433,3.84556667146594,0.150822889734584,0.0198026272961798,0.0664563339622037,4.04305126783455,4.59511985013459,3.55534806148941
"76102",6,4.35670882668959,"paired",4.39444915467244,4.40671924726425,4.40057992439851,0.0377403279828474,0.0500104205746617,0.0438710977089141,4.69134788222914,4.64439089914137,4.30406509320417
"76102",7,3.91202300542815,"unpaired",3.95124371858143,3.85014760171006,3.90036812709624,0.0392207131532816,0.0618754037180875,0.0116548783319077,4.15888308335967,3.58351893845611,3.8286413964891
"76102",9,4.90527477843843,"paired",4.83628190695148,4.80402104473326,4.82012448586731,0.0689928714869517,0.101253733705173,0.0851502925711216,4.79579054559674,4.55387689160054,4.9416424226093
"76102",10,3.91202300542815,"paired",3.66356164612965,3.98898404656427,3.82281165636183,0.2484613592985,0.0769610411361286,0.0892113490663111,4.48863636973214,4.43081679884331,3.87120101090789
"76102",11,4.67282883446191,"unpaired",4.54329478227,4.68213122712422,4.61219062638319,0.129534052191902,0.00930239266231414,0.0606382080787204,4.91265488573605,4.23410650459726,4.48863636973214
"76102",12,4.52178857704904,"unpaired",4.0943445622221,4.44265125649032,4.26494372927244,0.42744401482694,0.0791373205587238,0.2568448477766,4.66343909411207,4.66343909411207,4.45434729625351
"76102",13,4.67282883446191,"paired",4.04305126783455,4.02535169073515,4.03419177242564,0.629777566627356,0.647477143726756,0.63863706203627,4.55387689160054,4.68213122712422,4.45434729625351
"76102",15,4.79579054559674,"unpaired",4.66343909411207,5.01063529409626,4.8339210292294,0.132351451484674,0.214844748499514,0.0381304836326555,4.69134788222914,4.0943445622221,4.70048036579242
"76102",16,4.15888308335967,"unpaired",3.49650756146648,4.15888308335967,3.81334054973092,0.662375521893191,0,0.345542533628751,4.34380542185368,4.47733681447821,4.0943445622221
"76102",17,4.52178857704904,"paired",4.02535169073515,3.97029191355212,3.99772701255715,0.496436886313891,0.551496663496919,0.52406156449189,4.21950770517611,4.65396035015752,4.70953020131233
"76102",18,4.67282883446191,"paired",4.79579054559674,4.76217393479776,4.77895268160193,0.122961711134836,0.0893451003358505,0.106123847140029,4.46590811865458,4.79579054559674,4.54329478227
"76102",19,4.90527477843843,"unpaired",5.12989871492307,4.91265488573605,5.02010179032238,0.224623936484644,0.00738010729762273,0.114827011883947,4.72738781871234,4.56434819146784,4.9416424226093
"76102",21,4.52178857704904,"paired",3.71357206670431,3.89182029811063,3.80165163418434,0.808216510344733,0.629968278938414,0.720136942864702,4.75359019110636,4.52178857704904,4.38202663467388
"76102",22,4.52178857704904,"paired",4.52178857704904,4.33073334028633,4.42522999948615,0,0.191055236762709,0.0965585775628934,4.61512051684126,4.0943445622221,4.02535169073515
"76102",23,5.01063529409626,"unpaired",5.03043792139244,4.66343909411207,4.84346372579844,0.0198026272961798,0.347196199984189,0.167171568297813,4.44265125649032,4.86753445045558,4.99721227376411
"76102",24,4.67282883446191,"unpaired",4.69134788222914,4.44265125649032,4.56530640413308,0.0185190477672377,0.230177577971589,0.107522430328828,4.69134788222914,4.89034912822175,4.54329478227
"76102",25,4.67282883446191,"paired",4.67282883446191,4.85203026391962,4.76158659723053,0,0.179201429457711,0.0887577627686218,4.43081679884331,4.53259949315326,4.74493212836325
"76102",27,4.79579054559674,"unpaired",4.82028156560504,4.65396035015752,4.73639095545554,0.0244910200082957,0.141830195439218,0.0593995901411981,4.77068462446567,4.48863636973214,4.63472898822964
"76102",28,5.01063529409626,"unpaired",5.11198778835654,4.81218435537242,4.95982133347404,0.101352494260288,0.198450938723838,0.0508139606222153,4.969813299576,4.8283137373023,5.03043792139244
"76102",29,4.15888308335967,"paired",3.61091791264422,3.8286413964891,3.718186358922,0.547965170715447,0.330241686870576,0.440696724437668,4.43081679884331,4.48863636973214,3.49650756146648
"76102",30,4.67282883446191,"paired",4.45434729625351,4.55387689160054,4.50383716619198,0.218481538208398,0.118951942861365,0.168991668269927,4.36944785246702,4.84418708645859,4.79579054559674
"76102",31,5.01063529409626,"unpaired",4.99721227376411,4.65396035015752,4.82253333668298,0.0134230203321408,0.356674943938732,0.188101957413271,4.74493212836325,4.87519732320115,4.81218435537242
"76102",33,4.79579054559674,"paired",4.82028156560504,4.7361984483945,4.77805505115242,0.0244910200082957,0.0595920972022457,0.0177354944443211,4.93447393313069,4.34380542185368,4.49980967033027
"76102",34,3.91202300542815,"paired",3.87120101090789,4.15888308335967,4.01246462869764,0.0408219945202548,0.246860077931526,0.100441623269493,3.85014760171006,4.60517018598809,3.61091791264422
"76102",35,4.35670882668959,"unpaired",4.39444915467244,4.30406509320417,4.34902232811999,0.0377403279828474,0.0526437334854215,0.00768649856960124,4.56434819146784,4.61512051684126,4.40671924726425
"76102",36,3.91202300542815,"unpaired",3.85014760171006,3.68887945411394,3.76865100311163,0.0618754037180875,0.22314355131421,0.143372002316517,3.43398720448515,4.0943445622221,3.95124371858143
"76102",37,4.90527477843843,"paired",4.80402104473326,4.98360662170834,4.89298999481491,0.101253733705173,0.0783318432699067,0.0122847836235147,4.44265125649032,4.70953020131233,4.9416424226093
"76102",39,4.35670882668959,"unpaired",4.40671924726425,4.4188406077966,4.41277576554374,0.0500104205746617,0.0621317811070066,0.0560669388541486,4.27666611901606,4.56434819146784,4.35670882668959
"76102",40,4.79579054559674,"unpaired",4.63472898822964,4.55387689160054,4.59412507865536,0.161061557367105,0.241913653996201,0.201665466941384,4.77912349311153,5.05624580534831,4.84418708645859
"76102",41,3.91202300542815,"paired",3.55534806148941,3.76120011569356,3.65682588322234,0.356674943938732,0.150822889734584,0.255197122205804,4.18965474202643,3.71357206670431,3.43398720448515
"76102",42,4.35670882668959,"paired",4.67282883446191,4.47733681447821,4.5740385403155,0.316120007772314,0.120627987788615,0.217329713625912,4.65396035015752,4.4188406077966,4.14313472639153
"76102",43,4.15888308335967,"unpaired",4.15888308335967,4.30406509320417,4.23085139254568,0,0.145182009844499,0.0719683091860048,4.39444915467244,4.80402104473326,4.0943445622221
"76102",45,4.79579054559674,"paired",4.84418708645859,4.7361984483945,4.78988844991382,0.0483965408618499,0.0595920972022457,0.0059020956829201,4.30406509320417,4.87519732320115,4.66343909411207
"76102",46,4.67282883446191,"paired",4.74493212836325,4.67282883446191,4.70874247193245,0.0721032939013444,0,0.0359136374705411,4.48863636973214,4.55387689160054,4.45434729625351
"76102",47,4.79579054559674,"unpaired",4.71849887129509,4.91265488573605,4.81459827331501,0.0772916743016472,0.116864340139311,0.0188077277182703,4.87519732320115,4.58496747867057,4.84418708645859
"76102",48,4.90527477843843,"unpaired",4.74493212836325,4.65396035015752,4.6992261053913,0.160342650075179,0.251314428280907,0.206048673047127,4.98360662170834,4.43081679884331,4.89034912822175
"76102",49,4.35670882668959,"paired",3.85014760171006,4.0943445622221,3.97036911342183,0.506561224979533,0.262364264467491,0.386339713267763,3.46573590279973,3.55534806148941,4.39444915467244
"76102",51,5.01063529409626,"unpaired",4.85981240436167,4.65396035015752,4.75577272786483,0.150822889734584,0.356674943938732,0.254862566231421,4.74493212836325,5.01727983681492,4.969813299576
"76102",52,4.35670882668959,"unpaired",4.14313472639153,4.00733318523247,4.07466824170482,0.213574100298059,0.34937564145712,0.282040584984772,4.15888308335967,4.7361984483945,4.39444915467244
"76102",53,3.91202300542815,"paired",3.8286413964891,4.06044301054642,3.94283910377571,0.0833816089390509,0.148420005118273,0.0308160983475623,4.60517018598809,4.11087386417331,3.55534806148941
"76102",54,4.52178857704904,"paired",4.04305126783455,4.12713438504509,4.08487648625759,0.47873730921449,0.394654192003949,0.436912090791455,4.56434819146784,4.64439089914137,4.70953020131233
"76102",55,4.79579054559674,"unpaired",4.83628190695148,4.35670882668959,4.59023660309299,0.0404913613547366,0.43908171890715,0.205553942503751,4.74493212836325,4.969813299576,4.71849887129509
"76102",57,4.15888308335967,"paired",4.15888308335967,4.02535169073515,4.09157268677604,0,0.133531392624522,0.0673103965836352,3.52636052461616,3.71357206670431,4.11087386417331
"76102",58,4.79579054559674,"paired",4.74493212836325,4.65396035015752,4.6992261053913,0.0508584172334912,0.141830195439218,0.0965644402054391,4.83628190695148,4.84418708645859,4.48863636973214
"76102",59,4.90527477843843,"unpaired",4.89034912822175,4.72738781871234,4.80817812669269,0.0149256502166759,0.177886959726089,0.0970966517457388,4.62497281328427,4.74493212836325,4.80402104473326
"76102",60,5.01063529409626,"unpaired",4.969813299576,4.69134788222914,4.82857360905269,0.0408219945202548,0.319287411867112,0.182061685043568,4.91998092582813,4.66343909411207,4.85981240436167
"76102",61,3.91202300542815,"paired",4.00733318523247,3.87120101090789,3.93867900160913,0.0953101798043252,0.0408219945202548,0.0266559961809829,4.48863636973214,4.7361984483945,3.61091791264422
"76102",63,4.15888308335967,"unpaired",4.29045944114839,4.44265125649032,4.36589223723383,0.131576357788719,0.283768173130645,0.207009153874162,4.15888308335967,4.17438726989564,4.0943445622221
"76102",64,4.90527477843843,"unpaired",4.87519732320115,4.8283137373023,4.85169889911478,0.0300774552372784,0.0769610411361281,0.0535758793236543,4.8283137373023,4.60517018598809,4.83628190695148
"76102",65,4.67282883446191,"paired",4.48863636973214,4.66343909411207,4.5752029819301,0.184192464729766,0.00938974034983886,0.0976258525318006,4.55387689160054,4.7361984483945,4.67282883446191
"76102",66,4.15888308335967,"paired",3.98898404656427,4.00733318523247,3.9981480894484,0.169899036795397,0.1515498981272,0.160734993911267,3.95124371858143,4.46590811865458,4.0943445622221
"76102",67,4.67282883446191,"unpaired",4.46590811865458,4.4188406077966,4.44231202701919,0.206920715807322,0.253988226665308,0.230516807442712,4.64439089914137,4.15888308335967,4.69134788222914
"76102",69,4.79579054559674,"paired",4.48863636973214,4.65396035015752,4.57055091766938,0.307154175864602,0.141830195439218,0.225239627927364,4.70953020131233,4.8283137373023,4.66343909411207
"76102",70,4.52178857704904,"paired",4.45434729625351,4.11087386417331,4.27916579278247,0.0674412807955331,0.410914712875729,0.242622784266573,4.45434729625351,4.68213122712422,4.38202663467388
"76102",71,4.67282883446191,"unpaired",4.85981240436167,4.87519732320115,4.86749878531097,0.186983569899766,0.202368488739245,0.194669950849065,4.85981240436167,4.66343909411207,4.45434729625351
"76102",72,3.91202300542815,"unpaired",3.43398720448515,4.00733318523247,3.70959982777078,0.478035800943,0.0953101798043252,0.202423177657365,4.36944785246702,3.97029191355212,3.93182563272433
"76102",73,4.35670882668959,"paired",4.11087386417331,3.98898404656427,4.04947036803893,0.24583496251628,0.367724780125317,0.307238458650659,4.17438726989564,4.68213122712422,4.39444915467244
"76102",75,4.52178857704904,"unpaired",4.70953020131233,4.70953020131233,4.70953020131233,0.187741624263293,0.187741624263293,0.187741624263293,4.75359019110636,4.45434729625351,4.52178857704904
"76102",76,4.15888308335967,"unpaired",4.11087386417331,4.14313472639153,4.12697277219899,0.0480092191863601,0.0157483569681389,0.0319103111606838,4.33073334028633,4.26267987704132,4.15888308335967
"76102",77,4.90527477843843,"paired",4.78749174278205,4.68213122712422,4.73451841146269,0.117783035656384,0.22314355131421,0.170756366975742,4.7361984483945,5.04985600724954,4.87519732320115
"76102",78,4.15888308335967,"paired",4.06044301054642,4.26267987704132,4.16033276468713,0.0984400728132524,0.103796793681644,0.00144968132746115,4.40671924726425,3.68887945411394,4.15888308335967
"76102",79,3.91202300542815,"unpaired",3.95124371858143,3.8286413964891,3.88945950854079,0.0392207131532816,0.0833816089390509,0.0225634968873565,4.04305126783455,3.89182029811063,3.87120101090789
"76102",81,4.79579054559674,"paired",4.70048036579242,4.75359019110636,4.72696068952545,0.0953101798043248,0.0422003544903768,0.0688298560712939,4.45434729625351,4.91998092582813,4.63472898822964
"76102",82,4.15888308335967,"paired",4.02535169073515,4.29045944114839,4.15579212250291,0.133531392624522,0.131576357788719,0.00309096085675886,3.80666248977032,4.12713438504509,4.11087386417331
"76102",83,4.79579054559674,"unpaired",4.49980967033027,4.4188406077966,4.45914136338053,0.295980875266476,0.376949937800143,0.336649182216209,5.00394630594546,4.40671924726425,4.84418708645859
"76102",84,3.91202300542815,"unpaired",4.00733318523247,4.02535169073515,4.01633233342494,0.0953101798043252,0.113328685307004,0.104309327996791,4.39444915467244,4.47733681447821,3.8286413964891
"76102",85,4.15888308335967,"paired",4.0943445622221,4.04305126783455,4.06861708363463,0.0645385211375711,0.115831815525121,0.0902659997250419,4.46590811865458,4.24849524204936,3.49650756146648
"76102",87,3.91202300542815,"unpaired",3.61091791264422,3.78418963391826,3.69653866934434,0.301105092783922,0.127833371509885,0.215484336083804,4.20469261939097,3.68887945411394,3.55534806148941
"76102",88,4.90527477843843,"unpaired",4.9416424226093,4.34380542185368,4.63309110078708,0.0363676441708742,0.561469356584746,0.272183677651347,4.89783979995091,4.80402104473326,4.74493212836325
"76102",89,3.91202300542815,"paired",3.93182563272433,3.91202300542815,3.92191182059842,0.0198026272961798,0,0.00988881517027718,3.78418963391826,3.91202300542815,3.55534806148941
"76102",90,5.01063529409626,"paired",4.81218435537242,5.03695260241363,4.92328594660997,0.198450938723838,0.026317308317374,0.087349347486283,5.0998664278242,4.57471097850338,4.99721227376411
"76102",91,4.52178857704904,"unpaired",4.33073334028633,4.43081679884331,4.38048924612896,0.191055236762709,0.0909717782057271,0.141299330920077,4.75359019110636,4.66343909411207,4.38202663467388
"76102",93,4.35670882668959,"paired",4.30406509320417,4.14313472639153,4.2228333559713,0.0526437334854215,0.213574100298059,0.133875470718295,4.0943445622221,4.33073334028633,4.67282883446191
"76102",94,4.35670882668959,"paired",4.35670882668959,4.21950770517611,4.28755949969508,0,0.137201121513485,0.0691493269945154,4.33073334028633,3.91202300542815,3.85014760171006
"76102",95,4.15888308335967,"unpaired",4.36944785246702,4.34380542185368,4.3566077711969,0.21056476910735,0.184922338494013,0.197724687837225,4.69134788222914,3.68887945411394,4.11087386417331
"76102",96,4.52178857704904,"unpaired",4.49980967033027,4.48863636973214,4.49421954772092,0.0219789067187754,0.0331522073169008,0.0275690293281228,4.72738781871234,4.72738781871234,4.04305126783455
"76113",1,4.52178857704904,"paired",4.04305126783455,4.12713438504509,4.08487648625759,0.47873730921449,0.394654192003949,0.436912090791455,4.46590811865458,4.84418708645859,4.70953020131233
"76113",3,3.91202300542815,"unpaired",3.87120101090789,4.43081679884331,4.14156763446281,0.0408219945202548,0.518793793415167,0.229544629034667,4.31748811353631,3.71357206670431,4.21950770517611
"76113",4,4.67282883446191,"unpaired",4.48863636973214,4.76217393479776,4.62338264939466,0.184192464729766,0.0893451003358505,0.049446185067243,4.75359019110636,4.21950770517611,4.66343909411207
"76113",5,3.91202300542815,"paired",4.34380542185368,4.24849524204936,4.29588601654345,0.431782416425538,0.336472236621213,0.383863011115309,4.17438726989564,3.78418963391826,4.11087386417331
"76113",6,4.35670882668959,"paired",4.38202663467388,4.40671924726425,4.39435559701784,0.0253178079842895,0.0500104205746617,0.0376467703282461,4.60517018598809,4.00733318523247,4.17438726989564
"76113",7,3.91202300542815,"unpaired",4.47733681447821,4.0943445622221,4.28156042110767,0.565313809050061,0.182321556793954,0.369537415679522,4.23410650459726,4.33073334028633,4.21950770517611
"76113",9,4.90527477843843,"paired",4.80402104473326,4.86753445045558,4.83567347284251,0.101253733705173,0.0377403279828474,0.0696013055959197,4.7361984483945,4.38202663467388,4.93447393313069
"76113",10,3.91202300542815,"paired",4.31748811353631,4.36944785246702,4.34339028475949,0.405465108108164,0.457424847038876,0.431367279331343,4.60517018598809,4.24849524204936,4.27666611901606
"76113",11,4.67282883446191,"unpaired",4.65396035015752,4.86753445045558,4.75954959375843,0.0188684843043827,0.194705615993676,0.0867207592965276,4.51085950651685,4.89034912822175,4.77068462446567
"76113",12,4.52178857704904,"unpaired",4.53259949315326,4.9272536851572,4.72580866688243,0.0108109161042158,0.405465108108165,0.204020089833387,4.64439089914137,4.43081679884331,4.04305126783455
"76113",13,4.67282883446191,"paired",4.44265125649032,4.53259949315326,4.48740000818121,0.230177577971589,0.14022934130865,0.1854288262807,4.61512051684126,4.51085950651685,4.65396035015752
"76113",15,4.79579054559674,"unpaired",4.76217393479776,4.90527477843843,4.83319477084261,0.033616610798985,0.109484232841688,0.037404225245866,4.9416424226093,4.87519732320115,4.72738781871234
"76113",16,4.15888308335967,"unpaired",4.56434819146784,4.29045944114839,4.42528539088405,0.405465108108165,0.131576357788719,0.266402307524374,4.12713438504509,4.35670882668959,4.40671924726425
"76113",17,4.52178857704904,"paired",4.70953020131233,4.68213122712422,4.69581073092273,0.187741624263293,0.160342650075179,0.174022153873692,4.45434729625351,4.58496747867057,4.31748811353631
"76113",18,4.67282883446191,"paired",4.51085950651685,4.51085950651685,4.51085950651685,0.161969327945056,0.161969327945056,0.161969327945056,4.38202663467388,4.61512051684126,4.79579054559674
"76113",19,4.90527477843843,"unpaired",4.82028156560504,4.46590811865458,4.6397127689154,0.0849932128333926,0.439366659783846,0.265562009523035,4.89034912822175,4.83628190695148,4.93447393313069
"76113",21,4.52178857704904,"paired",4.74493212836325,4.68213122712422,4.71342708533765,0.22314355131421,0.160342650075179,0.191638508288608,4.38202663467388,4.80402104473326,4.04305126783455
"76113",22,4.52178857704904,"paired",4.65396035015752,4.72738781871234,4.69053040370755,0.132171773108483,0.2055992416633,0.168741826658508,4.67282883446191,4.83628190695148,4.04305126783455
"76113",23,5.01063529409626,"unpaired",4.91265488573605,4.87519732320115,4.8938902673386,0.0979804083602032,0.135437970895104,0.116745026757657,4.77912349311153,4.85981240436167,4.89034912822175
"76113",24,4.67282883446191,"unpaired",4.65396035015752,4.8283137373023,4.74033550411,0.0188684843043827,0.155484902840396,0.0675066696480933,4.77912349311153,4.67282883446191,4.69134788222914
"76113",25,4.67282883446191,"paired",4.69134788222914,4.57471097850338,4.63266237284914,0.0185190477672377,0.098117855958523,0.0401664616127615,4.65396035015752,4.94875989037817,4.66343909411207
"76113",27,4.79579054559674,"unpaired",4.72738781871234,4.69134788222914,4.70933337445885,0.0684027268844005,0.104442663367598,0.0864571711378899,4.46590811865458,4.82028156560504,4.8283137373023
"76113",28,5.01063529409626,"unpaired",4.89783979995091,4.89783979995091,4.89783979995091,0.112795494145344,0.112795494145344,0.112795494145344,4.82028156560504,4.68213122712422,4.91265488573605
"76113",29,4.15888308335967,"paired",4.38202663467388,4.33073334028633,4.35630449404135,0.22314355131421,0.17185025692666,0.197421410681682,4.18965474202643,4.64439089914137,4.47733681447821
"76113",30,4.67282883446191,"paired",4.67282883446191,4.56434819146784,4.61827000505763,0,0.10848064299407,0.0545588294042805,4.77912349311153,4.72738781871234,4.78749174278205
"76113",31,5.01063529409626,"unpaired",4.84418708645859,4.56434819146784,4.70218636032315,0.166448207637664,0.446287102628419,0.308448933773101,4.74493212836325,4.78749174278205,5.04985600724954
"76113",33,4.79579054559674,"paired",4.8283137373023,4.88280192258637,4.85548139728182,0.0325231917055602,0.0870113769896292,0.0596908516850831,4.78749174278205,4.9416424226093,4.86753445045558
"76113",34,3.91202300542815,"paired",4.43081679884331,4.31748811353631,4.37378541566262,0.518793793415167,0.405465108108164,0.46176241023447,4.18965474202643,4.04305126783455,4.36944785246702
"76113",35,4.35670882668959,"unpaired",4.53259949315326,4.65396035015752,4.5928790887938,0.175890666463665,0.297251523467931,0.236170262104206,4.75359019110636,4.60517018598809,4.70953020131233
"76113",36,3.91202300542815,"unpaired",4.21950770517611,4.27666611901606,4.24799077702081,0.307484699747961,0.364643113587909,0.335967771592661,4.81218435537242,3.93182563272433,3.76120011569356
"76113",37,4.90527477843843,"paired",4.56434819146784,4.66343909411207,4.61362761774624,0.340926586970594,0.241835684326363,0.291647160692192,4.66343909411207,4.23410650459726,4.969813299576
"76113",39,4.35670882668959,"unpaired",4.56434819146784,4.72738781871234,4.64515274675728,0.207639364778244,0.370678992022749,0.288443920067693,4.60517018598809,4.38202663467388,4.17438726989564
"76113",40,4.79579054559674,"unpaired",4.86753445045558,4.99043258677874,4.92860046451543,0.0717439048588409,0.194642041181995,0.132809918918684,4.44265125649032,4.78749174278205,4.86753445045558
"76113",41,3.91202300542815,"paired",4.36944785246702,4.31748811353631,4.34339028475949,0.457424847038876,0.405465108108164,0.431367279331343,3.43398720448515,4.43081679884331,4.21950770517611
"76113",42,4.35670882668959,"paired",4.43081679884331,4.53259949315326,4.48141919225284,0.0741079721537217,0.175890666463665,0.124710365563252,3.98898404656427,4.29045944114839,4.53259949315326
"76113",43,4.15888308335967,"unpaired",4.53259949315326,4.53259949315326,4.53259949315326,0.373716409793585,0.373716409793585,0.373716409793585,3.68887945411394,3.52636052461616,4.56434819146784
"76113",45,4.79579054559674,"paired",4.8283137373023,4.89034912822175,4.85923243691814,0.0325231917055602,0.0945585826250124,0.0634418913214017,5.02388052084628,4.67282883446191,4.79579054559674
"76113",46,4.67282883446191,"paired",4.78749174278205,4.82028156560504,4.80385867748195,0.11466290832014,0.147452731143131,0.131029843020044,4.60517018598809,4.79579054559674,4.65396035015752
"76113",47,4.79579054559674,"unpaired",4.86753445045558,4.91998092582813,4.89368742892849,0.0717439048588409,0.124190380231384,0.0978968833317495,4.80402104473326,4.89783979995091,4.66343909411207
"76113",48,4.90527477843843,"unpaired",4.98360662170834,4.96284463025991,4.97321479144757,0.0783318432699067,0.0575698518214773,0.0679400130091441,4.62497281328427,4.78749174278205,4.82028156560504
"76113",49,4.35670882668959,"paired",4.17438726989564,4.11087386417331,4.14250884449892,0.182321556793955,0.24583496251628,0.214199982190674,4.39444915467244,4.57471097850338,4.68213122712422
"76113",51,5.01063529409626,"unpaired",4.89034912822175,4.85981240436167,4.87505685659064,0.120286165874502,0.150822889734584,0.135578437505619,4.97673374242057,4.77912349311153,5.04985600724954
"76113",52,4.35670882668959,"unpaired",4.51085950651685,4.53259949315326,4.52171643437797,0.154150679827258,0.175890666463665,0.165007607688378,4.02535169073515,5.03695260241363,4.43081679884331
"76113",53,3.91202300542815,"paired",4.33073334028633,4.27666611901606,4.30361482324984,0.418710334858185,0.364643113587909,0.391591817821698,4.18965474202643,4.60517018598809,4.11087386417331
"76113",54,4.52178857704904,"paired",4.62497281328427,4.57471097850338,4.59977324486884,0.10318423623523,0.0529224014543423,0.0779846678198011,4.77912349311153,4.74493212836325,4.87519732320115
"76113",55,4.79579054559674,"unpaired",4.66343909411207,4.51085950651685,4.58651486106147,0.132351451484674,0.284931039079892,0.209275684535268,4.69134788222914,4.71849887129509,4.77912349311153
"76113",57,4.15888308335967,"paired",4.4188406077966,4.33073334028633,4.37456516074408,0.259957524436927,0.17185025692666,0.215682077384404,3.93182563272433,4.12713438504509,4.35670882668959
"76113",58,4.79579054559674,"paired",4.79579054559674,4.76217393479776,4.77895268160193,0,0.033616610798985,0.016837863994807,4.53259949315326,4.69134788222914,4.86753445045558
"76113",59,4.90527477843843,"unpaired",5.04342511691925,4.89783979995091,4.97009942211614,0.138150338480817,0.00743497848751851,0.0648246436777082,4.91998092582813,4.70953020131233,4.82028156560504
"76113",60,5.01063529409626,"unpaired",5.04342511691925,5.01727983681492,5.03033549056173,0.0327898228229913,0.00664454271866877,0.0197001964654726,4.93447393313069,5.01063529409626,4.89034912822175
"76113",61,3.91202300542815,"paired",3.76120011569356,3.78418963391826,3.77267736347806,0.150822889734584,0.127833371509885,0.139345641950089,3.66356164612965,4.18965474202643,4.36944785246702
"76113",63,4.15888308335967,"unpaired",4.40671924726425,4.47733681447821,4.44188769745994,0.247836163904582,0.318453731118535,0.283004614100265,3.71357206670431,4.35670882668959,4.31748811353631
"76113",64,4.90527477843843,"unpaired",4.90527477843843,4.91265488573605,4.9089634451861,0,0.00738010729762273,0.00368866674767165,4.51085950651685,4.52178857704904,4.93447393313069
"76113",65,4.67282883446191,"paired",4.79579054559674,4.77068462446567,4.78322111322863,0.122961711134836,0.0978557900037593,0.110392278766729,4.67282883446191,4.74493212836325,4.78749174278205
"76113",66,4.15888308335967,"paired",4.47733681447821,4.45434729625351,4.46582726199607,0.318453731118535,0.295464212893836,0.306944178636396,4.60517018598809,4.39444915467244,4.66343909411207
"76113",67,4.67282883446191,"unpaired",4.66343909411207,4.65396035015752,4.65869731141358,0.00938974034983886,0.0188684843043827,0.0141315230483299,4.68213122712422,4.87519732320115,4.51085950651685
"76113",69,4.79579054559674,"paired",4.94875989037817,4.97673374242057,4.96272710609626,0.152969344781427,0.180943196823833,0.16693656049952,4.44265125649032,4.72738781871234,4.8283137373023
"76113",70,4.52178857704904,"paired",4.74493212836325,4.78749174278205,4.76616443113331,0.22314355131421,0.265703165733005,0.244375854084268,4.46590811865458,4.70953020131233,4.53259949315326
"76113",71,4.67282883446191,"unpaired",4.77068462446567,4.78749174278205,4.7790807951997,0.0978557900037593,0.11466290832014,0.106251960737798,4.55387689160054,3.80666248977032,4.69134788222914
"76113",72,3.91202300542815,"unpaired",4.12713438504509,4.0943445622221,4.11070677949294,0.215111379616946,0.182321556793954,0.198683774064795,3.66356164612965,3.61091791264422,4.21950770517611
"76113",73,4.35670882668959,"paired",4.33073334028633,4.49980967033027,4.41446211494018,0.0259754864032606,0.143100843640673,0.0577532882505869,4.17438726989564,3.98898404656427,4.70953020131233
"76113",75,4.52178857704904,"unpaired",4.71849887129509,4.75359019110636,4.7360120303199,0.196710294246054,0.231801614057324,0.214223453270859,4.36944785246702,4.69134788222914,4.31748811353631
"76113",76,4.15888308335967,"unpaired",4.54329478227,4.38202663467388,4.4619321762082,0.384411698910332,0.22314355131421,0.303049092848526,4.23410650459726,4.07753744390572,4.66343909411207
"76113",77,4.90527477843843,"paired",4.93447393313069,4.91998092582813,4.92722210073781,0.0291991546922619,0.0147061473896954,0.0219473222993782,4.70953020131233,4.84418708645859,5.04342511691925
"76113",78,4.15888308335967,"paired",4.35670882668959,4.39444915467244,4.37553830066656,0.19782574332992,0.235566071312768,0.216655217306891,3.91202300542815,4.38202663467388,4.68213122712422
"76113",79,3.91202300542815,"unpaired",3.80666248977032,4.14313472639153,3.97133674636381,0.105360515657826,0.231111720963387,0.0593137409356608,3.80666248977032,4.0943445622221,4.47733681447821
"76113",81,4.79579054559674,"paired",4.99043258677874,5.03695260241363,5.01363863926639,0.194642041181995,0.241162056816888,0.217848093669647,4.78749174278205,4.46590811865458,4.66343909411207
"76113",82,4.15888308335967,"paired",4.66343909411207,4.7361984483945,4.69967796787352,0.504556010752395,0.577315365034824,0.540794884513851,4.64439089914137,4.26267987704132,4.31748811353631
"76113",83,4.79579054559674,"unpaired",4.77912349311153,4.93447393313069,4.856177539997,0.0166670524852117,0.13868338753395,0.060386994400262,4.49980967033027,4.8283137373023,4.94875989037817
"76113",84,3.91202300542815,"unpaired",4.27666611901606,4.11087386417331,4.19295062866934,0.364643113587909,0.198850858745165,0.280927623241193,4.60517018598809,4.4188406077966,4.36944785246702
"76113",85,4.15888308335967,"paired",4.31748811353631,4.43081679884331,4.37378541566262,0.158605030176639,0.271933715483642,0.214902332302945,3.58351893845611,4.44265125649032,4.54329478227
"76113",87,3.91202300542815,"unpaired",4.43081679884331,4.21950770517611,4.32387160111665,0.518793793415167,0.307484699747961,0.411848595688507,3.71357206670431,3.68887945411394,4.43081679884331
"76113",88,4.90527477843843,"unpaired",4.969813299576,5.02388052084628,4.99677378194997,0.0645385211375711,0.118605742407847,0.0914990035115419,4.81218435537242,4.66343909411207,4.82028156560504
"76113",89,3.91202300542815,"paired",4.11087386417331,4.06044301054642,4.08558062569085,0.198850858745165,0.148420005118273,0.173557620262709,4.48863636973214,4.35670882668959,4.36944785246702
"76113",90,5.01063529409626,"paired",5.04985600724954,5.01063529409626,5.03020742514944,0.0392207131532816,0,0.0195721310531809,4.94875989037817,4.69134788222914,4.84418708645859
"76113",91,4.52178857704904,"unpaired",4.31748811353631,4.53259949315326,4.42373647894061,0.20430046351273,0.0108109161042158,0.0980520981084281,4.54329478227,4.52178857704904,4.71849887129509
"76113",93,4.35670882668959,"paired",4.68213122712422,4.69134788222914,4.68673728906242,0.325422400434628,0.334639055539552,0.330028462372828,4.51085950651685,4.24849524204936,4.70953020131233
"76113",94,4.35670882668959,"paired",4.70953020131233,4.72738781871234,4.71845056194741,0.352821374622742,0.370678992022749,0.361741735257816,4.45434729625351,4.17438726989564,4.56434819146784
"76113",95,4.15888308335967,"unpaired",4.68213122712422,4.58496747867057,4.63329466009151,0.523248143764548,0.426084395310901,0.474411576731836,4.0943445622221,4.26267987704132,4.4188406077966
"76113",96,4.52178857704904,"unpaired",4.87519732320115,4.75359019110636,4.81400978138568,0.353408746152111,0.231801614057324,0.292221204336639,4.72738781871234,4.39444915467244,4.74493212836325
"76127",1,4.52178857704904,"paired",4.17438726989564,4.38202663467388,4.27694706538744,0.347401307153404,0.139761942375159,0.244841511661597,4.61512051684126,4.68213122712422,4.45434729625351
"76127",3,3.91202300542815,"unpaired",3.68887945411394,3.68887945411394,3.68887945411394,0.22314355131421,0.22314355131421,0.22314355131421,4.21950770517611,4.60517018598809,3.55534806148941
"76127",4,4.67282883446191,"unpaired",4.49980967033027,4.60517018598809,4.55218511666934,0.173019164131641,0.067658648473814,0.120643717792568,4.29045944114839,4.70953020131233,4.24849524204936
"76127",5,3.91202300542815,"paired",3.40119738166216,3.55534806148941,3.47741865722772,0.51082562376599,0.356674943938732,0.43460434820043,4.0943445622221,3.87120101090789,3.55534806148941
"76127",6,4.35670882668959,"paired",4.38202663467388,4.31748811353631,4.34963767553161,0.0253178079842895,0.0392207131532816,0.00707115115798462,4.07753744390572,3.91202300542815,4.38202663467388
"76127",7,3.91202300542815,"unpaired",3.91202300542815,3.68887945411394,3.79881314212017,0,0.22314355131421,0.113209863307974,3.80666248977032,4.14313472639153,3.55534806148941
"76127",9,4.90527477843843,"paired",4.75359019110636,4.60517018598809,4.67879170561038,0.151684587332065,0.300104592450338,0.226483072828053,4.69134788222914,4.96284463025991,4.70048036579242
"76127",10,3.91202300542815,"paired",3.68887945411394,3.80666248977032,3.74730824022523,0.22314355131421,0.105360515657826,0.164714765202913,4.30406509320417,4.43081679884331,3.91202300542815
"76127",11,4.67282883446191,"unpaired",4.44265125649032,4.60517018598809,4.52318086230605,0.230177577971589,0.067658648473814,0.149647972155852,4.45434729625351,4.44265125649032,4.49980967033027
"76127",12,4.52178857704904,"unpaired",4.45434729625351,4.55387689160054,4.50383716619198,0.0674412807955331,0.0320883145515003,0.0179514108570613,4.8283137373023,4.53259949315326,4.24849524204936
"76127",13,4.67282883446191,"paired",4.24849524204936,4.38202663467388,4.3147444081829,0.424333592412546,0.290802199788025,0.358084426279011,4.71849887129509,4.06044301054642,4.24849524204936
"76127",15,4.79579054559674,"unpaired",4.60517018598809,4.65396035015752,4.62950099376986,0.19062035960865,0.141830195439218,0.166289551826881,5.00394630594546,4.40671924726425,4.52178857704904
"76127",16,4.15888308335967,"unpaired",3.91202300542815,3.91202300542815,3.91202300542815,0.246860077931526,0.246860077931526,0.246860077931526,3.40119738166216,4.0943445622221,4.24849524204936
"76127",17,4.52178857704904,"paired",4.38202663467388,4.38202663467388,4.38202663467388,0.139761942375159,0.139761942375159,0.139761942375159,3.91202300542815,4.49980967033027,4.45434729625351
"76127",18,4.67282883446191,"paired",4.38202663467388,4.49980967033027,4.44052765179436,0.290802199788025,0.173019164131641,0.232301182667547,4.89034912822175,4.79579054559674,4.60517018598809
"76127",19,4.90527477843843,"unpaired",4.65396035015752,4.60517018598809,4.62950099376986,0.251314428280907,0.300104592450338,0.275773784668569,4.36944785246702,4.82028156560504,4.60517018598809
"76127",21,4.52178857704904,"paired",4.49980967033027,4.49980967033027,4.49980967033026,0.0219789067187754,0.0219789067187754,0.0219789067187763,4.14313472639153,4.29045944114839,4.24849524204936
"76127",22,4.52178857704904,"paired",4.15888308335967,4.24849524204936,4.20345036748302,0.362905493689369,0.273293334999681,0.31833820956602,4.17438726989564,4.59511985013459,4.49980967033027
"76127",23,5.01063529409626,"unpaired",4.60517018598809,4.65396035015752,4.62950099376986,0.405465108108164,0.356674943938732,0.381134300326395,4.77912349311153,4.86753445045558,4.60517018598809
"76127",24,4.67282883446191,"unpaired",4.65396035015752,4.49980967033027,4.57623598484305,0.0188684843043827,0.173019164131641,0.0965928496188546,4.82028156560504,4.85203026391962,4.24849524204936
"76127",25,4.67282883446191,"paired",4.44265125649032,4.53259949315326,4.48740000818121,0.230177577971589,0.14022934130865,0.1854288262807,4.72738781871234,4.78749174278205,4.38202663467388
"76127",27,4.79579054559674,"unpaired",4.60517018598809,4.60517018598809,4.60517018598809,0.19062035960865,0.19062035960865,0.19062035960865,4.55387689160054,4.74493212836325,4.55387689160054
"76127",28,5.01063529409626,"unpaired",4.70048036579242,4.70048036579242,4.70048036579242,0.310154928303839,0.310154928303839,0.310154928303839,4.78749174278205,4.80402104473326,4.78749174278205
"76127",29,4.15888308335967,"paired",3.95124371858143,3.68887945411394,3.81780850379793,0.207639364778244,0.470003629245735,0.341074579561743,3.40119738166216,4.14313472639153,3.91202300542815
"76127",30,4.67282883446191,"paired",4.49980967033027,4.44265125649032,4.47113912620263,0.173019164131641,0.230177577971589,0.201689708259275,4.63472898822964,4.79579054559674,4.44265125649032
"76127",31,5.01063529409626,"unpaired",4.60517018598809,4.62497281328427,4.61506087833543,0.405465108108164,0.385662480811985,0.395574415760825,4.65396035015752,4.78749174278205,4.60517018598809
"76127",33,4.79579054559674,"paired",4.52178857704904,4.49980967033027,4.51078573711878,0.274001968547701,0.295980875266476,0.285004808477964,4.75359019110636,4.79579054559674,4.60517018598809
"76127",34,3.91202300542815,"paired",3.68887945411394,3.80666248977032,3.74730824022523,0.22314355131421,0.105360515657826,0.164714765202913,4.4188406077966,4.04305126783455,3.80666248977032
"76127",35,4.35670882668959,"unpaired",4.0943445622221,4.55387689160054,4.31800197871117,0.262364264467491,0.197168064910949,0.0387068479784247,4.30406509320417,4.47733681447821,4.0943445622221
"76127",36,3.91202300542815,"unpaired",3.91202300542815,4.15888308335967,4.0335649615432,0,0.246860077931526,0.121541956115051,3.87120101090789,3.68887945411394,3.91202300542815
"76127",37,4.90527477843843,"paired",4.49980967033027,4.44265125649032,4.47113912620263,0.405465108108165,0.462623521948113,0.434135652235799,4.38202663467388,4.70048036579242,4.65396035015752
"76127",39,4.35670882668959,"unpaired",4.38202663467388,4.70048036579242,4.5384612104395,0.0253178079842895,0.343771539102825,0.18175238374991,4.76217393479776,4.70048036579242,4.17438726989564
"76127",40,4.79579054559674,"unpaired",4.60517018598809,4.70048036579242,4.6525812234038,0.19062035960865,0.0953101798043248,0.143209322192938,4.87519732320115,4.65396035015752,4.49980967033027
"76127",41,3.91202300542815,"paired",3.55534806148941,3.68887945411394,3.62149836618106,0.356674943938732,0.22314355131421,0.290524639247083,3.91202300542815,4.15888308335967,3.40119738166216
"76127",42,4.35670882668959,"paired",4.0943445622221,3.91202300542815,4.00214568944741,0.262364264467491,0.444685821261446,0.354563137242181,4.31748811353631,4.15888308335967,4.38202663467388
"76127",43,4.15888308335967,"unpaired",4.00733318523247,3.80666248977032,3.90570927236479,0.1515498981272,0.352220593589352,0.253173810994886,3.85014760171006,4.56434819146784,3.91202300542815
"76127",45,4.79579054559674,"paired",4.60517018598809,4.65396035015752,4.62950099376986,0.19062035960865,0.141830195439218,0.166289551826881,4.68213122712422,4.66343909411207,4.60517018598809
"76127",46,4.67282883446191,"paired",4.60517018598809,4.55387689160054,4.57945172393584,0.067658648473814,0.118951942861365,0.0933771105260659,4.46590811865458,4.83628190695148,4.49980967033027
"76127",47,4.79579054559674,"unpaired",4.65396035015752,4.65396035015752,4.65396035015752,0.141830195439218,0.141830195439218,0.141830195439217,5.00394630594546,4.34380542185368,4.49980967033027
"76127",48,4.90527477843843,"unpaired",4.74493212836325,4.71849887129509,4.73169704144864,0.160342650075179,0.186775907143335,0.173577736989788,4.49980967033027,4.74493212836325,4.49980967033027
"76127",49,4.35670882668959,"paired",4.00733318523247,3.68887945411394,3.84481066540253,0.34937564145712,0.667829372575655,0.511898161287065,3.55534806148941,4.85981240436167,4.38202663467388
"76127",51,5.01063529409626,"unpaired",4.78749174278205,4.55387689160054,4.66922349177929,0.22314355131421,0.456758402495715,0.341411802316969,4.74493212836325,5.09375020080676,4.70048036579242
"76127",52,4.35670882668959,"unpaired",4.38202663467388,3.71357206670431,4.03397715735714,0.0253178079842895,0.643136759985284,0.322731669332449,4.38202663467388,4.21950770517611,4.0943445622221
"76127",53,3.91202300542815,"paired",3.40119738166216,3.55534806148941,3.47741865722772,0.51082562376599,0.356674943938732,0.43460434820043,3.8286413964891,4.23410650459726,3.68887945411394
"76127",54,4.52178857704904,"paired",4.00733318523247,4.17438726989564,4.09000741254399,0.514455391816569,0.347401307153404,0.431781164505053,4.48863636973214,4.47733681447821,4.17438726989564
"76127",55,4.79579054559674,"unpaired",4.65396035015752,4.31748811353631,4.48256829202572,0.141830195439218,0.478302432060431,0.31322225357102,4.51085950651685,4.70953020131233,4.60517018598809
"76127",57,4.15888308335967,"paired",3.91202300542815,3.91202300542815,3.91202300542815,0.246860077931526,0.246860077931526,0.246860077931526,3.68887945411394,3.93182563272433,3.68887945411394
"76127",58,4.79579054559674,"paired",4.60517018598809,4.49980967033027,4.55218511666934,0.19062035960865,0.295980875266476,0.243605428927403,4.60517018598809,4.99043258677874,4.60517018598809
"76127",59,4.90527477843843,"unpaired",4.70048036579242,4.49980967033027,4.59905066347287,0.204794412646013,0.405465108108165,0.306224114965558,4.80402104473326,4.36944785246702,4.65396035015752
"76127",60,5.01063529409626,"unpaired",4.74493212836325,4.65396035015752,4.6992261053913,0.265703165733005,0.356674943938732,0.311409188704953,4.93447393313069,4.87519732320115,4.60517018598809
"76127",61,3.91202300542815,"paired",3.2188758248682,3.2188758248682,3.2188758248682,0.693147180559945,0.693147180559945,0.693147180559945,3.52636052461616,4.02535169073515,3.91202300542815
"76127",63,4.15888308335967,"unpaired",4.00733318523247,4.06044301054642,4.03380069201589,0.1515498981272,0.0984400728132524,0.125082391343777,4.60517018598809,3.71357206670431,3.68887945411394
"76127",64,4.90527477843843,"unpaired",4.60517018598809,4.60517018598809,4.60517018598809,0.300104592450338,0.300104592450338,0.300104592450338,5.03695260241363,4.18965474202643,4.75359019110636
"76127",65,4.67282883446191,"paired",4.17438726989564,4.00733318523247,4.09000741254399,0.498441564566269,0.665495649229435,0.582821421917918,4.36944785246702,4.45434729625351,4.17438726989564
"76127",66,4.15888308335967,"paired",3.68887945411394,3.80666248977032,3.74730824022523,0.470003629245735,0.352220593589352,0.411574843134439,3.89182029811063,4.38202663467388,3.91202300542815
"76127",67,4.67282883446191,"unpaired",4.17438726989564,4.49980967033027,4.33404524720035,0.498441564566269,0.173019164131641,0.338783587261556,4.66343909411207,4.69134788222914,4.49980967033027
"76127",69,4.79579054559674,"paired",4.49980967033027,4.44265125649032,4.47113912620263,0.295980875266476,0.353139289106425,0.324651419394111,4.74493212836325,4.89034912822175,4.55387689160054
"76127",70,4.52178857704904,"paired",4.38202663467388,4.33073334028633,4.35630449404135,0.139761942375159,0.191055236762709,0.165484083007687,4.7361984483945,4.64439089914137,4.00733318523247
"76127",71,4.67282883446191,"unpaired",4.24849524204936,4.52178857704904,4.38301234941746,0.424333592412546,0.151040257412865,0.289816485044443,4.60517018598809,4.33073334028633,4.60517018598809
"76127",72,3.91202300542815,"unpaired",3.40119738166216,3.55534806148941,3.47741865722772,0.51082562376599,0.356674943938732,0.43460434820043,4.24849524204936,3.85014760171006,3.91202300542815
"76127",73,4.35670882668959,"paired",3.68887945411394,3.80666248977032,3.74730824022523,0.667829372575655,0.550046336919272,0.609400586464359,3.93182563272433,4.18965474202643,4.0943445622221
"76127",75,4.52178857704904,"unpaired",4.24849524204936,4.11087386417331,4.17911809507764,0.273293334999681,0.410914712875729,0.342670481971398,4.49980967033027,4.15888308335967,4.00733318523247
"76127",76,4.15888308335967,"unpaired",3.68887945411394,3.91202300542815,3.79881314212017,0.470003629245735,0.246860077931526,0.360069941239499,3.63758615972639,4.7361984483945,4.00733318523247
"76127",77,4.90527477843843,"paired",4.60517018598809,4.55387689160054,4.57945172393584,0.300104592450338,0.351397886837889,0.32582305450259,4.78749174278205,4.64439089914137,4.70048036579242
"76127",78,4.15888308335967,"paired",3.91202300542815,3.91202300542815,3.91202300542815,0.246860077931526,0.246860077931526,0.246860077931526,3.61091791264422,4.80402104473326,3.91202300542815
"76127",79,3.91202300542815,"unpaired",3.40119738166216,3.68887945411394,3.54211901841252,0.51082562376599,0.22314355131421,0.369903987015631,4.24849524204936,4.27666611901606,3.68887945411394
"76127",81,4.79579054559674,"paired",4.55387689160054,4.49980967033027,4.52676255996685,0.241913653996201,0.295980875266476,0.26902798562989,4.94875989037817,4.9416424226093,4.60517018598809
"76127",82,4.15888308335967,"paired",4.24849524204936,4.0943445622221,4.17070778069038,0.0896121586896879,0.0645385211375711,0.0118246973307077,4.78749174278205,4.69134788222914,3.68887945411394
"76127",83,4.79579054559674,"unpaired",4.60517018598809,4.55387689160054,4.57945172393584,0.19062035960865,0.241913653996201,0.216338821660901,4.54329478227,4.88280192258637,4.49980967033027
"76127",84,3.91202300542815,"unpaired",3.55534806148941,3.80666248977032,3.67885989183461,0.356674943938732,0.105360515657826,0.233163113593534,3.61091791264422,3.8286413964891,3.40119738166216
"76127",85,4.15888308335967,"paired",3.55534806148941,3.68887945411394,3.62149836618106,0.603535021870258,0.470003629245735,0.537384717178608,4.21950770517611,3.68887945411394,3.91202300542815
"76127",87,3.91202300542815,"unpaired",3.80666248977032,3.80666248977032,3.80666248977032,0.105360515657826,0.105360515657826,0.105360515657827,4.46590811865458,4.52178857704904,3.55534806148941
"76127",88,4.90527477843843,"unpaired",4.65396035015752,4.65396035015752,4.65396035015752,0.251314428280907,0.251314428280907,0.251314428280906,5.0998664278242,4.44265125649032,4.75359019110636
"76127",89,3.91202300542815,"paired",3.55534806148941,3.80666248977032,3.67885989183461,0.356674943938732,0.105360515657826,0.233163113593534,4.06044301054642,3.68887945411394,3.55534806148941
"76127",90,5.01063529409626,"paired",4.60517018598809,4.65396035015752,4.62950099376986,0.405465108108164,0.356674943938732,0.381134300326395,5.04342511691925,4.82028156560504,4.70048036579242
"76127",91,4.52178857704904,"unpaired",4.54329478227,4.17438726989564,4.35493649810088,0.0215062052209634,0.347401307153404,0.166852078948159,4.49980967033027,4.7361984483945,4.49980967033027
"76127",93,4.35670882668959,"paired",4.38202663467388,4.24849524204936,4.3147444081829,0.0253178079842895,0.108213584640232,0.041964418506697,4.20469261939097,4.44265125649032,4.17438726989564
"76127",94,4.35670882668959,"paired",4.17438726989564,4.00733318523247,4.09000741254399,0.182321556793955,0.34937564145712,0.266701414145604,4.33073334028633,4.30406509320417,4.00733318523247
"76127",95,4.15888308335967,"unpaired",4.0943445622221,3.91202300542815,4.00214568944741,0.0645385211375711,0.246860077931526,0.156737393912261,4.56434819146784,4.31748811353631,4.00733318523247
"76127",96,4.52178857704904,"unpaired",4.60517018598809,4.38202663467388,4.49221308624222,0.0833816089390513,0.139761942375159,0.0295754908068169,4.80402104473326,4.39444915467244,4.49980967033027
"76154",1,4.52178857704904,"paired",4.46590811865458,4.49980967033027,4.48282684688226,0.0558804583944568,0.0219789067187754,0.0389617301667826,4.67282883446191,4.60517018598809,4.43081679884331
"76154",3,3.91202300542815,"unpaired",3.61091791264422,4.11087386417331,3.85279483917382,0.301105092783922,0.198850858745165,0.0592281662543308,4.29045944114839,3.73766961828337,3.55534806148941
"76154",4,4.67282883446191,"unpaired",4.34380542185368,4.64439089914137,4.49158439405275,0.329023412608222,0.0284379353205333,0.181244440409157,4.84418708645859,4.65396035015752,4.70048036579242
"76154",5,3.91202300542815,"paired",3.80666248977032,3.55534806148941,3.67885989183461,0.105360515657826,0.356674943938732,0.233163113593534,4.18965474202643,3.85014760171006,3.63758615972639
"76154",6,4.35670882668959,"paired",4.47733681447821,4.46590811865458,4.47161881534297,0.120627987788615,0.109199291964992,0.114909988653379,4.39444915467244,4.60517018598809,4.24849524204936
"76154",7,3.91202300542815,"unpaired",3.66356164612965,3.76120011569356,3.71205987118653,0.2484613592985,0.150822889734584,0.19996313424162,3.58351893845611,3.63758615972639,3.55534806148941
"76154",9,4.90527477843843,"paired",4.38202663467388,4.39444915467244,4.38823349885746,0.523248143764548,0.51082562376599,0.517041279580973,4.89034912822175,4.91265488573605,4.68213122712422
"76154",10,3.91202300542815,"paired",3.66356164612965,3.73766961828337,3.70043011816829,0.2484613592985,0.174353387144778,0.211592887259856,3.78418963391826,4.51085950651685,3.80666248977032
"76154",11,4.67282883446191,"unpaired",4.44265125649032,4.70048036579242,4.56974780520717,0.230177577971589,0.0276515313305108,0.103081029254737,4.54329478227,4.39444915467244,4.69134788222914
"76154",12,4.52178857704904,"unpaired",4.43081679884331,4.71849887129509,4.57239587790225,0.0909717782057271,0.196710294246054,0.0506073008532129,4.67282883446191,4.61512051684126,4.65396035015752
"76154",13,4.67282883446191,"paired",4.31748811353631,4.38202663467388,4.34963767553161,0.355340720925596,0.290802199788025,0.323191158930299,4.24849524204936,4.76217393479776,4.64439089914137
"76154",15,4.79579054559674,"unpaired",4.70048036579242,4.74493212836325,4.72265394734667,0.0953101798043248,0.0508584172334912,0.0731365982500716,4.9416424226093,4.90527477843843,4.65396035015752
"76154",16,4.15888308335967,"unpaired",3.80666248977032,3.71357206670431,3.75982918353775,0.352220593589352,0.445311016655364,0.399053899821923,3.89182029811063,3.40119738166216,3.78418963391826
"76154",17,4.52178857704904,"paired",4.02535169073515,3.93182563272433,3.97831383356852,0.496436886313891,0.589962944324715,0.54347474348052,4.47733681447821,4.75359019110636,4.46590811865458
"76154",18,4.67282883446191,"paired",4.56434819146784,4.64439089914137,4.60419560846035,0.10848064299407,0.0284379353205333,0.0686332260015527,4.74493212836325,4.52178857704904,4.31748811353631
"76154",19,4.90527477843843,"unpaired",4.70048036579242,4.75359019110636,4.72696068952545,0.204794412646013,0.151684587332065,0.178314088912982,4.97673374242057,4.87519732320115,4.68213122712422
"76154",21,4.52178857704904,"paired",4.24849524204936,4.39444915467244,4.32085597133874,0.273293334999681,0.127339422376601,0.200932605710296,4.49980967033027,4.24849524204936,4.43081679884331
"76154",22,4.52178857704904,"paired",4.65396035015752,4.70953020131233,4.68166282689997,0.132171773108483,0.187741624263293,0.159874249850925,4.75359019110636,4.81218435537242,4.4188406077966
"76154",23,5.01063529409626,"unpaired",4.74493212836325,4.87519732320115,4.80962372862656,0.265703165733005,0.135437970895104,0.201011565469695,5.05624580534831,4.77912349311153,4.85203026391962
"76154",24,4.67282883446191,"unpaired",4.52178857704904,4.75359019110636,4.63624091545264,0.151040257412865,0.0807613566444587,0.0365879190092677,4.67282883446191,4.90527477843843,4.69134788222914
"76154",25,4.67282883446191,"paired",4.39444915467244,4.36944785246702,4.38193067284947,0.278379679789467,0.303380981994884,0.290898161612437,4.71849887129509,4.48863636973214,4.44265125649032
"76154",27,4.79579054559674,"unpaired",4.70953020131233,4.34380542185368,4.5229727859942,0.0862603442844074,0.451985123743057,0.272817759602536,4.55387689160054,5.06890420222023,4.46590811865458
"76154",28,5.01063529409626,"unpaired",4.79579054559674,4.83628190695148,4.8159936716319,0.214844748499514,0.174353387144778,0.19464162246436,4.97673374242057,4.65396035015752,4.85203026391962
"76154",29,4.15888308335967,"paired",3.78418963391826,3.66356164612965,3.72338716822523,0.37469344944141,0.495321437230025,0.435495915134437,4.06044301054642,4.11087386417331,4.11087386417331
"76154",30,4.67282883446191,"paired",4.70048036579242,4.72738781871234,4.71391489351936,0.0276515313305108,0.054558984250435,0.0410860590574496,4.58496747867057,4.90527477843843,4.56434819146784
"76154",31,5.01063529409626,"unpaired",4.75359019110636,4.87519732320115,4.81400978138568,0.257045102989891,0.135437970895104,0.196625512710576,4.72738781871234,5.01063529409626,4.79579054559674
"76154",33,4.79579054559674,"paired",4.65396035015752,4.49980967033027,4.57623598484305,0.141830195439218,0.295980875266476,0.21955456075369,3.89182029811063,4.72738781871234,4.70953020131233
"76154",34,3.91202300542815,"paired",3.93182563272433,3.78418963391826,3.85730136257585,0.0198026272961798,0.127833371509885,0.0547216428522974,4.18965474202643,3.89182029811063,3.80666248977032
"76154",35,4.35670882668959,"unpaired",4.18965474202643,4.33073334028633,4.25961001449459,0.167054084663167,0.0259754864032606,0.0970988121950054,4.26267987704132,3.68887945411394,4.31748811353631
"76154",36,3.91202300542815,"unpaired",3.68887945411394,3.89182029811063,3.78899141418978,0.22314355131421,0.0202027073175195,0.123031591238366,4.36944785246702,3.89182029811063,3.68887945411394
"76154",37,4.90527477843843,"paired",4.38202663467388,4.43081679884331,4.40635418752191,0.523248143764548,0.474457979595116,0.498920590916521,4.89783979995091,4.86753445045558,4.65396035015752
"76154",39,4.35670882668959,"unpaired",4.15888308335967,4.70953020131233,4.42565085437265,0.19782574332992,0.352821374622742,0.0689420276830539,4.39444915467244,4.68213122712422,3.95124371858143
"76154",40,4.79579054559674,"unpaired",4.49980967033027,4.82028156560504,4.65728994186794,0.295980875266476,0.0244910200082957,0.138500603728805,4.43081679884331,4.33073334028633,4.65396035015752
"76154",41,3.91202300542815,"paired",3.66356164612965,3.36729582998647,3.51230634397268,0.2484613592985,0.544727175441672,0.399716661455465,3.91202300542815,3.29583686600433,3.66356164612965
"76154",42,4.35670882668959,"paired",4.24849524204936,4.17438726989564,4.21127824474031,0.108213584640232,0.182321556793955,0.145430581949281,4.38202663467388,4.18965474202643,4.31748811353631
"76154",43,4.15888308335967,"unpaired",3.55534806148941,3.73766961828337,3.64536917634574,0.603535021870258,0.421213465076303,0.513513907013927,4.21950770517611,4.06044301054642,3.61091791264422
"76154",45,4.79579054559674,"paired",4.56434819146784,4.54329478227,4.55380931998249,0.231442354128905,0.252495763326738,0.241981225614256,4.40671924726425,4.95582705760126,4.71849887129509
"76154",46,4.67282883446191,"paired",4.69134788222914,4.69134788222914,4.69134788222914,0.0185190477672377,0.0185190477672377,0.0185190477672377,4.70953020131233,4.67282883446191,4.56434819146784
"76154",47,4.79579054559674,"unpaired",4.74493212836325,4.83628190695148,4.79038927459094,0.0508584172334912,0.0404913613547366,0.00540127100579735,4.65396035015752,4.62497281328427,4.65396035015752
"76154",48,4.90527477843843,"unpaired",4.79579054559674,4.8283137373023,4.81202466458031,0.109484232841688,0.0769610411361281,0.0932501138581197,4.96284463025991,4.38202663467388,4.68213122712422
"76154",49,4.35670882668959,"paired",3.46573590279973,3.68887945411394,3.57556736270245,0.890972923889865,0.667829372575655,0.781141463987145,4.4188406077966,4.65396035015752,4.15888308335967
"76154",51,5.01063529409626,"unpaired",4.70953020131233,4.82028156560504,4.76458409643969,0.301105092783922,0.190353728491218,0.246051197656565,4.93447393313069,4.95582705760126,4.79579054559674
"76154",52,4.35670882668959,"unpaired",4.55387689160054,4.07753744390572,4.30913025336183,0.197168064910949,0.279171382783872,0.0475785733277609,4.60517018598809,4.70048036579242,4.47733681447821
"76154",53,3.91202300542815,"paired",3.68887945411394,3.68887945411394,3.68887945411394,0.22314355131421,0.22314355131421,0.22314355131421,4.06044301054642,4.46590811865458,3.66356164612965
"76154",54,4.52178857704904,"paired",4.45434729625351,4.35670882668959,4.40525756145184,0.0674412807955331,0.165079750359449,0.116531015597205,4.30406509320417,4.43081679884331,4.4188406077966
"76154",55,4.79579054559674,"unpaired",4.65396035015752,4.53259949315326,4.5928790887938,0.141830195439218,0.263191052443485,0.202911456802943,5.01063529409626,4.70953020131233,4.56434819146784
"76154",57,4.15888308335967,"paired",3.93182563272433,3.89182029811063,3.91177182438702,0.227057450635346,0.267062785249045,0.247111258972648,4.0943445622221,4.04305126783455,3.91202300542815
"76154",58,4.79579054559674,"paired",4.71849887129509,4.70048036579242,4.70948100118647,0.0772916743016472,0.0953101798043248,0.0863095444102759,5.02388052084628,4.87519732320115,4.74493212836325
"76154",59,4.90527477843843,"unpaired",3.80666248977032,4.78749174278205,4.26900049629109,1.09861228866811,0.117783035656384,0.636274282147342,4.8283137373023,5.09375020080676,4.38202663467388
"76154",60,5.01063529409626,"unpaired",4.65396035015752,4.86753445045558,4.75954959375843,0.356674943938732,0.143100843640673,0.251085700337822,5.12396397940326,4.99043258677874,4.70953020131233
"76154",61,3.91202300542815,"paired",3.55534806148941,3.71357206670431,3.63359893887017,0.356674943938732,0.198450938723838,0.27842406655798,3.52636052461616,3.63758615972639,3.63758615972639
"76154",63,4.15888308335967,"unpaired",4.11087386417331,3.91202300542815,4.01021609505763,0.0480092191863601,0.246860077931526,0.148666988302038,4.0943445622221,4.71849887129509,3.61091791264422
"76154",64,4.90527477843843,"unpaired",4.65396035015752,4.7361984483945,4.69489933750507,0.251314428280907,0.169076330043934,0.210375440933357,4.86753445045558,4.56434819146784,4.79579054559674
"76154",65,4.67282883446191,"paired",4.49980967033027,4.47733681447821,4.48855917807872,0.173019164131641,0.195492019983699,0.184269656383183,4.48863636973214,4.45434729625351,4.64439089914137
"76154",66,4.15888308335967,"paired",3.61091791264422,3.55534806148941,3.58302525820249,0.547965170715447,0.603535021870258,0.575857825157178,3.98898404656427,4.07753744390572,3.93182563272433
"76154",67,4.67282883446191,"unpaired",4.64439089914137,4.0943445622221,4.3607036843534,0.0284379353205333,0.578484272239805,0.312125150108509,4.51085950651685,4.69134788222914,4.69134788222914
"76154",69,4.79579054559674,"paired",4.46590811865458,4.46590811865458,4.46590811865458,0.329882426942158,0.329882426942158,0.329882426942158,4.34380542185368,4.64439089914137,4.74493212836325
"76154",70,4.52178857704904,"paired",4.4188406077966,4.43081679884331,4.42482465149029,0.102947969252442,0.0909717782057271,0.0969639255587502,4.45434729625351,4.77912349311153,4.02535169073515
"76154",71,4.67282883446191,"unpaired",4.56434819146784,4.66343909411207,4.61362761774624,0.10848064299407,0.00938974034983886,0.0592012167156684,4.31748811353631,4.68213122712422,4.44265125649032
"76154",72,3.91202300542815,"unpaired",3.55534806148941,3.55534806148941,3.55534806148941,0.356674943938732,0.356674943938732,0.356674943938732,3.71357206670431,3.8286413964891,3.40119738166216
"76154",73,4.35670882668959,"paired",3.95124371858143,4.00733318523247,3.97918962559121,0.405465108108164,0.34937564145712,0.377519201098383,4.53259949315326,4.21950770517611,4.47733681447821
"76154",75,4.52178857704904,"unpaired",4.31748811353631,4.57471097850338,4.44423899813595,0.20430046351273,0.0529224014543423,0.077549578913092,4.72738781871234,4.30406509320417,4.0943445622221
"76154",76,4.15888308335967,"unpaired",3.91202300542815,4.53259949315326,4.21089461891502,0.246860077931526,0.373716409793585,0.0520115355553505,4.33073334028633,4.4188406077966,3.58351893845611
"76154",77,4.90527477843843,"paired",4.66343909411207,4.72738781871234,4.69530458722459,0.241835684326363,0.177886959726089,0.209970191213838,4.44265125649032,5.09375020080676,4.68213122712422
"76154",78,4.15888308335967,"paired",4.46590811865458,4.4188406077966,4.44231202701919,0.307025035294912,0.259957524436927,0.283428943659523,4.0943445622221,3.55534806148941,4.11087386417331
"76154",79,3.91202300542815,"unpaired",3.58351893845611,3.68887945411394,3.63581756768666,0.328504066972036,0.22314355131421,0.276205437741488,4.07753744390572,3.87120101090789,3.68887945411394
"76154",81,4.79579054559674,"paired",4.57471097850338,4.58496747867057,4.579836357421,0.221079567093359,0.210823066926169,0.215954188175743,4.72738781871234,4.69134788222914,4.49980967033027
"76154",82,4.15888308335967,"paired",4.44265125649032,4.46590811865458,4.45426450883994,0.283768173130645,0.307025035294912,0.295381425480267,4.69134788222914,4.38202663467388,3.93182563272433
"76154",83,4.79579054559674,"unpaired",4.65396035015752,4.70048036579242,4.67716252113307,0.141830195439218,0.0953101798043248,0.118628024463673,4.70048036579242,3.97029191355212,4.71849887129509
"76154",84,3.91202300542815,"unpaired",3.61091791264422,3.55534806148941,3.58302525820249,0.301105092783922,0.356674943938732,0.328997747225652,4.00733318523247,4.14313472639153,3.61091791264422
"76154",85,4.15888308335967,"paired",3.58351893845611,3.66356164612965,3.62331927120797,0.575364144903562,0.495321437230025,0.535563812151705,4.4188406077966,4.15888308335967,4.44265125649032
"76154",87,3.91202300542815,"unpaired",3.63758615972639,3.58351893845611,3.61045134209635,0.27443684570176,0.328504066972036,0.301571663331795,4.66343909411207,3.2188758248682,3.66356164612965
"76154",88,4.90527477843843,"unpaired",4.68213122712422,4.70953020131233,4.69581073092273,0.22314355131421,0.195744577126096,0.209464047515697,4.44265125649032,4.56434819146784,3.80666248977032
"76154",89,3.91202300542815,"paired",3.40119738166216,3.36729582998647,3.3842041546325,0.51082562376599,0.544727175441672,0.527818850795644,3.89182029811063,4.24849524204936,3.61091791264422
"76154",90,5.01063529409626,"paired",4.85203026391962,4.81218435537242,4.83206623793874,0.158605030176639,0.198450938723838,0.178569056157513,4.64439089914137,4.7361984483945,4.65396035015752
"76154",91,4.52178857704904,"unpaired",4.54329478227,4.21950770517611,4.37840922489832,0.0215062052209634,0.302280871872934,0.143379352150724,4.17438726989564,4.60517018598809,4.4188406077966
"76154",93,4.35670882668959,"paired",4.51085950651685,4.52178857704904,4.51632073586907,0.154150679827258,0.165079750359449,0.159611909179481,4.21950770517611,4.74493212836325,3.95124371858143
"76154",94,4.35670882668959,"paired",4.31748811353631,4.31748811353631,4.31748811353631,0.0392207131532816,0.0392207131532816,0.0392207131532816,4.31748811353631,4.44265125649032,3.95124371858143
"76154",95,4.15888308335967,"unpaired",3.55534806148941,4.11087386417331,3.8230337984402,0.603535021870258,0.0480092191863601,0.335849284919475,4.06044301054642,4.56434819146784,3.78418963391826
"76154",96,4.52178857704904,"unpaired",4.0943445622221,4.49980967033027,4.29229207472548,0.42744401482694,0.0219789067187754,0.229496502323563,4.31748811353631,4.02535169073515,4.45434729625351
"76167",1,4.52178857704904,"paired",4.33073334028633,4.55387689160054,4.44090379112337,0.191055236762709,0.0320883145515003,0.0808847859256678,4.66343909411207,4.75359019110636,4.65396035015752
"76167",3,3.91202300542815,"unpaired",3.91202300542815,4.58496747867057,4.23515032268031,0,0.672944473242426,0.323127317252167,3.95124371858143,4.0943445622221,3.91202300542815
"76167",4,4.67282883446191,"unpaired",4.56434819146784,4.81218435537242,4.68662831462598,0.10848064299407,0.139355520910511,0.01379948016407,4.88280192258637,4.70953020131233,4.70048036579242
"76167",5,3.91202300542815,"paired",4.24849524204936,4.17438726989564,4.21127824474031,0.336472236621213,0.262364264467491,0.299255239312165,4.59511985013459,3.97029191355212,4.14313472639153
"76167",6,4.35670882668959,"paired",4.30406509320417,4.63472898822964,4.46633801393274,0.0526437334854215,0.278020161540044,0.10962918724315,4.48863636973214,4.67282883446191,4.38202663467388
"76167",7,3.91202300542815,"unpaired",3.80666248977032,3.76120011569356,3.78386302565651,0.105360515657826,0.150822889734584,0.128159979771632,3.58351893845611,4.56434819146784,3.68887945411394
"76167",9,4.90527477843843,"paired",4.7361984483945,4.84418708645859,4.78988844991382,0.169076330043934,0.0610876919798384,0.115386328524608,4.70953020131233,5.08759633523238,5.06259503302697
"76167",10,3.91202300542815,"paired",4.27666611901606,4.38202663467388,4.32902585359983,0.364643113587909,0.470003629245735,0.417002848171684,4.48863636973214,3.46573590279973,3.68887945411394
"76167",11,4.67282883446191,"unpaired",5.01063529409626,5.01727983681492,5.01395646477932,0.33780645963435,0.344451002353019,0.341127630317417,4.44265125649032,4.70953020131233,4.62497281328427
"76167",12,4.52178857704904,"unpaired",4.64439089914137,4.89783979995091,4.76943210375663,0.122602322092332,0.376051222901871,0.247643526707591,4.67282883446191,4.38202663467388,4.60517018598809
"76167",13,4.67282883446191,"paired",4.60517018598809,4.49980967033027,4.55218511666934,0.067658648473814,0.173019164131641,0.120643717792568,4.38202663467388,4.31748811353631,4.67282883446191
"76167",15,4.79579054559674,"unpaired",4.75359019110636,5.14166355650266,4.94382053154846,0.0422003544903768,0.345873010905919,0.14802998595172,4.71849887129509,4.78749174278205,4.8283137373023
"76167",16,4.15888308335967,"unpaired",3.91202300542815,4.47733681447821,4.18514571087903,0.246860077931526,0.318453731118535,0.0262626275193547,4.31748811353631,4.11087386417331,4.51085950651685
"76167",17,4.52178857704904,"paired",4.24849524204936,4.31748811353631,4.28285275347679,0.273293334999681,0.20430046351273,0.238935823572255,4.18965474202643,4.45434729625351,4.60517018598809
"76167",18,4.67282883446191,"paired",4.70048036579242,4.83628190695148,4.76789766533034,0.0276515313305108,0.163453072489572,0.0950688308684358,4.66343909411207,4.69134788222914,4.98360662170834
"76167",19,4.90527477843843,"unpaired",4.78749174278205,4.8283137373023,4.80785941442716,0.117783035656384,0.0769610411361281,0.0974153640112672,4.97673374242057,4.81218435537242,5.12989871492307
"76167",21,4.52178857704904,"paired",4.59511985013459,4.71849887129509,4.65640073729976,0.0733312730855493,0.196710294246054,0.134612160250719,4.7361984483945,4.69134788222914,4.65396035015752
"76167",22,4.52178857704904,"paired",4.70048036579242,4.86753445045558,4.78327817654218,0.178691788743376,0.345745873406542,0.261489599493136,4.38202663467388,4.51085950651685,4.60517018598809
"76167",23,5.01063529409626,"unpaired",5.04342511691925,5.13579843705026,5.08940220780927,0.0327898228229913,0.125163142954007,0.078766913713018,4.78749174278205,4.89034912822175,4.97673374242057
"76167",24,4.67282883446191,"unpaired",4.79579054559674,4.77912349311153,4.78744976626424,0.122961711134836,0.106294658649624,0.114620931802336,4.67282883446191,4.72738781871234,4.56434819146784
"76167",25,4.67282883446191,"paired",4.65396035015752,4.74493212836325,4.6992261053913,0.0188684843043827,0.0721032939013444,0.0263972709293965,4.82028156560504,4.24849524204936,4.98360662170834
"76167",27,4.79579054559674,"unpaired",4.91265488573605,4.82028156560504,4.86624904663674,0.116864340139311,0.0244910200082957,0.0704585010400027,4.74493212836325,4.86753445045558,5.01727983681492
"76167",28,5.01063529409626,"unpaired",5.06259503302697,5.08759633523238,5.07508028870418,0.0519597389307114,0.0769610411361281,0.0644449946079204,4.89034912822175,4.74493212836325,4.97673374242057
"76167",29,4.15888308335967,"paired",3.55534806148941,3.80666248977032,3.67885989183461,0.603535021870258,0.352220593589352,0.48002319152506,4.21950770517611,3.87120101090789,4.51085950651685
"76167",30,4.67282883446191,"paired",4.75359019110636,4.88280192258637,4.81776289623326,0.0807613566444587,0.209973088124465,0.144934061771353,4.82028156560504,4.59511985013459,4.65396035015752
"76167",31,5.01063529409626,"unpaired",4.83628190695148,5.12989871492307,4.98092725699504,0.174353387144778,0.119263420826818,0.0297080371012193,4.36944785246702,4.60517018598809,4.97673374242057
"76167",33,4.79579054559674,"paired",4.70048036579242,4.85981240436167,4.77948248120406,0.0953101798043248,0.0640218587649306,0.0163080643926854,4.74493212836325,4.99721227376411,4.75359019110636
"76167",34,3.91202300542815,"paired",3.55534806148941,3.8286413964891,3.68946510583115,0.356674943938732,0.0833816089390509,0.222557899597001,4.52178857704904,4.60517018598809,3.40119738166216
"76167",35,4.35670882668959,"unpaired",4.38202663467388,4.34380542185368,4.36287417356995,0.0253178079842895,0.0129034048359076,0.00616534688035664,4.30406509320417,4.00733318523247,4.53259949315326
"76167",36,3.91202300542815,"unpaired",3.40119738166216,4.17438726989564,3.76801208230718,0.51082562376599,0.262364264467491,0.144010923120968,4.36944785246702,3.85014760171006,4.24849524204936
"76167",37,4.90527477843843,"paired",4.97673374242057,5.06259503302697,5.01948080234162,0.0714589639821446,0.157320254588537,0.114206023903194,4.02535169073515,4.91998092582813,5.14166355650266
"76167",39,4.35670882668959,"unpaired",4.63472898822964,4.69134788222914,4.66295250068421,0.278020161540044,0.334639055539552,0.306243673994619,4.33073334028633,4.74493212836325,4.38202663467388
"76167",40,4.79579054559674,"unpaired",5.07517381523383,5.03043792139244,5.05275635844538,0.279383269637085,0.234647375795694,0.256965812848634,4.82028156560504,4.8283137373023,4.91998092582813
"76167",41,3.91202300542815,"paired",3.91202300542815,3.78418963391826,3.84757545797233,0,0.127833371509885,0.0644475474558206,3.55534806148941,3.97029191355212,4.24849524204936
"76167",42,4.35670882668959,"paired",4.70048036579242,4.60517018598809,4.6525812234038,0.343771539102825,0.2484613592985,0.295872396714212,4.18965474202643,4.47733681447821,4.30406509320417
"76167",43,4.15888308335967,"unpaired",4.11087386417331,4.52178857704904,4.31143856278949,0.0480092191863601,0.362905493689369,0.152555479429822,3.93182563272433,4.02535169073515,4.02535169073515
"76167",45,4.79579054559674,"paired",4.8283137373023,4.86753445045558,4.84788443075192,0.0325231917055602,0.0717439048588409,0.0520938851551813,4.57471097850338,4.82028156560504,4.75359019110636
"76167",46,4.67282883446191,"paired",4.98360662170834,5.04985600724954,5.01662195470243,0.310777787246431,0.377027172787631,0.343793120240522,4.68213122712422,4.8283137373023,5.01063529409626
"76167",47,4.79579054559674,"unpaired",5.01063529409626,5.04985600724954,5.03020742514944,0.214844748499514,0.254065461652796,0.234416879552695,4.70048036579242,4.78749174278205,4.70048036579242
"76167",48,4.90527477843843,"unpaired",5.0998664278242,5.14749447681345,5.12362511018433,0.194591649385769,0.242219698375023,0.218350331745904,5.11799381241676,5.01727983681492,4.97673374242057
"76167",49,4.35670882668959,"paired",3.91202300542815,3.91202300542815,3.91202300542815,0.444685821261446,0.444685821261446,0.444685821261446,4.56434819146784,4.40671924726425,4.63472898822964
"76167",51,5.01063529409626,"unpaired",4.97673374242057,4.9272536851572,4.95193191314137,0.0339015516756813,0.0833816089390504,0.0587033809548814,4.66343909411207,4.969813299576,5.06259503302697
"76167",52,4.35670882668959,"unpaired",4.24849524204936,4.64439089914137,4.44203474065877,0.108213584640232,0.287682072451781,0.0853259139691831,4.62497281328427,4.40671924726425,4.63472898822964
"76167",53,3.91202300542815,"paired",3.68887945411394,4.38202663467388,4.02054324936675,0.22314355131421,0.470003629245735,0.1085202439386,4.33073334028633,4.58496747867057,3.55534806148941
"76167",54,4.52178857704904,"paired",4.60517018598809,4.69134788222914,4.6480593153853,0.0833816089390513,0.169559305180103,0.126270738336256,4.49980967033027,4.68213122712422,4.59511985013459
"76167",55,4.79579054559674,"unpaired",5.01063529409626,4.78749174278205,4.89779288012244,0.214844748499514,0.00829880281469553,0.102002334525703,4.78749174278205,5.06259503302697,5.01727983681492
"76167",57,4.15888308335967,"paired",4.39444915467244,4.51085950651685,4.45227388479854,0.235566071312768,0.351976423157178,0.293390801438871,4.0943445622221,3.93182563272433,3.8286413964891
"76167",58,4.79579054559674,"paired",5.06259503302697,5.13579843705026,5.0990653710301,0.266804487430226,0.340007891453521,0.303274825433357,4.67282883446191,4.80402104473326,4.8283137373023
"76167",59,4.90527477843843,"unpaired",5.14166355650266,5.04342511691925,5.09230744590445,0.236388778064231,0.138150338480817,0.187032667466016,4.71849887129509,4.43081679884331,4.78749174278205
"76167",60,5.01063529409626,"unpaired",5.16478597392351,5.04342511691925,5.10374483143486,0.154150679827259,0.0327898228229913,0.0931095373386075,4.98360662170834,4.98360662170834,4.97673374242057
"76167",61,3.91202300542815,"paired",3.78418963391826,3.80666248977032,3.79540942898317,0.127833371509885,0.105360515657826,0.11661357644498,4.33073334028633,4.17438726989564,3.89182029811063
"76167",63,4.15888308335967,"unpaired",4.68213122712422,4.33073334028633,4.50300586374286,0.523248143764548,0.17185025692666,0.344122780383192,4.17438726989564,4.48863636973214,4.51085950651685
"76167",64,4.90527477843843,"unpaired",5.06259503302697,4.99043258677874,5.02638430946958,0.157320254588537,0.0851578083403064,0.121109531031146,4.70048036579242,4.9272536851572,5.12989871492307
"76167",65,4.67282883446191,"paired",4.67282883446191,4.71849887129509,4.69560832919055,0,0.0456700368331884,0.0227794947286446,4.45434729625351,4.71849887129509,4.70048036579242
"76167",66,4.15888308335967,"paired",4.02535169073515,4.0943445622221,4.05970156612441,0.133531392624522,0.0645385211375711,0.0991815172352606,3.93182563272433,3.91202300542815,4.39444915467244
"76167",67,4.67282883446191,"unpaired",4.62497281328427,4.66343909411207,4.64416612823824,0.0478560211776351,0.00938974034983886,0.0286627062236686,4.85981240436167,4.34380542185368,4.67282883446191
"76167",69,4.79579054559674,"paired",4.91998092582813,4.94875989037817,4.9343494269421,0.124190380231384,0.152969344781427,0.138558881345363,4.4188406077966,4.55387689160054,5.01063529409626
"76167",70,4.52178857704904,"paired",4.65396035015752,4.66343909411207,4.65869731141358,0.132171773108483,0.141650517063026,0.136908734364535,4.51085950651685,4.52178857704904,4.60517018598809
"76167",71,4.67282883446191,"unpaired",4.60517018598809,4.78749174278205,4.69544611719952,0.067658648473814,0.11466290832014,0.0226172827376141,4.43081679884331,4.52178857704904,4.62497281328427
"76167",72,3.91202300542815,"unpaired",3.66356164612965,3.55534806148941,3.60904929264121,0.2484613592985,0.356674943938732,0.302973712786938,3.89182029811063,3.8286413964891,3.40119738166216
"76167",73,4.35670882668959,"paired",4.29045944114839,4.46590811865458,4.37730483870872,0.0662493855412007,0.109199291964992,0.0205960120191317,4.11087386417331,4.52178857704904,4.70048036579242
"76167",75,4.52178857704904,"unpaired",4.55387689160054,4.70048036579242,4.62659798525916,0.0320883145515003,0.178691788743376,0.104809408210123,4.64439089914137,4.56434819146784,4.33073334028633
"76167",76,4.15888308335967,"unpaired",4.51085950651685,4.57471097850338,4.54267305745736,0.351976423157178,0.415827895143711,0.383789974097687,3.63758615972639,4.04305126783455,4.39444915467244
"76167",77,4.90527477843843,"paired",4.8283137373023,4.8283137373023,4.8283137373023,0.0769610411361281,0.0769610411361281,0.0769610411361272,5.14166355650266,5.09375020080676,5.14166355650266
"76167",78,4.15888308335967,"paired",4.60517018598809,4.58496747867057,4.59505772939783,0.44628710262842,0.426084395310901,0.436174646038155,4.47733681447821,4.24849524204936,4.68213122712422
"76167",79,3.91202300542815,"unpaired",3.55534806148941,3.63758615972639,3.59623204221918,0.356674943938732,0.27443684570176,0.315790963208967,4.21950770517611,3.49650756146648,3.55534806148941
"76167",81,4.79579054559674,"paired",5.01727983681492,4.99043258677874,5.00383820628016,0.221489291218183,0.194642041181995,0.208047660683423,4.51085950651685,4.75359019110636,5.06259503302697
"76167",82,4.15888308335967,"paired",4.24849524204936,4.34380542185368,4.29588601654345,0.0896121586896879,0.184922338494013,0.137002933183783,4.43081679884331,3.85014760171006,4.60517018598809
"76167",83,4.79579054559674,"unpaired",5.01063529409626,4.72738781871234,4.86695143321985,0.214844748499514,0.0684027268844005,0.07116088762311,4.49980967033027,4.89783979995091,4.70048036579242
"76167",84,3.91202300542815,"unpaired",3.89182029811063,3.98898404656427,3.94010267394878,0.0202027073175195,0.0769610411361286,0.0280796685206326,3.61091791264422,4.51085950651685,3.91202300542815
"76167",85,4.15888308335967,"paired",3.8286413964891,4.07753744390572,3.95113004765368,0.330241686870576,0.0813456394539518,0.207753035705992,4.11087386417331,4.57471097850338,4.51085950651685
"76167",87,3.91202300542815,"unpaired",4.14313472639153,4.24849524204936,4.19548425956336,0.231111720963387,0.336472236621213,0.283461254135212,3.97029191355212,3.29583686600433,4.24849524204936
"76167",88,4.90527477843843,"unpaired",5.12989871492307,4.91998092582813,5.0238435314858,0.224623936484644,0.0147061473896954,0.118568753047373,4.17438726989564,5.06890420222023,4.7361984483945
"76167",89,3.91202300542815,"paired",4.11087386417331,3.68887945411394,3.89416462620713,0.198850858745165,0.22314355131421,0.017858379221019,4.38202663467388,3.29583686600433,3.91202300542815
"76167",90,5.01063529409626,"paired",4.97673374242057,4.97673374242057,4.97673374242057,0.0339015516756813,0.0339015516756813,0.0339015516756813,5.13579843705026,4.95582705760126,5.16478597392351
"76167",91,4.52178857704904,"unpaired",4.65396035015752,4.76217393479776,4.70775622490188,0.132171773108483,0.240385357748716,0.185967647852839,4.26267987704132,4.36944785246702,4.60517018598809
"76167",93,4.35670882668959,"paired",4.53259949315326,4.43081679884331,4.48141919225284,0.175890666463665,0.0741079721537217,0.124710365563252,4.23410650459726,3.80666248977032,4.30406509320417
"76167",94,4.35670882668959,"paired",4.21950770517611,4.30406509320417,4.26157668291379,0.137201121513485,0.0526437334854215,0.0951321437757997,4.74493212836325,4.57471097850338,4.70048036579242
"76167",95,4.15888308335967,"unpaired",4.52178857704904,4.00733318523247,4.25679614515585,0.362905493689369,0.1515498981272,0.0979130617961825,3.58351893845611,4.53259949315326,4.24849524204936
"76167",96,4.52178857704904,"unpaired",4.60517018598809,4.43081679884331,4.51715235758198,0.0833816089390513,0.0909717782057271,0.00463621946706372,4.31748811353631,4.43081679884331,4.70048036579242
"76175",1,4.52178857704904,"paired",4.78749174278205,4.99043258677874,4.8879090419231,0.265703165733005,0.468644009729696,0.366120464874064,4.38202663467388,4.72738781871234,4.86753445045558
"76175",3,3.91202300542815,"unpaired",4.40671924726425,4.48863636973214,4.44748921128191,0.494696241836107,0.576613364303994,0.535466205853762,3.61091791264422,4.0943445622221,4.26267987704132
"76175",4,4.67282883446191,"unpaired",5.01727983681492,4.77068462446567,4.89242882157059,0.344451002353019,0.0978557900037593,0.219599987108681,4.67282883446191,4.70048036579242,4.84418708645859
"76175",5,3.91202300542815,"paired",4.12713438504509,4.35670882668959,4.24036823922877,0.215111379616946,0.444685821261446,0.328345233800621,4.00733318523247,4.39444915467244,4.53259949315326
"76175",6,4.35670882668959,"paired",4.68213122712422,4.76217393479776,4.72198298272173,0.325422400434628,0.405465108108165,0.365274156032137,4.40671924726425,3.91202300542815,4.57471097850338
"76175",7,3.91202300542815,"unpaired",4.43081679884331,4.53259949315326,4.48141919225284,0.518793793415167,0.62057648772511,0.569396186824698,3.63758615972639,3.95124371858143,4.54329478227
"76175",9,4.90527477843843,"paired",4.969813299576,4.96284463025991,4.96632774262785,0.0645385211375711,0.0575698518214773,0.0610529641894191,4.60517018598809,4.76217393479776,4.85203026391962
"76175",10,3.91202300542815,"paired",4.48863636973214,4.40671924726425,4.44748921128191,0.576613364303994,0.494696241836107,0.535466205853762,3.89182029811063,3.68887945411394,4.57471097850338
"76175",11,4.67282883446191,"unpaired",4.969813299576,4.79579054559674,4.88202659102626,0.296984465114095,0.122961711134836,0.209197756564358,4.44265125649032,4.67282883446191,4.86753445045558
"76175",12,4.52178857704904,"unpaired",4.91998092582813,4.86753445045558,4.89368742892849,0.398192348779085,0.345745873406542,0.37189885187945,4.60517018598809,4.12713438504509,4.8283137373023
"76175",13,4.67282883446191,"paired",4.93447393313069,5.00394630594546,4.96908871016341,0.261645098668786,0.331117471483553,0.296259875701506,4.38202663467388,4.26267987704132,4.68213122712422
"76175",15,4.79579054559674,"unpaired",4.99721227376411,4.969813299576,4.98349395695002,0.201421728167373,0.174022753979259,0.187703411353274,4.85203026391962,4.82028156560504,4.94875989037817
"76175",16,4.15888308335967,"unpaired",4.4188406077966,4.53259949315326,4.47535861124267,0.259957524436927,0.373716409793585,0.316475527882995,3.95124371858143,4.45434729625351,4.45434729625351
"76175",17,4.52178857704904,"paired",4.60517018598809,4.68213122712422,4.64349126563584,0.0833816089390513,0.160342650075179,0.121702688586796,4.02535169073515,4.0943445622221,4.85203026391962
"76175",18,4.67282883446191,"paired",4.79579054559674,4.85203026391962,4.82382844498589,0.122961711134836,0.179201429457711,0.150999610523981,4.69134788222914,4.82028156560504,5.01727983681492
"76175",19,4.90527477843843,"unpaired",4.89783979995091,4.88280192258637,4.89031508102703,0.00743497848751851,0.022472855852059,0.0149596974114043,4.52178857704904,4.79579054559674,4.97673374242057
"76175",21,4.52178857704904,"paired",4.67282883446191,4.72738781871234,4.70002916065028,0.151040257412865,0.2055992416633,0.178240583601242,4.47733681447821,4.0943445622221,4.86753445045558
"76175",22,4.52178857704904,"paired",4.85203026391962,4.86753445045558,4.85977617429875,0.330241686870576,0.345745873406542,0.337987597249712,4.65396035015752,4.60517018598809,4.77068462446567
"76175",23,5.01063529409626,"unpaired",4.95582705760126,5.01727983681492,4.98645878062224,0.0548082364949947,0.00664454271866877,0.0241765134740151,5.10594547390058,4.89034912822175,5.03043792139244
"76175",24,4.67282883446191,"unpaired",4.85981240436167,4.97673374242057,4.91792561702806,0.186983569899766,0.303904907958668,0.245096782566151,4.63472898822964,4.67282883446191,4.86753445045558
"76175",25,4.67282883446191,"paired",4.82028156560504,4.85203026391962,4.83612986146252,0.147452731143131,0.179201429457711,0.163301027000611,4.36944785246702,4.4188406077966,4.86753445045558
"76175",27,4.79579054559674,"unpaired",4.9416424226093,4.93447393313069,4.93805687707406,0.145851877012563,0.13868338753395,0.142266331477318,4.71849887129509,4.00733318523247,4.71849887129509
"76175",28,5.01063529409626,"unpaired",4.98360662170834,5.00394630594546,4.99376610835777,0.0270286723879192,0.00668898815079633,0.0168691857384813,4.74493212836325,5.05624580534831,5.03043792139244
"76175",29,4.15888308335967,"paired",4.39444915467244,4.40671924726425,4.40057992439851,0.235566071312768,0.247836163904582,0.241696841038834,3.76120011569356,3.49650756146648,4.71849887129509
"76175",30,4.67282883446191,"paired",4.84418708645859,4.89034912822175,4.86721338089937,0.171358251996685,0.217520293759848,0.194384546437462,4.82028156560504,4.59511985013459,4.969813299576
"76175",31,5.01063529409626,"unpaired",4.89783979995091,4.94875989037817,4.92323401348087,0.112795494145344,0.0618754037180871,0.0874012806153903,4.78749174278205,5.0998664278242,4.99721227376411
"76175",33,4.79579054559674,"paired",4.9272536851572,4.96284463025991,4.9450171378177,0.131463139560464,0.167054084663166,0.149226592220961,4.52178857704904,4.77068462446567,4.88280192258637
"76175",34,3.91202300542815,"paired",4.51085950651685,4.53259949315326,4.52171643437797,0.598836501088704,0.62057648772511,0.609693428949824,3.89182029811063,4.47733681447821,4.48863636973214
"76175",35,4.35670882668959,"unpaired",4.52178857704904,4.72738781871234,4.62344549421038,0.165079750359449,0.370678992022749,0.266736667520785,4.74493212836325,4.65396035015752,4.70953020131233
"76175",36,3.91202300542815,"unpaired",4.43081679884331,4.51085950651685,4.47065902062514,0.518793793415167,0.598836501088704,0.558636015196992,4.38202663467388,3.87120101090789,4.12713438504509
"76175",37,4.90527477843843,"paired",4.85203026391962,4.9272536851572,4.8894973155113,0.0532445145188127,0.0219789067187754,0.0157774629271294,4.81218435537242,4.80402104473326,4.97673374242057
"76175",39,4.35670882668959,"unpaired",4.57471097850338,4.74493212836325,4.65904422600567,0.218002151813791,0.388223301673658,0.302335399316079,4.4188406077966,4.40671924726425,4.68213122712422
"76175",40,4.79579054559674,"unpaired",4.96284463025991,4.85981240436167,4.91105832739307,0.167054084663166,0.0640218587649306,0.115267781796327,4.74493212836325,4.60517018598809,4.99721227376411
"76175",41,3.91202300542815,"paired",4.47733681447821,4.36944785246702,4.42306338738134,0.565313809050061,0.457424847038876,0.511040381953199,4.15888308335967,3.89182029811063,4.57471097850338
"76175",42,4.35670882668959,"paired",4.80402104473326,4.79579054559674,4.79990403103849,0.447312218043665,0.43908171890715,0.443195204348896,4.67282883446191,4.63472898822964,4.74493212836325
"76175",43,4.15888308335967,"unpaired",4.53259949315326,4.66343909411207,4.5975538794367,0.373716409793585,0.504556010752395,0.438670796077027,4.11087386417331,3.95124371858143,4.4188406077966
"76175",45,4.79579054559674,"paired",4.9416424226093,4.969813299576,4.95570784385366,0.145851877012563,0.174022753979259,0.159917298256917,4.82028156560504,4.65396035015752,4.88280192258637
"76175",46,4.67282883446191,"paired",4.86753445045558,4.969813299576,4.91840801967654,0.194705615993676,0.296984465114095,0.245579185214634,4.70953020131233,4.53259949315326,4.85981240436167
"76175",47,4.79579054559674,"unpaired",5.02388052084628,4.94875989037817,4.98617873883561,0.228089975249535,0.152969344781427,0.190388193238865,4.71849887129509,4.9416424226093,4.8283137373023
"76175",48,4.90527477843843,"unpaired",5.04342511691925,4.99043258677874,5.01685888305144,0.138150338480817,0.0851578083403064,0.111584104613012,4.58496747867057,4.77912349311153,4.96284463025991
"76175",49,4.35670882668959,"paired",4.53259949315326,4.44265125649032,4.48740000818121,0.175890666463665,0.085942429800725,0.130691181491614,4.12713438504509,4.51085950651685,4.68213122712422
"76175",51,5.01063529409626,"unpaired",4.99721227376411,4.99721227376411,4.99721227376411,0.0134230203321408,0.0134230203321408,0.0134230203321408,5.07517381523383,5.06890420222023,5.01727983681492
"76175",52,4.35670882668959,"unpaired",4.60517018598809,4.84418708645859,4.72316694029627,0.2484613592985,0.487478259769,0.366458113606678,4.21950770517611,4.71849887129509,4.53259949315326
"76175",53,3.91202300542815,"paired",4.52178857704904,4.46590811865458,4.49376148867325,0.609765571620895,0.553885113226438,0.581738483245109,4.54329478227,4.53259949315326,4.48863636973214
"76175",54,4.52178857704904,"paired",4.77068462446567,4.81218435537242,4.79138955985311,0.248896047416625,0.290395778323377,0.269600982804072,4.70048036579242,4.24849524204936,4.78749174278205
"76175",55,4.79579054559674,"unpaired",4.88280192258637,4.87519732320115,4.87899814129033,0.0870113769896292,0.0794067776044098,0.0832075956935894,4.21950770517611,4.85981240436167,4.94875989037817
"76175",57,4.15888308335967,"paired",4.54329478227,4.52178857704904,4.53252892419177,0.384411698910332,0.362905493689369,0.373645840832099,3.87120101090789,4.60517018598809,4.57471097850338
"76175",58,4.79579054559674,"paired",4.71849887129509,4.99721227376411,4.8558563069121,0.0772916743016472,0.201421728167373,0.0600657613153537,4.49980967033027,4.77068462446567,5.02388052084628
"76175",59,4.90527477843843,"unpaired",4.96284463025991,4.99721227376411,4.9799988051323,0.0575698518214773,0.0919374953256851,0.0747240266938709,4.70048036579242,4.84418708645859,4.969813299576
"76175",60,5.01063529409626,"unpaired",5.01727983681492,4.94875989037817,4.98290208766265,0.00664454271866877,0.0618754037180871,0.0277332064336031,4.84418708645859,4.60517018598809,4.98360662170834
"76175",61,3.91202300542815,"paired",4.26267987704132,4.4188406077966,4.34005794186064,0.35065687161317,0.506817602368452,0.42803493643249,4.33073334028633,3.61091791264422,4.53259949315326
"76175",63,4.15888308335967,"unpaired",4.55387689160054,4.49980967033027,4.52676255996685,0.394993808240869,0.340926586970594,0.36787947660718,4.14313472639153,4.35670882668959,4.4188406077966
"76175",64,4.90527477843843,"unpaired",4.97673374242057,4.89034912822175,4.93335236108655,0.0714589639821446,0.0149256502166759,0.0280775826481214,4.89034912822175,4.84418708645859,5.01727983681492
"76175",65,4.67282883446191,"paired",4.70048036579242,4.81218435537242,4.75600442377859,0.0276515313305108,0.139355520910511,0.0831755893166806,4.20469261939097,4.74493212836325,4.79579054559674
"76175",66,4.15888308335967,"paired",4.45434729625351,4.53259949315326,4.49330304979836,0.295464212893836,0.373716409793585,0.334419966438687,4.46590811865458,4.68213122712422,4.53259949315326
"76175",67,4.67282883446191,"unpaired",4.68213122712422,4.68213122712422,4.68213122712422,0.00930239266231414,0.00930239266231414,0.00930239266231414,4.86753445045558,4.97673374242057,4.93447393313069
"76175",69,4.79579054559674,"paired",4.8283137373023,4.91265488573605,4.87030174336505,0.0325231917055602,0.116864340139311,0.0745111977683095,4.48863636973214,4.64439089914137,4.71849887129509
"76175",70,4.52178857704904,"paired",4.8283137373023,4.85203026391962,4.84015747441027,0.306525160253261,0.330241686870576,0.318368897361229,4.36944785246702,4.11087386417331,4.91998092582813
"76175",71,4.67282883446191,"unpaired",4.89783979995091,4.91265488573605,4.90524174967772,0.225010965489005,0.239826051274147,0.232412915215814,4.71849887129509,4.53259949315326,4.86753445045558
"76175",72,3.91202300542815,"unpaired",4.57471097850338,4.47733681447821,4.525762021986,0.662687973075237,0.565313809050061,0.613739016557855,4.00733318523247,4.29045944114839,4.47733681447821
"76175",73,4.35670882668959,"paired",4.70953020131233,4.80402104473326,4.75654099087891,0.352821374622742,0.447312218043665,0.399832164189315,4.11087386417331,4.15888308335967,4.80402104473326
"76175",75,4.52178857704904,"unpaired",4.86753445045558,4.77912349311153,4.82312639744201,0.345745873406542,0.257334916062489,0.301337820392974,4.69134788222914,4.54329478227,4.54329478227
"76175",76,4.15888308335967,"unpaired",4.48863636973214,4.71849887129509,4.60213272779428,0.329753286372468,0.559615787935423,0.443249644434608,4.54329478227,4.15888308335967,4.53259949315326
"76175",77,4.90527477843843,"paired",4.70953020131233,4.67282883446191,4.6911436261813,0.195744577126096,0.232445943976524,0.214131152257128,4.74493212836325,4.76217393479776,5.01727983681492
"76175",78,4.15888308335967,"paired",4.57471097850338,4.68213122712422,4.6281094550063,0.415827895143711,0.523248143764548,0.469226371646626,4.52178857704904,4.21950770517611,4.48863636973214
"76175",79,3.91202300542815,"unpaired",4.31748811353631,4.45434729625351,4.38538384923568,0.405465108108164,0.542324290825361,0.473360843807531,4.0943445622221,3.8286413964891,4.48863636973214
"76175",81,4.79579054559674,"paired",4.94875989037817,4.91265488573605,4.93067434067602,0.152969344781427,0.116864340139311,0.13488379507928,4.79579054559674,4.69134788222914,4.9272536851572
"76175",82,4.15888308335967,"paired",4.78749174278205,4.83628190695148,4.81182498593791,0.628608659422374,0.677398823591806,0.652941902578243,4.02535169073515,4.4188406077966,4.4188406077966
"76175",83,4.79579054559674,"unpaired",4.94875989037817,5.02388052084628,4.98617873883561,0.152969344781427,0.228089975249535,0.190388193238865,5.00394630594546,4.80402104473326,4.96284463025991
"76175",84,3.91202300542815,"unpaired",4.54329478227,4.83628190695148,4.6874997977002,0.631271776841858,0.924258901523332,0.775476792272059,4.44265125649032,4.31748811353631,4.51085950651685
"76175",85,4.15888308335967,"paired",4.71849887129509,4.68213122712422,4.70027987575646,0.559615787935423,0.523248143764548,0.541396792396787,3.76120011569356,4.60517018598809,4.55387689160054
"76175",87,3.91202300542815,"unpaired",4.56434819146784,4.51085950651685,4.53752503359879,0.65232518603969,0.598836501088704,0.625502028170642,3.97029191355212,4.4188406077966,4.51085950651685
"76175",88,4.90527477843843,"unpaired",5.01727983681492,5.04342511691925,5.03033549056173,0.112005058376495,0.138150338480817,0.125060712123299,4.81218435537242,4.81218435537242,4.70953020131233
"76175",89,3.91202300542815,"paired",4.53259949315326,4.4188406077966,4.47535861124267,0.62057648772511,0.506817602368452,0.56333560581452,4.60517018598809,3.8286413964891,4.52178857704904
"76175",90,5.01063529409626,"paired",5.03043792139244,5.03043792139244,5.03043792139244,0.0198026272961798,0.0198026272961798,0.0198026272961798,4.72738781871234,4.93447393313069,4.98360662170834
"76175",91,4.52178857704904,"unpaired",4.54329478227,4.8283137373023,4.68363668636329,0.0215062052209634,0.306525160253261,0.161848109314253,4.54329478227,4.0943445622221,4.8283137373023
"76175",93,4.35670882668959,"paired",4.85981240436167,4.84418708645859,4.85199345545932,0.50310357767208,0.487478259769,0.495284628769729,4.51085950651685,4.48863636973214,4.60517018598809
"76175",94,4.35670882668959,"paired",4.74493212836325,4.81218435537242,4.77843992903684,0.388223301673658,0.455475528682825,0.421731102347246,4.21950770517611,4.65396035015752,4.70953020131233
"76175",95,4.15888308335967,"unpaired",4.71849887129509,4.69134788222914,4.70490379148722,0.559615787935423,0.532464798869472,0.546020708127552,4.4188406077966,3.91202300542815,4.78749174278205
"76175",96,4.52178857704904,"unpaired",4.89034912822175,4.70048036579242,4.79447495134518,0.368560551172713,0.178691788743376,0.272686374296145,4.71849887129509,4.44265125649032,4.8283137373023
"76176",1,4.52178857704904,"paired",4.59511985013459,4.60517018598809,4.60014227333046,0.0733312730855493,0.0833816089390513,0.0783536962814146,4.00733318523247,4.31748811353631,4.75359019110636
"76176",3,3.91202300542815,"unpaired",4.60517018598809,4.63472898822964,4.61992594710455,0.693147180559946,0.72270598280149,0.707902941676404,3.95124371858143,3.2188758248682,4.60517018598809
"76176",4,4.67282883446191,"unpaired",4.60517018598809,4.60517018598809,4.60517018598809,0.067658648473814,0.067658648473814,0.067658648473814,4.84418708645859,4.84418708645859,4.84418708645859
"76176",5,3.91202300542815,"paired",4.60517018598809,4.58496747867057,4.59505772939783,0.693147180559946,0.672944473242426,0.68303472396968,4.35670882668959,4.26267987704132,4.60517018598809
"76176",6,4.35670882668959,"paired",4.60517018598809,4.60517018598809,4.60517018598809,0.2484613592985,0.2484613592985,0.2484613592985,4.38202663467388,4.4188406077966,4.69134788222914
"76176",7,3.91202300542815,"unpaired",4.60517018598809,4.60517018598809,4.60517018598809,0.693147180559946,0.693147180559946,0.693147180559946,4.27666611901606,3.68887945411394,4.60517018598809
"76176",9,4.90527477843843,"paired",4.60517018598809,4.60517018598809,4.60517018598809,0.300104592450338,0.300104592450338,0.300104592450338,4.96284463025991,4.78749174278205,4.89783979995091
"76176",10,3.91202300542815,"paired",4.60517018598809,4.60517018598809,4.60517018598809,0.693147180559946,0.693147180559946,0.693147180559946,3.68887945411394,3.91202300542815,4.60517018598809
"76176",11,4.67282883446191,"unpaired",4.60517018598809,4.77912349311153,4.69134064267694,0.067658648473814,0.106294658649624,0.0185118082150346,4.54329478227,4.93447393313069,4.60517018598809
"76176",12,4.52178857704904,"unpaired",4.60517018598809,4.80402104473326,4.70354488530353,0.0833816089390513,0.282232467684216,0.181756308254485,4.45434729625351,4.82028156560504,4.59511985013459
"76176",13,4.67282883446191,"paired",4.60517018598809,4.60517018598809,4.60517018598809,0.067658648473814,0.067658648473814,0.067658648473814,4.55387689160054,4.56434819146784,4.69134788222914
"76176",15,4.79579054559674,"unpaired",4.60517018598809,4.9272536851572,4.76349050273913,0.19062035960865,0.131463139560464,0.0323000428576092,4.85203026391962,4.68213122712422,4.72738781871234
"76176",16,4.15888308335967,"unpaired",4.60517018598809,4.69134788222914,4.6480593153853,0.44628710262842,0.532464798869472,0.489176232025625,4.35670882668959,4.18965474202643,4.60517018598809
"76176",17,4.52178857704904,"paired",4.60517018598809,4.60517018598809,4.60517018598809,0.0833816089390513,0.0833816089390513,0.0833816089390513,4.54329478227,4.51085950651685,4.59511985013459
"76176",18,4.67282883446191,"paired",4.70953020131233,4.70953020131233,4.70953020131233,0.0367013668504281,0.0367013668504281,0.0367013668504272,4.76217393479776,4.33073334028633,4.69134788222914
"76176",19,4.90527477843843,"unpaired",4.60517018598809,4.77912349311153,4.69134064267694,0.300104592450338,0.1261512853269,0.213934135761489,4.67282883446191,5.09375020080676,4.60517018598809
"76176",21,4.52178857704904,"paired",4.60517018598809,4.60517018598809,4.60517018598809,0.0833816089390513,0.0833816089390513,0.0833816089390513,4.67282883446191,4.49980967033027,4.77068462446567
"76176",22,4.52178857704904,"paired",4.77068462446567,4.83628190695148,4.80337128828023,0.248896047416625,0.314493329902438,0.281582711231192,4.65396035015752,4.26267987704132,4.60517018598809
"76176",23,5.01063529409626,"unpaired",4.77068462446567,4.9272536851572,4.84833717852021,0.23995066963059,0.0833816089390504,0.16229811557605,5.04342511691925,5.01727983681492,4.98360662170834
"76176",24,4.67282883446191,"unpaired",4.74493212836325,4.83628190695148,4.79038927459094,0.0721032939013444,0.163453072489572,0.117560440129038,4.54329478227,4.38202663467388,4.63472898822964
"76176",25,4.67282883446191,"paired",4.65396035015752,4.60517018598809,4.62950099376986,0.0188684843043827,0.067658648473814,0.0433278406920454,4.56434819146784,4.69134788222914,4.84418708645859
"76176",27,4.79579054559674,"unpaired",4.71849887129509,4.88280192258637,4.79994743309563,0.0772916743016472,0.0870113769896292,0.00415688749888599,4.71849887129509,4.87519732320115,4.60517018598809
"76176",28,5.01063529409626,"unpaired",4.86753445045558,4.99043258677874,4.92860046451543,0.143100843640673,0.0202027073175195,0.08203482958083,4.69134788222914,4.93447393313069,4.98360662170834
"76176",29,4.15888308335967,"paired",4.68213122712422,4.65396035015752,4.66802453777511,0.523248143764548,0.495077266797852,0.509141454415437,3.80666248977032,4.52178857704904,4.60517018598809
"76176",30,4.67282883446191,"paired",4.85203026391962,4.79579054559674,4.82382844498589,0.179201429457711,0.122961711134836,0.150999610523981,4.94875989037817,4.33073334028633,4.69134788222914
"76176",31,5.01063529409626,"unpaired",4.77912349311153,4.78749174278205,4.78330578794699,0.231511800984726,0.22314355131421,0.22732950614927,4.36944785246702,4.83628190695148,4.77068462446567
"76176",33,4.79579054559674,"paired",4.72738781871234,4.84418708645859,4.78543112207124,0.0684027268844005,0.0483965408618499,0.0103594235255056,4.64439089914137,4.82028156560504,4.60517018598809
"76176",34,3.91202300542815,"paired",4.60517018598809,4.60517018598809,4.60517018598809,0.693147180559946,0.693147180559946,0.693147180559946,3.93182563272433,4.02535169073515,4.60517018598809
"76176",35,4.35670882668959,"unpaired",4.74493212836325,4.60517018598809,4.67452885027737,0.388223301673658,0.2484613592985,0.317820023587776,4.51085950651685,4.53259949315326,4.69134788222914
"76176",36,3.91202300542815,"unpaired",4.63472898822964,4.60517018598809,4.61992594710455,0.72270598280149,0.693147180559946,0.707902941676404,3.85014760171006,3.85014760171006,4.60517018598809
"76176",37,4.90527477843843,"paired",4.71849887129509,4.79579054559674,4.75698773136592,0.186775907143335,0.109484232841688,0.148287047072507,4.82028156560504,4.44265125649032,4.60517018598809
"76176",39,4.35670882668959,"unpaired",4.7361984483945,4.60517018598809,4.67022482215465,0.379489621704904,0.2484613592985,0.313515995465054,4.82028156560504,4.7361984483945,4.74493212836325
"76176",40,4.79579054559674,"unpaired",4.86753445045558,4.78749174278205,4.82734719999124,0.0717439048588409,0.00829880281469553,0.0315566543944952,4.65396035015752,4.74493212836325,4.71849887129509
"76176",41,3.91202300542815,"paired",4.60517018598809,4.60517018598809,4.60517018598809,0.693147180559946,0.693147180559946,0.693147180559946,4.11087386417331,3.68887945411394,4.60517018598809
"76176",42,4.35670882668959,"paired",4.60517018598809,4.60517018598809,4.60517018598809,0.2484613592985,0.2484613592985,0.2484613592985,4.55387689160054,4.53259949315326,4.74493212836325
"76176",43,4.15888308335967,"unpaired",4.60517018598809,4.60517018598809,4.60517018598809,0.44628710262842,0.44628710262842,0.44628710262842,3.68887945411394,4.00733318523247,4.60517018598809
"76176",45,4.79579054559674,"paired",4.60517018598809,4.60517018598809,4.60517018598809,0.19062035960865,0.19062035960865,0.19062035960865,4.30406509320417,4.27666611901606,4.85203026391962
"76176",46,4.67282883446191,"paired",4.69134788222914,4.85203026391962,4.77101267061313,0.0185190477672377,0.179201429457711,0.0981838361512208,4.86753445045558,4.71849887129509,4.60517018598809
"76176",47,4.79579054559674,"unpaired",4.60517018598809,4.88280192258637,4.74195464318039,0.19062035960865,0.0870113769896292,0.0538359024163491,4.69134788222914,4.40671924726425,4.60517018598809
"76176",48,4.90527477843843,"unpaired",4.60517018598809,4.98360662170834,4.7906530486964,0.300104592450338,0.0783318432699067,0.114621729742034,4.79579054559674,4.89783979995091,4.60517018598809
"76176",49,4.35670882668959,"paired",4.60517018598809,4.60517018598809,4.60517018598809,0.2484613592985,0.2484613592985,0.2484613592985,4.17438726989564,4.53259949315326,4.7361984483945
"76176",51,5.01063529409626,"unpaired",4.8283137373023,4.91265488573605,4.87030174336505,0.182321556793954,0.0979804083602032,0.140333550731205,4.66343909411207,4.74493212836325,4.98360662170834
"76176",52,4.35670882668959,"unpaired",4.60517018598809,4.77912349311153,4.69134064267694,0.2484613592985,0.422414666421938,0.334631815987349,4.46590811865458,4.33073334028633,4.60517018598809
"76176",53,3.91202300542815,"paired",4.60517018598809,4.60517018598809,4.60517018598809,0.693147180559946,0.693147180559946,0.693147180559946,3.8286413964891,4.47733681447821,4.60517018598809
"76176",54,4.52178857704904,"paired",4.71849887129509,4.7361984483945,4.72734037625587,0.196710294246054,0.214409871345455,0.205551799206831,4.49980967033027,4.57471097850338,4.60517018598809
"76176",55,4.79579054559674,"unpaired",4.60517018598809,4.86753445045558,4.7345353024883,0.19062035960865,0.0717439048588409,0.0612552431084419,4.51085950651685,4.57471097850338,4.86753445045558
"76176",57,4.15888308335967,"paired",4.60517018598809,4.60517018598809,4.60517018598809,0.44628710262842,0.44628710262842,0.44628710262842,4.4188406077966,4.57471097850338,4.60517018598809
"76176",58,4.79579054559674,"paired",5.00394630594546,5.01063529409626,5.00728968308534,0.208155760348718,0.214844748499514,0.211499137488599,4.67282883446191,4.82028156560504,4.72738781871234
"76176",59,4.90527477843843,"unpaired",4.60517018598809,5.04342511691925,4.81931851859783,0.300104592450338,0.138150338480817,0.0859562598405956,4.70048036579242,4.7361984483945,4.71849887129509
"76176",60,5.01063529409626,"unpaired",4.80402104473326,5.05624580534831,4.92852018928984,0.206614249362999,0.0456105112520522,0.0821151048064195,4.9416424226093,4.81218435537242,4.77068462446567
"76176",61,3.91202300542815,"paired",4.60517018598809,4.60517018598809,4.60517018598809,0.693147180559946,0.693147180559946,0.693147180559946,3.29583686600433,4.34380542185368,4.60517018598809
"76176",63,4.15888308335967,"unpaired",4.60517018598809,4.71849887129509,4.66149013993451,0.44628710262842,0.559615787935423,0.502607056574835,4.35670882668959,4.18965474202643,4.60517018598809
"76176",64,4.90527477843843,"unpaired",4.76217393479776,5.00394630594546,4.8815635476045,0.143100843640673,0.0986715275070296,0.0237112308339347,5.09375020080676,4.65396035015752,4.89783979995091
"76176",65,4.67282883446191,"paired",4.72738781871234,4.64439089914137,4.6857055991536,0.054558984250435,0.0284379353205333,0.0128767646916916,4.35670882668959,4.65396035015752,4.84418708645859
"76176",66,4.15888308335967,"paired",4.60517018598809,4.60517018598809,4.60517018598809,0.44628710262842,0.44628710262842,0.44628710262842,4.53259949315326,4.4188406077966,4.60517018598809
"76176",67,4.67282883446191,"unpaired",4.63472898822964,4.60517018598809,4.61992594710455,0.0380998462322699,0.067658648473814,0.052902887357356,4.43081679884331,4.63472898822964,4.60517018598809
"76176",69,4.79579054559674,"paired",4.85203026391962,4.77912349311153,4.81543890248712,0.0562397183228756,0.0166670524852117,0.0196483568903796,4.9272536851572,4.83628190695148,4.60517018598809
"76176",70,4.52178857704904,"paired",4.60517018598809,4.60517018598809,4.60517018598809,0.0833816089390513,0.0833816089390513,0.0833816089390513,4.72738781871234,4.70048036579242,4.60517018598809
"76176",71,4.67282883446191,"unpaired",4.84418708645859,4.60517018598809,4.72316694029627,0.171358251996685,0.067658648473814,0.0503381058343635,4.85981240436167,4.38202663467388,4.60517018598809
"76176",72,3.91202300542815,"unpaired",4.60517018598809,4.60517018598809,4.60517018598809,0.693147180559946,0.693147180559946,0.693147180559946,3.66356164612965,3.55534806148941,4.60517018598809
"76176",73,4.35670882668959,"paired",4.74493212836325,4.66343909411207,4.70400913969324,0.388223301673658,0.306730267422475,0.34730031300365,3.93182563272433,4.26267987704132,4.60517018598809
"76176",75,4.52178857704904,"unpaired",4.64439089914137,4.60517018598809,4.62473896569312,0.122602322092332,0.0833816089390513,0.102950388644079,4.12713438504509,4.67282883446191,4.75359019110636
"76176",76,4.15888308335967,"unpaired",4.63472898822964,4.60517018598809,4.61992594710455,0.475845904869964,0.44628710262842,0.461042863744878,4.51085950651685,4.84418708645859,4.60517018598809
"76176",77,4.90527477843843,"paired",4.60517018598809,4.60517018598809,4.60517018598809,0.300104592450338,0.300104592450338,0.300104592450338,4.72738781871234,4.68213122712422,4.60517018598809
"76176",78,4.15888308335967,"paired",4.60517018598809,4.60517018598809,4.60517018598809,0.44628710262842,0.44628710262842,0.44628710262842,4.18965474202643,4.35670882668959,4.60517018598809
"76176",79,3.91202300542815,"unpaired",4.60517018598809,4.60517018598809,4.60517018598809,0.693147180559946,0.693147180559946,0.693147180559946,3.2188758248682,4.27666611901606,4.60517018598809
"76176",81,4.79579054559674,"paired",4.60517018598809,4.60517018598809,4.60517018598809,0.19062035960865,0.19062035960865,0.19062035960865,4.85981240436167,4.78749174278205,4.60517018598809
"76176",82,4.15888308335967,"paired",4.60517018598809,4.60517018598809,4.60517018598809,0.44628710262842,0.44628710262842,0.44628710262842,4.45434729625351,3.80666248977032,4.60517018598809
"76176",83,4.79579054559674,"unpaired",4.60517018598809,4.85981240436167,4.73077828629302,0.19062035960865,0.0640218587649306,0.0650122593037263,4.89034912822175,4.81218435537242,4.60517018598809
"76176",84,3.91202300542815,"unpaired",4.60517018598809,4.60517018598809,4.60517018598809,0.693147180559946,0.693147180559946,0.693147180559946,3.73766961828337,4.40671924726425,4.60517018598809
"76176",85,4.15888308335967,"paired",4.60517018598809,4.60517018598809,4.60517018598809,0.44628710262842,0.44628710262842,0.44628710262842,4.27666611901606,4.11087386417331,4.60517018598809
"76176",87,3.91202300542815,"unpaired",4.60517018598809,4.60517018598809,4.60517018598809,0.693147180559946,0.693147180559946,0.693147180559946,3.68887945411394,4.17438726989564,4.60517018598809
"76176",88,4.90527477843843,"unpaired",4.89783979995091,4.95582705760126,4.9267481165971,0.00743497848751851,0.0505522791628312,0.0214733381586711,4.67282883446191,4.74493212836325,4.71849887129509
"76176",89,3.91202300542815,"paired",4.60517018598809,4.60517018598809,4.60517018598809,0.693147180559946,0.693147180559946,0.693147180559946,4.58496747867057,4.52178857704904,4.60517018598809
"76176",90,5.01063529409626,"paired",4.98360662170834,4.99043258677874,4.98701843636652,0.0270286723879192,0.0202027073175195,0.0236168577297358,5.13579843705026,4.65396035015752,4.86753445045558
"76176",91,4.52178857704904,"unpaired",4.60517018598809,4.75359019110636,4.67879170561038,0.0833816089390513,0.231801614057324,0.157003128561336,4.54329478227,4.44265125649032,4.59511985013459
"76176",93,4.35670882668959,"paired",4.69134788222914,4.63472898822964,4.66295250068421,0.334639055539552,0.278020161540044,0.306243673994619,4.71849887129509,4.34380542185368,4.60517018598809
"76176",94,4.35670882668959,"paired",4.65396035015752,4.66343909411207,4.65869731141358,0.297251523467931,0.306730267422475,0.301988484723984,4.33073334028633,3.71357206670431,4.74493212836325
"76176",95,4.15888308335967,"unpaired",4.66343909411207,4.60517018598809,4.63421305944992,0.504556010752395,0.44628710262842,0.475329976090251,4.26267987704132,4.02535169073515,4.63472898822964
"76176",96,4.52178857704904,"unpaired",4.75359019110636,4.78749174278205,4.77051085194148,0.231801614057324,0.265703165733005,0.248722274892441,4.26267987704132,4.64439089914137,4.71849887129509
"76189",1,4.52178857704904,"paired",4.35670882668959,4.34380542185368,4.35025234013063,0.165079750359449,0.177983155195356,0.171536236918407,4.21950770517611,4.70048036579242,4.60517018598809
"76189",3,3.91202300542815,"unpaired",4.17438726989564,4.46590811865458,4.31768803864236,0.262364264467491,0.553885113226438,0.40566503321421,3.91202300542815,3.85014760171006,4.20469261939097
"76189",4,4.67282883446191,"unpaired",4.70048036579242,4.72738781871234,4.71391489351936,0.0276515313305108,0.054558984250435,0.0410860590574496,4.70048036579242,4.85981240436167,4.77068462446567
"76189",5,3.91202300542815,"paired",3.91202300542815,3.78418963391826,3.84757545797233,0,0.127833371509885,0.0644475474558206,3.61091791264422,4.38202663467388,4.38202663467388
"76189",6,4.35670882668959,"paired",4.72738781871234,4.70953020131233,4.71845056194741,0.370678992022749,0.352821374622742,0.361741735257816,4.30406509320417,4.66343909411207,4.7361984483945
"76189",7,3.91202300542815,"unpaired",4.17438726989564,4.45434729625351,4.31209585343075,0.262364264467491,0.542324290825361,0.400072848002606,3.80666248977032,4.23410650459726,4.60517018598809
"76189",9,4.90527477843843,"paired",4.60517018598809,4.60517018598809,4.60517018598809,0.300104592450338,0.300104592450338,0.300104592450338,4.79579054559674,4.68213122712422,4.79579054559674
"76189",10,3.91202300542815,"paired",4.24849524204936,4.34380542185368,4.29588601654345,0.336472236621213,0.431782416425538,0.383863011115309,4.04305126783455,3.93182563272433,4.38202663467388
"76189",11,4.67282883446191,"unpaired",4.57471097850338,4.72738781871234,4.65042287904084,0.098117855958523,0.054558984250435,0.0224059554210649,4.71849887129509,4.69134788222914,4.71849887129509
"76189",12,4.52178857704904,"unpaired",4.33073334028633,4.70048036579242,4.51182081154588,0.191055236762709,0.178691788743376,0.00996776550316181,4.65396035015752,4.65396035015752,4.61512051684126
"76189",13,4.67282883446191,"paired",4.79579054559674,4.60517018598809,4.69951397900098,0.122961711134836,0.067658648473814,0.026685144539079,4.84418708645859,4.71849887129509,4.74493212836325
"76189",15,4.79579054559674,"unpaired",4.70953020131233,4.78749174278205,4.74835097177593,0.0862603442844074,0.00829880281469553,0.0474395738208067,4.54329478227,4.35670882668959,4.86753445045558
"76189",16,4.15888308335967,"unpaired",4.31748811353631,4.52178857704904,4.41845769848864,0.158605030176639,0.362905493689369,0.259574615128964,4.0943445622221,4.0943445622221,4.46590811865458
"76189",17,4.52178857704904,"paired",4.64439089914137,4.72738781871234,4.6857055991536,0.122602322092332,0.2055992416633,0.163917022104557,4.31748811353631,4.49980967033027,4.72738781871234
"76189",18,4.67282883446191,"paired",4.68213122712422,4.72738781871234,4.70470510539393,0.00930239266231414,0.054558984250435,0.0318762709320231,4.56434819146784,4.4188406077966,4.71849887129509
"76189",19,4.90527477843843,"unpaired",4.80402104473326,4.77912349311153,4.79155609758322,0.101253733705173,0.1261512853269,0.113718680855213,4.80402104473326,4.70953020131233,4.8283137373023
"76189",21,4.52178857704904,"paired",4.61512051684126,4.65396035015752,4.63449974609749,0.0933319397922192,0.132171773108483,0.112711169048452,4.78749174278205,4.48863636973214,4.64439089914137
"76189",22,4.52178857704904,"paired",4.60517018598809,4.67282883446191,4.63887616052525,0.0833816089390513,0.151040257412865,0.117087583476206,4.54329478227,4.9272536851572,4.72738781871234
"76189",23,5.01063529409626,"unpaired",4.80402104473326,4.80402104473326,4.80402104473326,0.206614249362999,0.206614249362999,0.206614249362999,5.05624580534831,4.76217393479776,4.85203026391962
"76189",24,4.67282883446191,"unpaired",4.69134788222914,4.7361984483945,4.71371982203996,0.0185190477672377,0.0633696139325899,0.0408909875780585,4.94875989037817,4.72738781871234,4.81218435537242
"76189",25,4.67282883446191,"paired",4.71849887129509,4.7361984483945,4.72734037625587,0.0456700368331884,0.0633696139325899,0.0545115417939659,4.27666611901606,4.62497281328427,4.68213122712422
"76189",27,4.79579054559674,"unpaired",4.7361984483945,4.78749174278205,4.76177603041825,0.0595920972022457,0.00829880281469553,0.0340145151784919,4.71849887129509,4.78749174278205,4.83628190695148
"76189",28,5.01063529409626,"unpaired",4.7361984483945,4.80402104473326,4.76998920524147,0.27443684570176,0.206614249362999,0.240646088854785,4.969813299576,4.9272536851572,4.85203026391962
"76189",29,4.15888308335967,"paired",4.35670882668959,4.45434729625351,4.40525756145184,0.19782574332992,0.295464212893836,0.246374478092164,3.78418963391826,4.0943445622221,4.70953020131233
"76189",30,4.67282883446191,"paired",4.74493212836325,4.78749174278205,4.76616443113331,0.0721032939013444,0.11466290832014,0.0933355966714027,4.99043258677874,4.4188406077966,4.77068462446567
"76189",31,5.01063529409626,"unpaired",4.85203026391962,4.78749174278205,4.8196529775746,0.158605030176639,0.22314355131421,0.190982316521652,4.82028156560504,5.04985600724954,4.80402104473326
"76189",33,4.79579054559674,"paired",4.91265488573605,4.89783979995091,4.90524174967772,0.116864340139311,0.10204925435417,0.109451204080979,4.84418708645859,4.76217393479776,4.68213122712422
"76189",34,3.91202300542815,"paired",4.60517018598809,4.54329478227,4.57412785976355,0.693147180559946,0.631271776841858,0.662104854335404,4.51085950651685,4.04305126783455,3.91202300542815
"76189",35,4.35670882668959,"unpaired",4.55387689160054,4.53259949315326,4.54322573627494,0.197168064910949,0.175890666463665,0.186516909585344,4.74493212836325,4.75359019110636,4.71849887129509
"76189",36,3.91202300542815,"unpaired",4.27666611901606,4.52178857704904,4.39751975604652,0.364643113587909,0.609765571620895,0.485496750618374,3.2188758248682,4.18965474202643,4.36944785246702
"76189",37,4.90527477843843,"paired",4.79579054559674,4.77912349311153,4.78744976626424,0.109484232841688,0.1261512853269,0.117825012174188,4.69134788222914,4.69134788222914,4.80402104473326
"76189",39,4.35670882668959,"unpaired",4.60517018598809,4.72738781871234,4.66587884972781,0.2484613592985,0.370678992022749,0.309170023038222,4.57471097850338,4.15888308335967,4.72738781871234
"76189",40,4.79579054559674,"unpaired",4.69134788222914,4.79579054559674,4.74328175630542,0.104442663367598,0,0.0525087892913225,4.98360662170834,3.91202300542815,4.83628190695148
"76189",41,3.91202300542815,"paired",4.36944785246702,4.45434729625351,4.41169335150996,0.457424847038876,0.542324290825361,0.499670346081813,4.15888308335967,4.24849524204936,4.27666611901606
"76189",42,4.35670882668959,"paired",4.7361984483945,4.77912349311153,4.75761256017769,0.379489621704904,0.422414666421938,0.400903733488097,4.57471097850338,4.27666611901606,4.60517018598809
"76189",43,4.15888308335967,"unpaired",4.60517018598809,4.52178857704904,4.56328893917181,0.44628710262842,0.362905493689369,0.404405855812136,4.06044301054642,4.0943445622221,4.31748811353631
"76189",45,4.79579054559674,"paired",4.86753445045558,4.82028156560504,4.84385038801556,0.0717439048588409,0.0244910200082957,0.0480598424188177,4.77912349311153,4.36944785246702,4.83628190695148
"76189",46,4.67282883446191,"paired",4.77068462446567,4.84418708645859,4.80729537800655,0.0978557900037593,0.171358251996685,0.134466543544643,4.85203026391962,4.85203026391962,4.68213122712422
"76189",47,4.79579054559674,"unpaired",4.91265488573605,4.8283137373023,4.87030174336505,0.116864340139311,0.0325231917055602,0.0745111977683095,4.71849887129509,4.66343909411207,4.75359019110636
"76189",48,4.90527477843843,"unpaired",4.9272536851572,4.8283137373023,4.87753284511934,0.0219789067187754,0.0769610411361281,0.0277419333190938,4.74493212836325,4.65396035015752,4.80402104473326
"76189",49,4.35670882668959,"paired",4.60517018598809,4.58496747867057,4.59505772939783,0.2484613592985,0.228258651980981,0.238348902708235,4.56434819146784,3.55534806148941,4.60517018598809
"76189",51,5.01063529409626,"unpaired",4.81218435537242,4.77912349311153,4.79562543428322,0.198450938723838,0.231511800984726,0.21500985981304,5.06259503302697,4.81218435537242,4.85203026391962
"76189",52,4.35670882668959,"unpaired",4.60517018598809,4.54329478227,4.57412785976355,0.2484613592985,0.186585955580412,0.217419033073958,3.97029191355212,4.59511985013459,4.72738781871234
"76189",53,3.91202300542815,"paired",4.20469261939097,4.21950770517611,4.21209364869981,0.29266961396282,0.307484699747961,0.300070643271665,3.76120011569356,4.60517018598809,4.38202663467388
"76189",54,4.52178857704904,"paired",4.70048036579242,4.71849887129509,4.70948100118647,0.178691788743376,0.196710294246054,0.187692424137425,4.52178857704904,4.26267987704132,4.75359019110636
"76189",55,4.79579054559674,"unpaired",4.51085950651685,4.78749174278205,4.64711767015849,0.284931039079892,0.00829880281469553,0.148672875438247,4.06044301054642,5.07517381523383,4.7361984483945
"76189",57,4.15888308335967,"paired",4.33073334028633,4.46590811865458,4.39780140344159,0.17185025692666,0.307025035294912,0.238918320081917,4.4188406077966,4.06044301054642,4.60517018598809
"76189",58,4.79579054559674,"paired",4.68213122712422,4.77912349311153,4.73037877398634,0.113659318472521,0.0166670524852117,0.065411771610405,4.67282883446191,4.88280192258637,4.78749174278205
"76189",59,4.90527477843843,"unpaired",4.70048036579242,4.81218435537242,4.75600442377859,0.204794412646013,0.0930904230660126,0.149270354659843,4.74493212836325,4.75359019110636,4.9272536851572
"76189",60,5.01063529409626,"unpaired",4.90527477843843,4.79579054559674,4.85022374803361,0.105360515657826,0.214844748499514,0.160411546062648,4.89034912822175,4.78749174278205,4.79579054559674
"76189",61,3.91202300542815,"paired",4.47733681447821,4.46590811865458,4.47161881534297,0.565313809050061,0.553885113226438,0.559595809914824,4.36944785246702,4.0943445622221,4.60517018598809
"76189",63,4.15888308335967,"unpaired",4.70048036579242,4.60517018598809,4.6525812234038,0.541597282432745,0.44628710262842,0.493698140044132,4.35670882668959,4.21950770517611,4.60517018598809
"76189",64,4.90527477843843,"unpaired",4.8283137373023,4.76217393479776,4.79512980312389,0.0769610411361281,0.143100843640673,0.110144975314538,4.87519732320115,4.67282883446191,4.7361984483945
"76189",65,4.67282883446191,"paired",4.66343909411207,4.77912349311153,4.72092695700386,0.00938974034983886,0.106294658649624,0.0480981225419548,4.70953020131233,4.53259949315326,4.57471097850338
"76189",66,4.15888308335967,"paired",4.54329478227,4.60517018598809,4.57412785976355,0.384411698910332,0.44628710262842,0.415244776403878,3.91202300542815,4.47733681447821,4.60517018598809
"76189",67,4.67282883446191,"unpaired",4.81218435537242,4.68213122712422,4.74671240343965,0.139355520910511,0.00930239266231414,0.0738835689777453,4.4188406077966,4.85981240436167,4.57471097850338
"76189",69,4.79579054559674,"paired",4.83628190695148,4.84418708645859,4.84023288284021,0.0404913613547366,0.0483965408618499,0.0444423372434715,4.87519732320115,4.86753445045558,4.86753445045558
"76189",70,4.52178857704904,"paired",4.74493212836325,4.74493212836325,4.74493212836325,0.22314355131421,0.22314355131421,0.22314355131421,4.72738781871234,4.0943445622221,4.75359019110636
"76189",71,4.67282883446191,"unpaired",4.71849887129509,4.77912349311153,4.74871443740584,0.0456700368331884,0.106294658649624,0.0758856029439299,4.94875989037817,4.77068462446567,4.77068462446567
"76189",72,3.91202300542815,"unpaired",4.30406509320417,4.26267987704132,4.28332250271648,0.392042087776024,0.35065687161317,0.371299497288334,4.00733318523247,3.25809653802148,4.36944785246702
"76189",73,4.35670882668959,"paired",4.56434819146784,4.60517018598809,4.58471375440347,0.207639364778244,0.2484613592985,0.228004927713877,4.52178857704904,4.70048036579242,4.55387689160054
"76189",75,4.52178857704904,"unpaired",4.72738781871234,4.74493212836325,4.73615184978704,0.2055992416633,0.22314355131421,0.214363272738004,4.69134788222914,4.40671924726425,4.60517018598809
"76189",76,4.15888308335967,"unpaired",4.60517018598809,4.60517018598809,4.60517018598809,0.44628710262842,0.44628710262842,0.44628710262842,4.35670882668959,4.33073334028633,4.46590811865458
"76189",77,4.90527477843843,"paired",4.84418708645859,4.87519732320115,4.85966746979549,0.0610876919798384,0.0300774552372784,0.0456073086429383,4.47733681447821,4.70953020131233,4.70048036579242
"76189",78,4.15888308335967,"paired",4.72738781871234,4.70048036579242,4.71391489351936,0.568504735352669,0.541597282432745,0.555031810159684,4.38202663467388,4.91998092582813,4.33073334028633
"76189",79,3.91202300542815,"unpaired",4.17438726989564,4.60517018598809,4.3844912817899,0.262364264467491,0.693147180559946,0.472468276361751,3.55534806148941,4.17438726989564,3.91202300542815
"76189",81,4.79579054559674,"paired",4.78749174278205,4.83628190695148,4.81182498593791,0.00829880281469553,0.0404913613547366,0.0160344403411727,5.06259503302697,4.89783979995091,4.70953020131233
"76189",82,4.15888308335967,"paired",4.60517018598809,4.66343909411207,4.63421305944992,0.44628710262842,0.504556010752395,0.475329976090251,4.33073334028633,4.60517018598809,4.35670882668959
"76189",83,4.79579054559674,"unpaired",4.75359019110636,4.75359019110636,4.75359019110636,0.0422003544903768,0.0422003544903768,0.0422003544903777,4.83628190695148,4.80402104473326,4.91265488573605
"76189",84,3.91202300542815,"unpaired",4.30406509320417,4.26267987704132,4.28332250271648,0.392042087776024,0.35065687161317,0.371299497288334,3.80666248977032,4.06044301054642,4.47733681447821
"76189",85,4.15888308335967,"paired",4.46590811865458,4.46590811865458,4.46590811865458,0.307025035294912,0.307025035294912,0.307025035294912,4.71849887129509,4.4188406077966,4.33073334028633
"76189",87,3.91202300542815,"unpaired",4.60517018598809,4.60517018598809,4.60517018598809,0.693147180559946,0.693147180559946,0.693147180559946,4.44265125649032,4.40671924726425,4.20469261939097
"76189",88,4.90527477843843,"unpaired",4.7361984483945,4.77068462446567,4.75341026171461,0.169076330043934,0.134590153972765,0.151864516723819,4.91998092582813,5.11799381241676,4.8283137373023
"76189",89,3.91202300542815,"paired",4.38202663467388,4.4188406077966,4.40039512291149,0.470003629245735,0.506817602368452,0.488372117483343,4.0943445622221,4.52178857704904,4.60517018598809
"76189",90,5.01063529409626,"paired",4.79579054559674,4.83628190695148,4.8159936716319,0.214844748499514,0.174353387144778,0.19464162246436,5.13579843705026,4.89034912822175,4.7361984483945
"76189",91,4.52178857704904,"unpaired",4.60517018598809,4.62497281328427,4.61506087833543,0.0833816089390513,0.10318423623523,0.0932723012863903,4.75359019110636,4.00733318523247,4.64439089914137
"76189",93,4.35670882668959,"paired",4.71849887129509,4.75359019110636,4.7360120303199,0.361790044605502,0.396881364416773,0.379303203630307,4.31748811353631,4.4188406077966,4.72738781871234
"76189",94,4.35670882668959,"paired",4.60517018598809,4.65396035015752,4.62950099376986,0.2484613592985,0.297251523467931,0.272792167080269,4.33073334028633,4.80402104473326,4.55387689160054
"76189",95,4.15888308335967,"unpaired",4.70953020131233,4.59511985013459,4.65197331385925,0.550647117952662,0.436236766774918,0.493090230499583,4.14313472639153,4.44265125649032,4.46590811865458
"76189",96,4.52178857704904,"unpaired",4.75359019110636,4.60517018598809,4.67879170561038,0.231801614057324,0.0833816089390513,0.157003128561336,4.80402104473326,4.36944785246702,4.72738781871234
"76195",1,4.52178857704904,"paired",4.56434819146784,4.43081679884331,4.49708690626785,0.0425596144187956,0.0909717782057271,0.0247016707811865,4.04305126783455,4.71849887129509,4.38202663467388
"76195",3,3.91202300542815,"unpaired",4.12713438504509,3.78418963391826,3.95194371894075,0.215111379616946,0.127833371509885,0.0399207135126045,3.85014760171006,3.89182029811063,3.80666248977032
"76195",4,4.67282883446191,"unpaired",4.65396035015752,4.43081679884331,4.54101813480509,0.0188684843043827,0.242012035618592,0.13181069965682,4.35670882668959,4.36944785246702,4.65396035015752
"76195",5,3.91202300542815,"paired",3.85014760171006,3.73766961828337,3.79349175784241,0.0618754037180875,0.174353387144778,0.11853124758574,4.20469261939097,4.51085950651685,3.73766961828337
"76195",6,4.35670882668959,"paired",4.12713438504509,4.24849524204936,4.18737516806918,0.2295744416445,0.108213584640232,0.169333658620412,4.40671924726425,4.0943445622221,4.17438726989564
"76195",7,3.91202300542815,"unpaired",3.66356164612965,3.68887945411394,3.67619875486725,0.2484613592985,0.22314355131421,0.235824250560901,3.91202300542815,4.04305126783455,3.68887945411394
"76195",9,4.90527477843843,"paired",4.52178857704904,4.64439089914137,4.5826797526216,0.383486201389389,0.260883879297057,0.322595025816828,4.9272536851572,4.74493212836325,4.82028156560504
"76195",10,3.91202300542815,"paired",3.80666248977032,3.68887945411394,3.74730824022523,0.105360515657826,0.22314355131421,0.164714765202913,3.55534806148941,4.04305126783455,3.68887945411394
"76195",11,4.67282883446191,"unpaired",4.62497281328427,4.38202663467388,4.50186117649737,0.0478560211776351,0.290802199788025,0.170967657964538,4.81218435537242,4.81218435537242,4.71849887129509
"76195",12,4.52178857704904,"unpaired",4.43081679884331,4.24849524204936,4.33869843251155,0.0909717782057271,0.273293334999681,0.18309014453749,4.72738781871234,4.47733681447821,4.12713438504509
"76195",13,4.67282883446191,"paired",4.40671924726425,4.54329478227,4.47448595517122,0.266109587197652,0.129534052191902,0.198342879290688,4.38202663467388,4.46590811865458,4.55387689160054
"76195",15,4.79579054559674,"unpaired",4.71849887129509,4.70048036579242,4.70948100118647,0.0772916743016472,0.0953101798043248,0.0863095444102759,4.86753445045558,4.93447393313069,4.78749174278205
"76195",16,4.15888308335967,"unpaired",4.18965474202643,4.15888308335967,4.17424055748244,0.0307716586667537,0,0.0153574741227702,4.53259949315326,4.43081679884331,4.00733318523247
"76195",17,4.52178857704904,"paired",4.12713438504509,4.34380542185368,4.23408416525671,0.394654192003949,0.177983155195356,0.287704411792327,4.02535169073515,4.71849887129509,4.31748811353631
"76195",18,4.67282883446191,"paired",4.65396035015752,4.49980967033027,4.57623598484305,0.0188684843043827,0.173019164131641,0.0965928496188546,4.43081679884331,4.53259949315326,4.56434819146784
"76195",19,4.90527477843843,"unpaired",4.82028156560504,4.8283137373023,4.82429597981673,0.0849932128333926,0.0769610411361281,0.0809787986217012,5.12989871492307,4.67282883446191,4.70048036579242
"76195",21,4.52178857704904,"paired",4.43081679884331,4.33073334028633,4.38048924612896,0.0909717782057271,0.191055236762709,0.141299330920077,4.14313472639153,4.45434729625351,4.56434819146784
"76195",22,4.52178857704904,"paired",4.38202663467388,4.24849524204936,4.3147444081829,0.139761942375159,0.273293334999681,0.207044168866146,4.61512051684126,4.7361984483945,4.38202663467388
"76195",23,5.01063529409626,"unpaired",4.91998092582813,4.86753445045558,4.89368742892849,0.0906543682681304,0.143100843640673,0.116947865167765,4.85203026391962,4.91998092582813,4.74493212836325
"76195",24,4.67282883446191,"unpaired",4.70048036579242,4.31748811353631,4.50491599335876,0.0276515313305108,0.355340720925596,0.167912841103143,4.63472898822964,4.7361984483945,4.55387689160054
"76195",25,4.67282883446191,"paired",4.71849887129509,4.58496747867057,4.65125401080524,0.0456700368331884,0.0878613557913335,0.0215748236566675,4.89034912822175,4.55387689160054,4.40671924726425
"76195",27,4.79579054559674,"unpaired",4.78749174278205,4.70048036579242,4.7437865612125,0.00829880281469553,0.0953101798043248,0.0520039843842408,4.72738781871234,4.70953020131233,4.70048036579242
"76195",28,5.01063529409626,"unpaired",4.969813299576,4.90527477843843,4.93743859019614,0.0408219945202548,0.105360515657826,0.0731967039001171,4.78749174278205,4.74493212836325,4.9416424226093
"76195",29,4.15888308335967,"paired",4.12713438504509,4.24849524204936,4.18737516806918,0.0317486983145798,0.0896121586896879,0.0284920847095078,3.95124371858143,4.29045944114839,4.02535169073515
"76195",30,4.67282883446191,"paired",4.56434819146784,4.66343909411207,4.61362761774624,0.10848064299407,0.00938974034983886,0.0592012167156684,4.69134788222914,4.31748811353631,4.40671924726425
"76195",31,5.01063529409626,"unpaired",4.74493212836325,4.9416424226093,4.84228849800605,0.265703165733005,0.0689928714869517,0.168346796090205,4.85981240436167,4.93447393313069,4.91998092582813
"76195",33,4.79579054559674,"paired",4.78749174278205,4.65396035015752,4.72025388592755,0.00829880281469553,0.141830195439218,0.0755366596691864,5.03695260241363,4.55387689160054,4.44265125649032
"76195",34,3.91202300542815,"paired",3.8286413964891,3.68887945411394,3.75811077333794,0.0833816089390509,0.22314355131421,0.153912232090203,4.48863636973214,3.71357206670431,4.12713438504509
"76195",35,4.35670882668959,"unpaired",4.27666611901606,4.34380542185368,4.31010504225128,0.0800427076735364,0.0129034048359076,0.0466037844383136,3.61091791264422,4.39444915467244,4.12713438504509
"76195",36,3.91202300542815,"unpaired",3.87120101090789,3.80666248977032,3.8387961236023,0.0408219945202548,0.105360515657826,0.0732268818258501,3.2188758248682,3.29583686600433,3.80666248977032
"76195",37,4.90527477843843,"paired",4.56434819146784,4.45434729625351,4.50901231156274,0.340926586970594,0.450927482184922,0.396262466875692,4.8283137373023,5.04985600724954,4.8283137373023
"76195",39,4.35670882668959,"unpaired",4.27666611901606,4.21950770517611,4.24799077702081,0.0800427076735364,0.137201121513485,0.108718049668784,4.40671924726425,4.52178857704904,4.24849524204936
"76195",40,4.79579054559674,"unpaired",4.78749174278205,4.33073334028633,4.55338885960904,0.00829880281469553,0.46505720531041,0.2424016859877,4.68213122712422,4.38202663467388,4.71849887129509
"76195",41,3.91202300542815,"paired",3.58351893845611,3.78418963391826,3.68248764014971,0.328504066972036,0.127833371509885,0.229535365278436,3.52636052461616,4.46590811865458,3.68887945411394
"76195",42,4.35670882668959,"paired",4.18965474202643,4.24849524204936,4.21897241485753,0.167054084663167,0.108213584640232,0.137736411832059,4.80402104473326,4.14313472639153,4.24849524204936
"76195",43,4.15888308335967,"unpaired",3.95124371858143,4.0943445622221,4.02215778322881,0.207639364778244,0.0645385211375711,0.136725300130861,4.57471097850338,4.48863636973214,4.00733318523247
"76195",45,4.79579054559674,"paired",4.55387689160054,4.65396035015752,4.60364665162385,0.241913653996201,0.141830195439218,0.192143893972889,4.60517018598809,5.01063529409626,4.78749174278205
"76195",46,4.67282883446191,"paired",4.40671924726425,4.33073334028633,4.36856108637716,0.266109587197652,0.342095494175575,0.304267748084746,5.01727983681492,4.99721227376411,4.65396035015752
"76195",47,4.79579054559674,"unpaired",4.70048036579242,4.70048036579242,4.70048036579242,0.0953101798043248,0.0953101798043248,0.0953101798043248,4.55387689160054,4.94875989037817,4.78749174278205
"76195",48,4.90527477843843,"unpaired",4.70048036579242,4.74493212836325,4.72265394734667,0.204794412646013,0.160342650075179,0.18262083109176,4.89783979995091,4.78749174278205,4.70048036579242
"76195",49,4.35670882668959,"paired",4.12713438504509,4.27666611901606,4.20123503188628,0.2295744416445,0.0800427076735364,0.155473794803313,4.60517018598809,4.49980967033027,4.17438726989564
"76195",51,5.01063529409626,"unpaired",4.8283137373023,4.78749174278205,4.80785941442716,0.182321556793954,0.22314355131421,0.202775879669093,4.43081679884331,4.74493212836325,4.9416424226093
"76195",52,4.35670882668959,"unpaired",4.24849524204936,4.17438726989564,4.21127824474031,0.108213584640232,0.182321556793955,0.145430581949281,4.38202663467388,4.40671924726425,4.17438726989564
"76195",53,3.91202300542815,"paired",3.80666248977032,3.95124371858143,3.87827941895172,0.105360515657826,0.0392207131532816,0.0337435864764233,4.24849524204936,4.45434729625351,3.80666248977032
"76195",54,4.52178857704904,"paired",4.44265125649032,4.55387689160054,4.49792028546209,0.0791373205587238,0.0320883145515003,0.0238682915869521,4.52178857704904,4.78749174278205,4.43081679884331
"76195",55,4.79579054559674,"unpaired",4.56434819146784,4.49980967033027,4.53196404781872,0.231442354128905,0.295980875266476,0.263826497778023,4.68213122712422,5.01063529409626,4.71849887129509
"76195",57,4.15888308335967,"paired",4.00733318523247,4.12713438504509,4.06679266512386,0.1515498981272,0.0317486983145798,0.0920904182358147,4.60517018598809,4.48863636973214,4.00733318523247
"76195",58,4.79579054559674,"paired",4.60517018598809,4.55387689160054,4.57945172393584,0.19062035960865,0.241913653996201,0.216338821660901,4.51085950651685,4.53259949315326,4.44265125649032
"76195",59,4.90527477843843,"unpaired",4.70048036579242,4.70048036579242,4.70048036579242,0.204794412646013,0.204794412646013,0.204794412646013,4.85981240436167,4.85203026391962,4.82028156560504
"76195",60,5.01063529409626,"unpaired",4.9416424226093,4.8283137373023,4.88464942385022,0.0689928714869517,0.182321556793954,0.125985870246032,4.82028156560504,5.01063529409626,4.8283137373023
"76195",61,3.91202300542815,"paired",3.68887945411394,4.24849524204936,3.95881128740645,0.22314355131421,0.336472236621213,0.0467882819783014,4.36944785246702,4.20469261939097,3.80666248977032
"76195",63,4.15888308335967,"unpaired",4.15888308335967,4.0943445622221,4.12648765141387,0,0.0645385211375711,0.0323954319458011,3.97029191355212,4.80402104473326,3.91202300542815
"76195",64,4.90527477843843,"unpaired",4.8283137373023,4.78749174278205,4.80785941442716,0.0769610411361281,0.117783035656384,0.0974153640112672,4.49980967033027,5.08759633523238,4.8283137373023
"76195",65,4.67282883446191,"paired",4.55387689160054,4.44265125649032,4.49792028546209,0.118951942861365,0.230177577971589,0.174908548999817,4.60517018598809,4.36944785246702,4.65396035015752
"76195",66,4.15888308335967,"paired",4.02535169073515,4.15888308335967,4.09157268677604,0.133531392624522,0,0.0673103965836352,4.30406509320417,4.33073334028633,4.0943445622221
"76195",67,4.67282883446191,"unpaired",4.74493212836325,4.70048036579242,4.72265394734667,0.0721032939013444,0.0276515313305108,0.049825112884764,4.68213122712422,4.58496747867057,4.65396035015752
"76195",69,4.79579054559674,"paired",4.44265125649032,4.60517018598809,4.52318086230605,0.353139289106425,0.19062035960865,0.272609683290687,4.4188406077966,4.60517018598809,4.70048036579242
"76195",70,4.52178857704904,"paired",4.38202663467388,4.49980967033027,4.44052765179436,0.139761942375159,0.0219789067187754,0.0812609252546821,4.24849524204936,4.54329478227,4.12713438504509
"76195",71,4.67282883446191,"unpaired",4.31748811353631,4.65396035015752,4.48256829202572,0.355340720925596,0.0188684843043827,0.190260542436184,4.76217393479776,4.35670882668959,4.71849887129509
"76195",72,3.91202300542815,"unpaired",3.80666248977032,3.80666248977032,3.80666248977032,0.105360515657826,0.105360515657826,0.105360515657827,3.58351893845611,3.97029191355212,3.68887945411394
"76195",73,4.35670882668959,"paired",4.17438726989564,4.31748811353631,4.24533478292015,0.182321556793955,0.0392207131532816,0.111374043769438,3.71357206670431,4.77912349311153,4.24849524204936
"76195",75,4.52178857704904,"unpaired",4.31748811353631,4.24849524204936,4.28285275347679,0.20430046351273,0.273293334999681,0.238935823572255,4.38202663467388,4.43081679884331,4.43081679884331
"76195",76,4.15888308335967,"unpaired",4.17438726989564,3.98898404656427,4.08063282148672,0.0155041865359653,0.169899036795397,0.0782502618729488,4.48863636973214,3.68887945411394,4.00733318523247
"76195",77,4.90527477843843,"paired",4.44265125649032,4.38202663467388,4.41223482313758,0.462623521948113,0.523248143764548,0.493039955300845,4.31748811353631,4.98360662170834,4.56434819146784
"76195",78,4.15888308335967,"paired",4.0943445622221,3.91202300542815,4.00214568944741,0.0645385211375711,0.246860077931526,0.156737393912261,4.17438726989564,4.35670882668959,3.95124371858143
"76195",79,3.91202300542815,"unpaired",3.68887945411394,3.73766961828337,3.71319440120651,0.22314355131421,0.174353387144778,0.198828604221633,4.23410650459726,4.39444915467244,3.80666248977032
"76195",81,4.79579054559674,"paired",4.38202663467388,4.49980967033027,4.44052765179436,0.41376391092286,0.295980875266476,0.355262893802383,4.82028156560504,5.04342511691925,4.70048036579242
"76195",82,4.15888308335967,"paired",3.91202300542815,4.0943445622221,4.00214568944741,0.246860077931526,0.0645385211375711,0.156737393912261,4.07753744390572,4.57471097850338,4.12713438504509
"76195",83,4.79579054559674,"unpaired",4.70048036579242,4.70048036579242,4.70048036579242,0.0953101798043248,0.0953101798043248,0.0953101798043248,5.03043792139244,4.84418708645859,4.56434819146784
"76195",84,3.91202300542815,"unpaired",3.80666248977032,4.02535169073515,3.91448020677778,0.105360515657826,0.113328685307004,0.00245720134963623,3.25809653802148,4.43081679884331,3.68887945411394
"76195",85,4.15888308335967,"paired",4.00733318523247,4.0943445622221,4.0506052431666,0.1515498981272,0.0645385211375711,0.108277840193073,3.25809653802148,3.87120101090789,3.91202300542815
"76195",87,3.91202300542815,"unpaired",3.73766961828337,3.80666248977032,3.77200831588074,0.174353387144778,0.105360515657826,0.140014689547407,4.31748811353631,3.78418963391826,3.85014760171006
"76195",88,4.90527477843843,"unpaired",4.8283137373023,4.8283137373023,4.8283137373023,0.0769610411361281,0.0769610411361281,0.0769610411361272,4.86753445045558,4.90527477843843,4.52178857704904
"76195",89,3.91202300542815,"paired",3.80666248977032,3.91202300542815,3.8589831865249,0.105360515657826,0,0.0530398189032453,4.53259949315326,4.48863636973214,3.58351893845611
"76195",90,5.01063529409626,"paired",4.9416424226093,5.07517381523383,5.00796308168055,0.0689928714869517,0.0645385211375711,0.00267221241570237,4.9272536851572,5.05624580534831,4.91998092582813
"76195",91,4.52178857704904,"unpaired",4.12713438504509,4.27666611901606,4.20123503188628,0.394654192003949,0.245122458032985,0.320553545162761,4.60517018598809,4.31748811353631,4.38202663467388
"76195",93,4.35670882668959,"paired",4.49980967033027,4.31748811353631,4.40770629294043,0.143100843640673,0.0392207131532816,0.0509974662508368,4.72738781871234,4.43081679884331,4.17438726989564
"76195",94,4.35670882668959,"paired",4.24849524204936,4.38202663467388,4.3147444081829,0.108213584640232,0.0253178079842895,0.041964418506697,4.51085950651685,4.75359019110636,4.27666611901606
"76195",95,4.15888308335967,"unpaired",4.00733318523247,4.0943445622221,4.0506052431666,0.1515498981272,0.0645385211375711,0.108277840193073,4.48863636973214,4.02535169073515,4.17438726989564
"76195",96,4.52178857704904,"unpaired",4.31748811353631,4.31748811353631,4.31748811353631,0.20430046351273,0.20430046351273,0.20430046351273,4.80402104473326,4.78749174278205,4.44265125649032
"76202",1,4.52178857704904,"paired",4.53259949315326,4.62497281328427,4.57855320263289,0.0108109161042158,0.10318423623523,0.0567646255838472,4.35670882668959,4.54329478227,4.34380542185368
"76202",3,3.91202300542815,"unpaired",4.20469261939097,3.55534806148941,3.86641251724522,0.29266961396282,0.356674943938732,0.0456104881829265,4.60517018598809,4.0943445622221,3.55534806148941
"76202",4,4.67282883446191,"unpaired",4.54329478227,4.33073334028633,4.43574099653323,0.129534052191902,0.342095494175575,0.237087837928673,4.79579054559674,4.71849887129509,4.81218435537242
"76202",5,3.91202300542815,"paired",4.04305126783455,3.97029191355212,4.00650642764493,0.131028262406404,0.058268908123976,0.0944834222167876,4.60517018598809,4.0943445622221,3.46573590279973
"76202",6,4.35670882668959,"paired",4.18965474202643,4.04305126783455,4.11570029479054,0.167054084663167,0.313657558855041,0.241008531899047,4.63472898822964,4.21950770517611,4.38202663467388
"76202",7,3.91202300542815,"unpaired",4.17438726989564,3.52636052461616,3.83671662792813,0.262364264467491,0.385662480811984,0.075306377500016,4.38202663467388,3.97029191355212,3.36729582998647
"76202",9,4.90527477843843,"paired",4.86753445045558,4.88280192258637,4.87516220991055,0.0377403279828474,0.022472855852059,0.0301125685278807,4.70953020131233,4.969813299576,4.67282883446191
"76202",10,3.91202300542815,"paired",3.46573590279973,3.52636052461616,3.49591680055145,0.446287102628419,0.385662480811984,0.416106204876693,3.55534806148941,3.68887945411394,4.11087386417331
"76202",11,4.67282883446191,"unpaired",4.81218435537242,4.55387689160054,4.68124931338335,0.139355520910511,0.118951942861365,0.00842047892144482,4.87519732320115,4.23410650459726,4.65396035015752
"76202",12,4.52178857704904,"unpaired",4.78749174278205,4.62497281328427,4.7055306984643,0.265703165733005,0.10318423623523,0.183742121415256,4.43081679884331,4.21950770517611,4.34380542185368
"76202",13,4.67282883446191,"paired",4.72738781871234,4.67282883446191,4.70002916065028,0.054558984250435,0,0.0272003261883764,4.60517018598809,4.70048036579242,4.36944785246702
"76202",15,4.79579054559674,"unpaired",4.83628190695148,4.74493212836325,4.79038927459094,0.0404913613547366,0.0508584172334912,0.00540127100579735,4.93447393313069,4.61512051684126,4.71849887129509
"76202",16,4.15888308335967,"unpaired",3.89182029811063,4.06044301054642,3.9752376693433,0.267062785249045,0.0984400728132524,0.183645414016369,4.0943445622221,3.68887945411394,3.71357206670431
"76202",17,4.52178857704904,"paired",4.43081679884331,4.24849524204936,4.33869843251155,0.0909717782057271,0.273293334999681,0.18309014453749,3.91202300542815,4.84418708645859,3.91202300542815
"76202",18,4.67282883446191,"paired",4.67282883446191,4.57471097850338,4.6235096376757,0,0.098117855958523,0.0493191967862092,4.51085950651685,5.04985600724954,4.54329478227
"76202",19,4.90527477843843,"unpaired",4.74493212836325,4.77912349311153,4.76199712388411,0.160342650075179,0.1261512853269,0.143277654554323,4.89783979995091,4.53259949315326,4.8283137373023
"76202",21,4.52178857704904,"paired",4.51085950651685,4.64439089914137,4.57713828056049,0.0109290705321907,0.122602322092332,0.0553497035114461,4.7361984483945,4.31748811353631,4.55387689160054
"76202",22,4.52178857704904,"paired",4.70048036579242,4.60517018598809,4.6525812234038,0.178691788743376,0.0833816089390513,0.130792646354763,4.70048036579242,4.79579054559674,4.43081679884331
"76202",23,5.01063529409626,"unpaired",4.91265488573605,4.86753445045558,4.8900426275769,0.0979804083602032,0.143100843640673,0.120592666519358,5.01063529409626,4.71849887129509,4.85981240436167
"76202",24,4.67282883446191,"unpaired",4.74493212836325,4.64439089914137,4.6943923562069,0.0721032939013444,0.0284379353205333,0.0215635217449943,4.94875989037817,4.9272536851572,4.36944785246702
"76202",25,4.67282883446191,"paired",4.79579054559674,4.70953020131233,4.75246466727066,0.122961711134836,0.0367013668504281,0.0796358328087523,4.56434819146784,4.55387689160054,4.74493212836325
"76202",27,4.79579054559674,"unpaired",4.83628190695148,4.69134788222914,4.76326367966754,0.0404913613547366,0.104442663367598,0.032526865929202,4.4188406077966,4.40671924726425,4.70048036579242
"76202",28,5.01063529409626,"unpaired",4.91265488573605,4.68213122712422,4.79600822023786,0.0979804083602032,0.328504066972036,0.214627073858393,4.54329478227,4.969813299576,4.80402104473326
"76202",29,4.15888308335967,"paired",3.87120101090789,3.78418963391826,3.82744807101175,0.28768207245178,0.37469344944141,0.331435012347926,4.53259949315326,4.26267987704132,3.89182029811063
"76202",30,4.67282883446191,"paired",4.36944785246702,4.39444915467244,4.38193067284947,0.303380981994884,0.278379679789467,0.290898161612437,4.74493212836325,4.36944785246702,4.81218435537242
"76202",31,5.01063529409626,"unpaired",4.80402104473326,4.64439089914137,4.72353168925993,0.206614249362999,0.366244394954883,0.287103604836326,4.74493212836325,4.89783979995091,4.91265488573605
"76202",33,4.79579054559674,"paired",4.64439089914137,4.65396035015752,4.64917316253508,0.151399646455369,0.141830195439218,0.146617383061666,4.72738781871234,4.69134788222914,4.68213122712422
"76202",34,3.91202300542815,"paired",4.11087386417331,3.91202300542815,4.01021609505763,0.198850858745165,0,0.0981930896294876,4.38202663467388,3.46573590279973,3.55534806148941
"76202",35,4.35670882668959,"unpaired",4.31748811353631,4.26267987704132,4.28999646863914,0.0392207131532816,0.0940289496482762,0.0667123580504505,4.75359019110636,4.57471097850338,4.34380542185368
"76202",36,3.91202300542815,"unpaired",3.73766961828337,3.52636052461616,3.63047801204905,0.174353387144778,0.385662480811984,0.281544993379096,3.78418963391826,3.73766961828337,3.55534806148941
"76202",37,4.90527477843843,"paired",4.67282883446191,4.66343909411207,4.66813160340663,0.232445943976524,0.241835684326363,0.237143175031797,4.56434819146784,4.9416424226093,4.66343909411207
"76202",39,4.35670882668959,"unpaired",4.38202663467388,4.11087386417331,4.24428542449635,0.0253178079842895,0.24583496251628,0.112423402193238,4.39444915467244,3.93182563272433,4.12713438504509
"76202",40,4.79579054559674,"unpaired",4.7361984483945,4.67282883446191,4.70440694194194,0.0595920972022457,0.122961711134836,0.0913836036547986,4.69134788222914,5.06890420222023,4.67282883446191
"76202",41,3.91202300542815,"paired",3.55534806148941,3.43398720448515,3.49414077430285,0.356674943938732,0.478035800943,0.417882231125296,3.66356164612965,3.91202300542815,3.29583686600433
"76202",42,4.35670882668959,"paired",4.29045944114839,4.4188406077966,4.35417689175013,0.0662493855412007,0.0621317811070066,0.00253193493946391,4.67282883446191,4.23410650459726,4.46590811865458
"76202",43,4.15888308335967,"unpaired",3.71357206670431,3.43398720448515,3.57104451946431,0.445311016655364,0.724895878874525,0.587838563895366,3.8286413964891,4.15888308335967,3.63758615972639
"76202",45,4.79579054559674,"paired",4.68213122712422,4.69134788222914,4.68673728906242,0.113659318472521,0.104442663367598,0.109053256534322,4.86753445045558,4.40671924726425,4.83628190695148
"76202",46,4.67282883446191,"paired",4.49980967033027,4.38202663467388,4.44052765179436,0.173019164131641,0.290802199788025,0.232301182667547,4.36944785246702,4.26267987704132,4.66343909411207
"76202",47,4.79579054559674,"unpaired",4.71849887129509,4.68213122712422,4.70027987575646,0.0772916743016472,0.113659318472521,0.0955106698402828,4.89783979995091,5.04985600724954,4.68213122712422
"76202",48,4.90527477843843,"unpaired",4.70953020131233,4.72738781871234,4.71845056194741,0.195744577126096,0.177886959726089,0.186824216491022,4.34380542185368,4.65396035015752,4.67282883446191
"76202",49,4.35670882668959,"paired",4.06044301054642,3.98898404656427,4.02455493080329,0.296265816143173,0.367724780125317,0.332153895886301,4.20469261939097,4.31748811353631,4.12713438504509
"76202",51,5.01063529409626,"unpaired",4.85981240436167,4.80402104473326,4.83183620003919,0.150822889734584,0.206614249362999,0.178799094057061,4.52178857704904,4.96284463025991,4.48863636973214
"76202",52,4.35670882668959,"unpaired",3.78418963391826,3.80666248977032,3.79540942898317,0.572519192771331,0.550046336919272,0.561299397706426,4.17438726989564,3.80666248977032,4.34380542185368
"76202",53,3.91202300542815,"paired",3.46573590279973,3.40119738166216,3.43331499838494,0.446287102628419,0.51082562376599,0.478708007043209,3.76120011569356,4.20469261939097,3.29583686600433
"76202",54,4.52178857704904,"paired",4.34380542185368,4.31748811353631,4.3306267763879,0.177983155195356,0.20430046351273,0.191161800661139,4.48863636973214,4.24849524204936,4.70048036579242
"76202",55,4.79579054559674,"unpaired",4.71849887129509,4.46590811865458,4.59046647054297,0.0772916743016472,0.329882426942158,0.205324075053769,4.61512051684126,5.03695260241363,4.7361984483945
"76202",57,4.15888308335967,"paired",3.55534806148941,3.73766961828337,3.64536917634574,0.603535021870258,0.421213465076303,0.513513907013927,4.77068462446567,4.36944785246702,4.00733318523247
"76202",58,4.79579054559674,"paired",4.67282883446191,4.66343909411207,4.66813160340663,0.122961711134836,0.132351451484674,0.127658942190108,4.47733681447821,4.69134788222914,4.7361984483945
"76202",59,4.90527477843843,"unpaired",4.8283137373023,4.70953020131233,4.76855212483165,0.0769610411361281,0.195744577126096,0.136722653606784,4.89783979995091,4.70953020131233,4.70953020131233
"76202",60,5.01063529409626,"unpaired",4.48863636973214,4.75359019110636,4.61921398276828,0.521998924364116,0.257045102989891,0.391421311327978,4.74493212836325,4.95582705760126,4.87519732320115
"76202",61,3.91202300542815,"paired",3.29583686600433,3.36729582998647,3.33137475154208,0.616186139423817,0.544727175441672,0.580648253886064,4.26267987704132,4.60517018598809,3.73766961828337
"76202",63,4.15888308335967,"unpaired",3.63758615972639,3.8286413964891,3.73189133743525,0.521296923633286,0.330241686870576,0.426991745924425,4.00733318523247,3.91202300542815,3.71357206670431
"76202",64,4.90527477843843,"unpaired",4.72738781871234,4.64439089914137,4.6857055991536,0.177886959726089,0.260883879297057,0.219569179284832,4.96284463025991,4.91998092582813,4.74493212836325
"76202",65,4.67282883446191,"paired",4.65396035015752,4.56434819146784,4.60893648333371,0.0188684843043827,0.10848064299407,0.063892351128195,4.60517018598809,4.51085950651685,4.81218435537242
"76202",66,4.15888308335967,"paired",3.87120101090789,3.85014760171006,3.86065995496684,0.28768207245178,0.308735481649613,0.29822312839283,4.46590811865458,4.31748811353631,3.89182029811063
"76202",67,4.67282883446191,"unpaired",4.62497281328427,4.30406509320417,4.46163468279005,0.0478560211776351,0.368763741257736,0.211194151671851,4.46590811865458,4.80402104473326,4.67282883446191
"76202",69,4.79579054559674,"paired",4.68213122712422,4.69134788222914,4.68673728906242,0.113659318472521,0.104442663367598,0.109053256534322,4.52178857704904,4.969813299576,4.7361984483945
"76202",70,4.52178857704904,"paired",4.12713438504509,4.14313472639153,4.1351268168177,0.394654192003949,0.378653850657508,0.38666176023134,4.55387689160054,4.52178857704904,4.55387689160054
"76202",71,4.67282883446191,"unpaired",4.66343909411207,4.18965474202643,4.42020358295837,0.00938974034983886,0.483174092435481,0.252625251503533,4.84418708645859,4.45434729625351,4.54329478227
"76202",72,3.91202300542815,"unpaired",3.36729582998647,3.29583686600433,3.33137475154208,0.544727175441672,0.616186139423817,0.580648253886064,3.49650756146648,3.25809653802148,4.11087386417331
"76202",73,4.35670882668959,"paired",4.46590811865458,3.89182029811063,4.16899410717705,0.109199291964992,0.464888528578965,0.187714719512544,4.74493212836325,4.74493212836325,4.38202663467388
"76202",75,4.52178857704904,"unpaired",4.12713438504509,4.24849524204936,4.18737516806918,0.394654192003949,0.273293334999681,0.334413408979861,4.51085950651685,4.38202663467388,4.34380542185368
"76202",76,4.15888308335967,"unpaired",3.71357206670431,3.63758615972639,3.67538274918274,0.445311016655364,0.521296923633286,0.483500334176928,4.51085950651685,4.31748811353631,3.87120101090789
"76202",77,4.90527477843843,"paired",4.66343909411207,4.69134788222914,4.677372672566,0.241835684326363,0.213926896209286,0.227902105872426,4.85981240436167,4.69134788222914,4.67282883446191
"76202",78,4.15888308335967,"paired",4.04305126783455,4.11087386417331,4.07682153012047,0.115831815525121,0.0480092191863601,0.0820615532392006,4.40671924726425,4.0943445622221,3.87120101090789
"76202",79,3.91202300542815,"unpaired",3.58351893845611,3.97029191355212,3.77195125411413,0.328504066972036,0.058268908123976,0.140071751314014,4.15888308335967,3.91202300542815,4.11087386417331
"76202",81,4.79579054559674,"paired",4.70048036579242,4.70048036579242,4.70048036579242,0.0953101798043248,0.0953101798043248,0.0953101798043248,4.82028156560504,4.88280192258637,4.68213122712422
"76202",82,4.15888308335967,"paired",4.17438726989564,4.07753744390572,4.12567817435665,0.0155041865359653,0.0813456394539518,0.03320490900302,4.64439089914137,3.91202300542815,3.87120101090789
"76202",83,4.79579054559674,"unpaired",4.68213122712422,4.68213122712422,4.68213122712422,0.113659318472521,0.113659318472521,0.113659318472521,5.04985600724954,5.03695260241363,4.67282883446191
"76202",84,3.91202300542815,"unpaired",3.25809653802148,3.3322045101752,3.29494218137153,0.653926467406664,0.579818495252942,0.617080824056613,4.40671924726425,3.49650756146648,3.58351893845611
"76202",85,4.15888308335967,"paired",3.25809653802148,3.58351893845611,3.41693585648286,0.900786545338189,0.575364144903562,0.74194722687681,4.02535169073515,3.98898404656427,3.71357206670431
"76202",87,3.91202300542815,"unpaired",3.71357206670431,3.93182563272433,3.82114090826772,0.198450938723838,0.0198026272961798,0.090882097160427,4.77068462446567,4.52178857704904,4.04305126783455
"76202",88,4.90527477843843,"unpaired",4.68213122712422,4.7361984483945,4.70908724203376,0.22314355131421,0.169076330043934,0.196187536404667,4.969813299576,4.93447393313069,4.70953020131233
"76202",89,3.91202300542815,"paired",3.29583686600433,3.29583686600433,3.29583686600433,0.616186139423817,0.616186139423817,0.616186139423817,4.60517018598809,3.8286413964891,3.46573590279973
"76202",90,5.01063529409626,"paired",4.87519732320115,4.86753445045558,4.87136438007366,0.135437970895104,0.143100843640673,0.139270914022594,4.81218435537242,5.05624580534831,4.91265488573605
"76202",91,4.52178857704904,"unpaired",3.91202300542815,4.47733681447821,4.18514571087903,0.609765571620895,0.0444517625708336,0.336642866170014,4.60517018598809,4.40671924726425,4.12713438504509
"76202",93,4.35670882668959,"paired",4.12713438504509,4.12713438504509,4.12713438504509,0.2295744416445,0.2295744416445,0.2295744416445,4.72738781871234,4.84418708645859,4.06044301054642
"76202",94,4.35670882668959,"paired",4.34380542185368,4.36944785246702,4.3566077711969,0.0129034048359076,0.0127390257774298,0.000101055492695679,4.60517018598809,4.8283137373023,4.31748811353631
"76202",95,4.15888308335967,"unpaired",4.00733318523247,4.23410650459726,4.11915956302754,0.1515498981272,0.0752234212375882,0.039723520332128,4.79579054559674,4.02535169073515,3.63758615972639
"76202",96,4.52178857704904,"unpaired",4.55387689160054,4.44265125649032,4.49792028546209,0.0320883145515003,0.0791373205587238,0.0238682915869521,4.31748811353631,4.80402104473326,4.12713438504509
"76242",1,4.52178857704904,"paired",4.21950770517611,4.31748811353631,4.26821676605965,0.302280871872934,0.20430046351273,0.253571810989388,4.11087386417331,4.60517018598809,4.15888308335967
"76242",3,3.91202300542815,"unpaired",3.80666248977032,3.78418963391826,3.79540942898317,0.105360515657826,0.127833371509885,0.11661357644498,3.95124371858143,4.26267987704132,3.68887945411394
"76242",4,4.67282883446191,"unpaired",4.38202663467388,4.33073334028633,4.35630449404135,0.290802199788025,0.342095494175575,0.316524340420552,4.48863636973214,4.65396035015752,3.85014760171006
"76242",5,3.91202300542815,"paired",3.68887945411394,4.69134788222914,4.16002605939626,0.22314355131421,0.779324876800997,0.248003053968118,3.91202300542815,3.66356164612965,3.68887945411394
"76242",6,4.35670882668959,"paired",3.93182563272433,4.29045944114839,4.10723001630921,0.424883193965266,0.0662493855412007,0.249478810380385,4.69134788222914,4.23410650459726,3.80666248977032
"76242",7,3.91202300542815,"unpaired",3.93182563272433,3.40119738166216,3.65689964959036,0.0198026272961798,0.51082562376599,0.255123355837782,4.47733681447821,3.40119738166216,3.43398720448515
"76242",9,4.90527477843843,"paired",4.8283137373023,4.74493212836325,4.78644136890272,0.0769610411361281,0.160342650075179,0.118833409535712,5.05624580534831,4.71849887129509,4.71849887129509
"76242",10,3.91202300542815,"paired",3.68887945411394,3.66356164612965,3.67619875486725,0.22314355131421,0.2484613592985,0.235824250560901,3.78418963391826,3.66356164612965,4.0943445622221
"76242",11,4.67282883446191,"unpaired",4.54329478227,4.31748811353631,4.42895260967447,0.129534052191902,0.355340720925596,0.243876224787438,4.91265488573605,4.45434729625351,4.06044301054642
"76242",12,4.52178857704904,"unpaired",4.46590811865458,4.40671924726425,4.436214970331,0.0558804583944568,0.115069329784787,0.0855736067180448,4.55387689160054,4.38202663467388,4.21950770517611
"76242",13,4.67282883446191,"paired",4.63472898822964,4.64439089914137,4.63955742856152,0.0380998462322699,0.0284379353205333,0.0332714059003818,4.40671924726425,4.82028156560504,4.43081679884331
"76242",15,4.79579054559674,"unpaired",4.7361984483945,4.63472898822964,4.68518902956777,0.0595920972022457,0.161061557367105,0.11060151602897,4.70048036579242,4.74493212836325,4.44265125649032
"76242",16,4.15888308335967,"unpaired",4.53259949315326,4.21950770517611,4.37325262085756,0.373716409793585,0.0606246218164355,0.214369537497885,4.06044301054642,4.33073334028633,3.66356164612965
"76242",17,4.52178857704904,"paired",4.33073334028633,4.07753744390572,4.20222885557039,0.191055236762709,0.444251133143321,0.319559721478654,4.47733681447821,4.04305126783455,4.26267987704132
"76242",18,4.67282883446191,"paired",3.85014760171006,3.91202300542815,3.88096199313827,0.822681232751847,0.76080582903376,0.791866841323638,4.68213122712422,4.65396035015752,4.63472898822964
"76242",19,4.90527477843843,"unpaired",4.55387689160054,4.38202663467388,4.46712545492283,0.351397886837889,0.523248143764548,0.438149323515603,4.52178857704904,4.89034912822175,4.63472898822964
"76242",21,4.52178857704904,"paired",4.07753744390572,4.48863636973214,4.27815180535472,0.444251133143321,0.0331522073169008,0.243636771694322,4.51085950651685,4.7361984483945,4.46590811865458
"76242",22,4.52178857704904,"paired",4.15888308335967,4.0943445622221,4.12648765141387,0.362905493689369,0.42744401482694,0.39530092563517,4.17438726989564,4.33073334028633,4.26267987704132
"76242",23,5.01063529409626,"unpaired",4.77912349311153,4.65396035015752,4.71612672067316,0.231511800984726,0.356674943938732,0.294508573423094,4.95582705760126,5.11198778835654,4.71849887129509
"76242",24,4.67282883446191,"unpaired",4.63472898822964,4.65396035015752,4.64433471499917,0.0380998462322699,0.0188684843043827,0.0284941194627359,4.65396035015752,4.78749174278205,4.06044301054642
"76242",25,4.67282883446191,"paired",4.56434819146784,4.52178857704904,4.54301854650118,0.10848064299407,0.151040257412865,0.129810287960724,4.72738781871234,4.48863636973214,3.85014760171006
"76242",27,4.79579054559674,"unpaired",4.54329478227,4.14313472639153,4.33860373676328,0.252495763326738,0.652655819205209,0.45718680883346,4.89034912822175,4.71849887129509,4.55387689160054
"76242",28,5.01063529409626,"unpaired",4.71849887129509,4.63472898822964,4.67642635991632,0.292136422801161,0.37590630586662,0.334208934179937,4.54329478227,4.74493212836325,4.51085950651685
"76242",29,4.15888308335967,"paired",3.66356164612965,3.89182029811063,3.77596657530055,0.495321437230025,0.267062785249045,0.382916508059124,4.00733318523247,4.43081679884331,3.58351893845611
"76242",30,4.67282883446191,"paired",4.31748811353631,3.78418963391826,4.04205316192271,0.355340720925596,0.888639200543645,0.630775672539191,4.7361984483945,4.81218435537242,4.56434819146784
"76242",31,5.01063529409626,"unpaired",4.66343909411207,4.31748811353631,4.4871308045375,0.347196199984189,0.693147180559945,0.523504489558752,4.65396035015752,5.08140436498446,4.71849887129509
"76242",33,4.79579054559674,"paired",4.35670882668959,4.36944785246702,4.36307369025587,0.43908171890715,0.42634269312972,0.432716855340875,4.93447393313069,4.71849887129509,4.54329478227
"76242",34,3.91202300542815,"paired",3.49650756146648,4.02535169073515,3.75162266548987,0.415515443961666,0.113328685307004,0.160400339938274,4.44265125649032,4.02535169073515,3.52636052461616
"76242",35,4.35670882668959,"unpaired",3.61091791264422,3.78418963391826,3.69653866934434,0.745790914045367,0.572519192771331,0.66017015734525,4.0943445622221,4.94875989037817,3.71357206670431
"76242",36,3.91202300542815,"unpaired",3.36729582998647,3.36729582998647,3.36729582998647,0.544727175441672,0.544727175441672,0.544727175441672,3.87120101090789,3.95124371858143,3.93182563272433
"76242",37,4.90527477843843,"paired",4.27666611901606,4.30406509320417,4.29034373426489,0.628608659422374,0.60120968523426,0.614931044173544,4.76217393479776,4.72738781871234,4.8283137373023
"76242",39,4.35670882668959,"unpaired",3.91202300542815,4.17438726989564,4.04107646963011,0.444685821261446,0.182321556793955,0.315632357059485,4.75359019110636,4.68213122712422,3.66356164612965
"76242",40,4.79579054559674,"unpaired",4.44265125649032,4.43081679884331,4.43673008178993,0.353139289106425,0.364973746753428,0.359060463806816,4.77912349311153,4.70953020131233,4.55387689160054
"76242",41,3.91202300542815,"paired",3.43398720448515,3.52636052461616,3.47986737102629,0.478035800943,0.385662480811984,0.432155634401856,3.55534806148941,4.43081679884331,3.68887945411394
"76242",42,4.35670882668959,"paired",3.80666248977032,3.89182029811063,3.84900589058324,0.550046336919272,0.464888528578965,0.507702936106354,4.67282883446191,4.33073334028633,3.66356164612965
"76242",43,4.15888308335967,"unpaired",3.73766961828337,3.91202300542815,3.82385270812232,0.421213465076303,0.246860077931526,0.335030375237355,3.68887945411394,4.30406509320417,3.52636052461616
"76242",45,4.79579054559674,"paired",4.40671924726425,4.38202663467388,4.39435559701784,0.389071298332488,0.41376391092286,0.401434948578903,5.02388052084628,4.60517018598809,4.23410650459726
"76242",46,4.67282883446191,"paired",4.36944785246702,4.34380542185368,4.3566077711969,0.303380981994884,0.329023412608222,0.31622106326501,4.70048036579242,4.58496747867057,4.43081679884331
"76242",47,4.79579054559674,"unpaired",4.55387689160054,4.46590811865458,4.50967801306838,0.241913653996201,0.329882426942158,0.286112532528364,4.43081679884331,5.04985600724954,4.23410650459726
"76242",48,4.90527477843843,"unpaired",4.63472898822964,4.63472898822964,4.63472898822964,0.270545790208794,0.270545790208794,0.270545790208794,4.74493212836325,4.70048036579242,4.35670882668959
"76242",49,4.35670882668959,"paired",3.52636052461616,3.97029191355212,3.74174834471173,0.83034830207343,0.38641691313747,0.614960481977863,4.23410650459726,4.75359019110636,3.61091791264422
"76242",51,5.01063529409626,"unpaired",4.51085950651685,4.48863636973214,4.49973421878487,0.499775787579406,0.521998924364116,0.510901075311383,5.07517381523383,5.04342511691925,4.77912349311153
"76242",52,4.35670882668959,"unpaired",3.71357206670431,3.76120011569356,3.73731022085732,0.643136759985284,0.595508710996029,0.619398605832267,4.24849524204936,4.65396035015752,3.85014760171006
"76242",53,3.91202300542815,"paired",3.36729582998647,3.52636052461616,3.4459104877476,0.544727175441672,0.385662480811984,0.466112517680545,4.14313472639153,3.95124371858143,3.93182563272433
"76242",54,4.52178857704904,"paired",4.26267987704132,3.98898404656427,4.12356181293895,0.259108700007725,0.532804530484766,0.398226764110089,4.66343909411207,4.60517018598809,4.15888308335967
"76242",55,4.79579054559674,"unpaired",4.00733318523247,4.40671924726425,4.20228417382317,0.78845736036427,0.389071298332488,0.59350637177357,4.65396035015752,4.68213122712422,4.54329478227
"76242",57,4.15888308335967,"paired",3.52636052461616,3.97029191355212,3.74174834471173,0.63252255874351,0.18859116980755,0.417134738647943,4.49980967033027,4.35670882668959,3.66356164612965
"76242",58,4.79579054559674,"paired",4.36944785246702,4.40671924726425,4.38804397783157,0.42634269312972,0.389071298332488,0.407746567765175,4.69134788222914,4.47733681447821,4.23410650459726
"76242",59,4.90527477843843,"unpaired",4.71849887129509,4.49980967033027,4.60785707791552,0.186775907143335,0.405465108108165,0.297417700522915,4.78749174278205,4.60517018598809,4.63472898822964
"76242",60,5.01063529409626,"unpaired",4.65396035015752,4.33073334028633,4.48943885722902,0.356674943938732,0.679901953809924,0.521196436867232,4.84418708645859,5.0998664278242,4.77912349311153
"76242",61,3.91202300542815,"paired",3.52636052461616,3.52636052461616,3.52636052461616,0.385662480811984,0.385662480811984,0.385662480811985,3.2188758248682,3.91202300542815,3.36729582998647
"76242",63,4.15888308335967,"unpaired",3.58351893845611,3.71357206670431,3.64796598536177,0.575364144903562,0.445311016655364,0.5109170979979,4.43081679884331,4.44265125649032,3.52636052461616
"76242",64,4.90527477843843,"unpaired",4.49980967033027,4.49980967033027,4.49980967033026,0.405465108108165,0.405465108108165,0.405465108108165,4.9416424226093,4.969813299576,4.8283137373023
"76242",65,4.67282883446191,"paired",3.89182029811063,4.02535169073515,3.95802291769982,0.781008536351279,0.647477143726756,0.714805916762088,4.77068462446567,4.07753744390572,4.31748811353631
"76242",66,4.15888308335967,"paired",3.95124371858143,3.91202300542815,3.93158445504405,0.207639364778244,0.246860077931526,0.227298628315624,4.44265125649032,4.40671924726425,3.58351893845611
"76242",67,4.67282883446191,"unpaired",4.06044301054642,4.43081679884331,4.24158921889838,0.612385823915487,0.242012035618592,0.431239615563523,4.78749174278205,4.70953020131233,4.38202663467388
"76242",69,4.79579054559674,"paired",4.4188406077966,4.39444915467244,4.40662800489944,0.376949937800143,0.401341390924302,0.389162540697303,4.71849887129509,4.70953020131233,4.54329478227
"76242",70,4.52178857704904,"paired",4.21950770517611,4.29045944114839,4.25483568080733,0.302280871872934,0.23132913590065,0.266952896241706,4.80402104473326,4.56434819146784,4.15888308335967
"76242",71,4.67282883446191,"unpaired",4.43081679884331,4.46590811865458,4.44832785597301,0.242012035618592,0.206920715807322,0.224500978488892,4.9272536851572,4.86753445045558,4.63472898822964
"76242",72,3.91202300542815,"unpaired",3.52636052461616,3.55534806148941,3.54082462927873,0.385662480811984,0.356674943938732,0.371198376149415,3.8286413964891,4.60517018598809,3.2188758248682
"76242",73,4.35670882668959,"paired",4.11087386417331,3.85014760171006,3.97837544094062,0.24583496251628,0.506561224979533,0.378333385748976,4.39444915467244,3.8286413964891,3.61091791264422
"76242",75,4.52178857704904,"unpaired",4.15888308335967,4.17438726989564,4.16662796517291,0.362905493689369,0.347401307153404,0.355160611876133,4.75359019110636,4.7361984483945,4.21950770517611
"76242",76,4.15888308335967,"unpaired",4.4188406077966,4.29045944114839,4.35417689175013,0.259957524436927,0.131576357788719,0.195293808390456,3.63758615972639,4.4188406077966,3.68887945411394
"76242",77,4.90527477843843,"paired",4.49980967033027,4.36944785246702,4.43414971562022,0.405465108108165,0.535826925971408,0.471125062818206,4.17438726989564,4.7361984483945,4.55387689160054
"76242",78,4.15888308335967,"paired",3.91202300542815,3.89182029811063,3.90190857647908,0.246860077931526,0.267062785249045,0.256974506880592,4.0943445622221,4.7361984483945,3.73766961828337
"76242",79,3.91202300542815,"unpaired",3.2188758248682,3.2188758248682,3.2188758248682,0.693147180559945,0.693147180559945,0.693147180559945,4.21950770517611,4.51085950651685,3.93182563272433
"76242",81,4.79579054559674,"paired",4.23410650459726,4.24849524204936,4.24129477154226,0.561684040999482,0.547295303547382,0.554495774054482,4.57471097850338,4.85203026391962,4.44265125649032
"76242",82,4.15888308335967,"paired",3.68887945411394,4.0943445622221,3.88632776971323,0.470003629245735,0.0645385211375711,0.27255531364644,4.33073334028633,4.14313472639153,3.95124371858143
"76242",83,4.79579054559674,"unpaired",4.44265125649032,4.52178857704904,4.48204525896498,0.353139289106425,0.274001968547701,0.313745286631758,4.77912349311153,4.52178857704904,4.00733318523247
"76242",84,3.91202300542815,"unpaired",3.68887945411394,3.73766961828337,3.71319440120651,0.22314355131421,0.174353387144778,0.198828604221633,3.80666248977032,4.31748811353631,3.63758615972639
"76242",85,4.15888308335967,"paired",3.58351893845611,3.63758615972639,3.61045134209635,0.575364144903562,0.521296923633286,0.548431741263321,3.25809653802148,4.51085950651685,3.73766961828337
"76242",87,3.91202300542815,"unpaired",4.0943445622221,4.02535169073515,4.05970156612441,0.182321556793954,0.113328685307004,0.147678560696265,4.06044301054642,3.55534806148941,3.36729582998647
"76242",88,4.90527477843843,"unpaired",4.35670882668959,4.51085950651685,4.43311419072401,0.548565951748838,0.39441527192158,0.472160587714417,4.69134788222914,5.07517381523383,4.27666611901606
"76242",89,3.91202300542815,"paired",3.63758615972639,3.36729582998647,3.49983266840904,0.27443684570176,0.544727175441672,0.412190337019102,4.24849524204936,4.31748811353631,4.0943445622221
"76242",90,5.01063529409626,"paired",4.64439089914137,4.68213122712422,4.66322288335453,0.366244394954883,0.328504066972036,0.347412410741723,5.10594547390058,4.82028156560504,4.66343909411207
"76242",91,4.52178857704904,"unpaired",4.04305126783455,3.71357206670431,3.87481125378822,0.47873730921449,0.808216510344733,0.646977323260822,4.54329478227,4.85981240436167,4.07753744390572
"76242",93,4.35670882668959,"paired",3.66356164612965,4.14313472639153,3.8959760623438,0.693147180559945,0.213574100298059,0.460732764345797,4.21950770517611,4.67282883446191,3.80666248977032
"76242",94,4.35670882668959,"paired",3.85014760171006,3.91202300542815,3.88096199313827,0.506561224979533,0.444685821261446,0.475746833551324,4.51085950651685,4.33073334028633,3.71357206670431
"76242",95,4.15888308335967,"unpaired",4.12713438504509,3.25809653802148,3.66696090132753,0.0317486983145798,0.900786545338189,0.491922182032139,4.00733318523247,4.02535169073515,4.53259949315326
"76242",96,4.52178857704904,"unpaired",4.31748811353631,4.07753744390572,4.19579783194593,0.20430046351273,0.444251133143321,0.32599074510311,4.51085950651685,4.40671924726425,4.21950770517611
"76244",1,4.52178857704904,"paired",4.49980967033027,4.38202663467388,4.44052765179436,0.0219789067187754,0.139761942375159,0.0812609252546821,4.29045944114839,4.31748811353631,4.70953020131233
"76244",3,3.91202300542815,"unpaired",4.14313472639153,4.23410650459726,4.1883736335763,0.231111720963387,0.322083499169114,0.276350628148159,4.31748811353631,3.36729582998647,4.11087386417331
"76244",4,4.67282883446191,"unpaired",4.85203026391962,4.79579054559674,4.82382844498589,0.179201429457711,0.122961711134836,0.150999610523981,4.65396035015752,4.56434819146784,4.94875989037817
"76244",5,3.91202300542815,"paired",3.76120011569356,4.06044301054642,3.90795838271524,0.150822889734584,0.148420005118273,0.00406462271290753,3.66356164612965,3.71357206670431,4.0943445622221
"76244",6,4.35670882668959,"paired",4.57471097850338,4.55387689160054,4.56428204767824,0.218002151813791,0.197168064910949,0.207573220988647,4.60517018598809,4.40671924726425,4.11087386417331
"76244",7,3.91202300542815,"unpaired",3.87120101090789,3.87120101090789,3.87120101090789,0.0408219945202548,0.0408219945202548,0.0408219945202548,3.80666248977032,4.45434729625351,3.80666248977032
"76244",9,4.90527477843843,"paired",5.08759633523238,5.08140436498446,5.08449940752566,0.182321556793954,0.176129586546034,0.179224629087231,5.01063529409626,4.55387689160054,4.90527477843843
"76244",10,3.91202300542815,"paired",4.0943445622221,4.35670882668959,4.22348991874511,0.182321556793954,0.444685821261446,0.311466913316962,4.12713438504509,4.06044301054642,3.78418963391826
"76244",11,4.67282883446191,"unpaired",5.03695260241363,4.99721227376411,5.0170430900232,0.364123767951724,0.324383439302209,0.34421425556129,4.30406509320417,4.45434729625351,4.69134788222914
"76244",12,4.52178857704904,"unpaired",4.66343909411207,5.06259503302697,4.85892000290965,0.141650517063026,0.540806455977926,0.337131425860611,4.45434729625351,4.75359019110636,4.74493212836325
"76244",13,4.67282883446191,"paired",4.69134788222914,4.81218435537242,4.75138199732169,0.0185190477672377,0.139355520910511,0.0785531628597793,4.70048036579242,4.85203026391962,5.06890420222023
"76244",15,4.79579054559674,"unpaired",5.07517381523383,5.15329159449778,5.1140835506139,0.279383269637085,0.357501048901038,0.318293005017162,4.99721227376411,4.83628190695148,4.90527477843843
"76244",16,4.15888308335967,"unpaired",4.24849524204936,4.40671924726425,4.32688406998033,0.0896121586896879,0.247836163904582,0.168000986620655,3.80666248977032,4.74493212836325,4.04305126783455
"76244",17,4.52178857704904,"paired",4.39444915467244,4.38202663467388,4.38823349885746,0.127339422376601,0.139761942375159,0.133555078191584,4.43081679884331,4.70048036579242,4.70953020131233
"76244",18,4.67282883446191,"paired",4.86753445045558,5.06259503302697,4.9641067405893,0.194705615993676,0.389766198565061,0.291277906127389,4.4188406077966,4.9272536851572,4.9272536851572
"76244",19,4.90527477843843,"unpaired",4.89783979995091,5.07517381523383,4.98571843407958,0.00743497848751851,0.169899036795397,0.080443655641151,4.52178857704904,4.95582705760126,5.08759633523238
"76244",21,4.52178857704904,"paired",4.4188406077966,4.39444915467244,4.40662800489944,0.102947969252442,0.127339422376601,0.115160572149602,4.65396035015752,4.61512051684126,4.45434729625351
"76244",22,4.52178857704904,"paired",4.70953020131233,4.84418708645859,4.776384132844,0.187741624263293,0.322398509409551,0.25459555579496,4.77068462446567,4.53259949315326,4.74493212836325
"76244",23,5.01063529409626,"unpaired",5.09375020080676,5.15905529921453,5.12629875898266,0.0831149067105068,0.148420005118274,0.115663464886408,4.77912349311153,5.06259503302697,5.03695260241363
"76244",24,4.67282883446191,"unpaired",4.53259949315326,4.91265488573605,4.71880250117804,0.14022934130865,0.239826051274147,0.0459736667161321,4.79579054559674,4.85203026391962,4.9272536851572
"76244",25,4.67282883446191,"paired",4.72738781871234,4.35670882668959,4.53826533346927,0.054558984250435,0.316120007772314,0.13456350099264,4.4188406077966,4.38202663467388,4.69134788222914
"76244",27,4.79579054559674,"unpaired",4.99043258677874,5.02388052084628,5.00712862460255,0.194642041181995,0.228089975249535,0.211338079005805,4.79579054559674,5.01727983681492,5.08759633523238
"76244",28,5.01063529409626,"unpaired",5.07517381523383,5.08759633523238,5.08138127904716,0.0645385211375711,0.0769610411361281,0.0707459849509062,4.89783979995091,5.07517381523383,5.03695260241363
"76244",29,4.15888308335967,"paired",3.80666248977032,4.00733318523247,3.90570927236479,0.352220593589352,0.1515498981272,0.253173810994886,3.97029191355212,4.30406509320417,4.04305126783455
"76244",30,4.67282883446191,"paired",4.94875989037817,4.96284463025991,4.95579725658838,0.275931055916263,0.290015795798001,0.282968422126473,4.71849887129509,4.4188406077966,4.53259949315326
"76244",31,5.01063529409626,"unpaired",5.0998664278242,5.09375020080676,5.09680739687279,0.0892311337279432,0.0831149067105068,0.0861721027765334,4.74493212836325,4.97673374242057,5.16478597392351
"76244",33,4.79579054559674,"paired",5.03695260241363,4.95582705760126,4.99622517455894,0.241162056816888,0.16003651200452,0.200434628962203,4.84418708645859,4.87519732320115,4.76217393479776
"76244",34,3.91202300542815,"paired",4.45434729625351,4.27666611901606,4.36460263531723,0.542324290825361,0.364643113587909,0.452579629889088,4.18965474202643,3.8286413964891,3.55534806148941
"76244",35,4.35670882668959,"unpaired",4.30406509320417,4.75359019110636,4.52324679947255,0.0526437334854215,0.396881364416773,0.166537972782955,4.52178857704904,4.34380542185368,4.0943445622221
"76244",36,3.91202300542815,"unpaired",3.80666248977032,3.8286413964891,3.81763612603361,0.105360515657826,0.0833816089390509,0.0943868793945386,3.43398720448515,4.4188406077966,3.55534806148941
"76244",37,4.90527477843843,"paired",5.07517381523383,5.11799381241676,5.09653884350019,0.169899036795397,0.212719033978326,0.191264065061762,4.86753445045558,4.87519732320115,5.06890420222023
"76244",39,4.35670882668959,"unpaired",4.59511985013459,4.83628190695148,4.7141589908996,0.238411023444998,0.479573080261886,0.357450164210006,4.21950770517611,3.66356164612965,4.31748811353631
"76244",40,4.79579054559674,"unpaired",5.08759633523238,5.00394630594546,5.04559797128425,0.291805789635642,0.208155760348718,0.24980742568751,4.80402104473326,4.70048036579242,4.95582705760126
"76244",41,3.91202300542815,"paired",3.55534806148941,3.58351893845611,3.56940570839888,0.356674943938732,0.328504066972036,0.342617297029263,4.17438726989564,4.11087386417331,4.0943445622221
"76244",42,4.35670882668959,"paired",5.03695260241363,4.97673374242057,5.00675263772887,0.680243775724038,0.620024915730983,0.650043811039282,4.64439089914137,4.47733681447821,4.76217393479776
"76244",43,4.15888308335967,"unpaired",4.04305126783455,4.40671924726425,4.22097048552139,0.115831815525121,0.247836163904582,0.0620874021617155,4.29045944114839,4.38202663467388,4.47733681447821
"76244",45,4.79579054559674,"paired",5.08759633523238,5.14166355650266,5.11455850167547,0.291805789635642,0.345873010905919,0.318767956078729,4.8283137373023,4.87519732320115,4.76217393479776
"76244",46,4.67282883446191,"paired",5.06890420222023,5.08759633523238,5.07824166841828,0.396075367758326,0.414767500770478,0.405412833956374,4.69134788222914,4.68213122712422,4.69134788222914
"76244",47,4.79579054559674,"unpaired",4.90527477843843,5.02388052084628,4.96422344468854,0.109484232841688,0.228089975249535,0.168432899091799,4.8283137373023,4.95582705760126,5.11799381241676
"76244",48,4.90527477843843,"unpaired",5.05624580534831,5.08140436498446,5.06880947617202,0.150971026909878,0.176129586546034,0.16353469773359,4.74493212836325,4.85981240436167,5.0998664278242
"76244",49,4.35670882668959,"paired",4.04305126783455,3.97029191355212,4.00650642764493,0.313657558855041,0.38641691313747,0.350202399044658,4.64439089914137,3.97029191355212,4.57471097850338
"76244",51,5.01063529409626,"unpaired",5.03695260241363,4.94875989037817,4.9926615155206,0.026317308317374,0.0618754037180871,0.0179737785756515,4.96284463025991,4.68213122712422,5.16478597392351
"76244",52,4.35670882668959,"unpaired",4.31748811353631,4.47733681447821,4.39668607894721,0.0392207131532816,0.120627987788615,0.0399772522576169,4.51085950651685,4.31748811353631,4.76217393479776
"76244",53,3.91202300542815,"paired",4.11087386417331,3.89182029811063,3.9998477905493,0.198850858745165,0.0202027073175195,0.0878247851211591,3.68887945411394,3.87120101090789,3.55534806148941
"76244",54,4.52178857704904,"paired",4.45434729625351,4.89034912822175,4.66725973318716,0.0674412807955331,0.368560551172713,0.145471156138118,4.34380542185368,4.99043258677874,4.65396035015752
"76244",55,4.79579054559674,"unpaired",4.76217393479776,4.96284463025991,4.86147398848073,0.033616610798985,0.167054084663166,0.0656834428839881,4.81218435537242,4.8283137373023,5.11799381241676
"76244",57,4.15888308335967,"paired",3.93182563272433,3.97029191355212,3.95101196089082,0.227057450635346,0.18859116980755,0.207871122468849,4.33073334028633,4.29045944114839,3.78418963391826
"76244",58,4.79579054559674,"paired",5.0998664278242,5.13579843705026,5.11780089776699,0.304075882227457,0.340007891453521,0.32201035217025,4.33073334028633,4.77068462446567,4.76217393479776
"76244",59,4.90527477843843,"unpaired",5.06890420222023,5.15329159449778,5.11092373437679,0.163629423781802,0.24801681605935,0.205648955938361,4.77912349311153,4.64439089914137,4.89783979995091
"76244",60,5.01063529409626,"unpaired",5.08759633523238,5.14166355650266,5.11455850167547,0.0769610411361281,0.131028262406405,0.103923207579215,4.84418708645859,4.36944785246702,5.03695260241363
"76244",61,3.91202300542815,"paired",3.29583686600433,4.12713438504509,3.68813796612677,0.616186139423817,0.215111379616946,0.223885039301374,3.73766961828337,4.35670882668959,4.15888308335967
"76244",63,4.15888308335967,"unpaired",4.11087386417331,4.46590811865458,4.28471527231116,0.0480092191863601,0.307025035294912,0.125832188951493,4.68213122712422,4.60517018598809,3.80666248977032
"76244",64,4.90527477843843,"unpaired",5.09375020080676,5.01063529409626,5.05202182650394,0.188475422368333,0.105360515657826,0.146747048065515,5.04342511691925,4.89783979995091,5.07517381523383
"76244",65,4.67282883446191,"paired",4.85981240436167,4.99721227376411,4.928033501841,0.186983569899766,0.324383439302209,0.255204667379092,4.31748811353631,4.34380542185368,4.69134788222914
"76244",66,4.15888308335967,"paired",4.45434729625351,4.60517018598809,4.52913097257557,0.295464212893836,0.44628710262842,0.370247889215897,3.93182563272433,4.33073334028633,4.24849524204936
"76244",67,4.67282883446191,"unpaired",4.99721227376411,4.85981240436167,4.928033501841,0.324383439302209,0.186983569899766,0.255204667379092,4.20469261939097,4.36944785246702,4.69134788222914
"76244",69,4.79579054559674,"paired",5.11198778835654,5.06890420222023,5.09040041471189,0.316197242759802,0.27311365662349,0.29460986911515,4.74493212836325,4.54329478227,5.07517381523383
"76244",70,4.52178857704904,"paired",4.65396035015752,4.67282883446191,4.66338504936688,0.132171773108483,0.151040257412865,0.141596472317836,4.84418708645859,4.74493212836325,4.49980967033027
"76244",71,4.67282883446191,"unpaired",4.9272536851572,5.01063529409626,4.96876958791757,0.254424850695299,0.33780645963435,0.295940753455664,4.23410650459726,4.53259949315326,4.85981240436167
"76244",72,3.91202300542815,"unpaired",4.15888308335967,4.06044301054642,4.10936829056578,0.246860077931526,0.148420005118273,0.197345285137633,3.66356164612965,3.85014760171006,3.80666248977032
"76244",73,4.35670882668959,"paired",4.11087386417331,4.17438726989564,4.14250884449892,0.24583496251628,0.182321556793955,0.214199982190674,4.23410650459726,4.8283137373023,4.59511985013459
"76244",75,4.52178857704904,"unpaired",4.57471097850338,4.54329478227,4.55897581908785,0.0529224014543423,0.0215062052209634,0.037187242038808,4.70953020131233,4.40671924726425,4.49980967033027
"76244",76,4.15888308335967,"unpaired",4.34380542185368,4.47733681447821,4.41006575123269,0.184922338494013,0.318453731118535,0.251182667873017,4.51085950651685,4.71849887129509,3.93182563272433
"76244",77,4.90527477843843,"paired",4.90527477843843,5.02388052084628,4.96422344468854,0,0.118605742407847,0.0589486662501111,4.67282883446191,4.76217393479776,5.05624580534831
"76244",78,4.15888308335967,"paired",4.47733681447821,4.60517018598809,4.54080367453405,0.318453731118535,0.44628710262842,0.381920591174379,4.48863636973214,4.21950770517611,4.04305126783455
"76244",79,3.91202300542815,"unpaired",3.71357206670431,4.44265125649032,4.06178601211477,0.198450938723838,0.530628251062171,0.149763006686628,4.0943445622221,4.20469261939097,3.55534806148941
"76244",81,4.79579054559674,"paired",4.95582705760126,5.06890420222023,5.01204674736297,0.16003651200452,0.27311365662349,0.216256201766232,5.07517381523383,4.38202663467388,4.76217393479776
"76244",82,4.15888308335967,"paired",4.55387689160054,4.55387689160054,4.55387689160054,0.394993808240869,0.394993808240869,0.394993808240869,4.23410650459726,3.95124371858143,4.45434729625351
"76244",83,4.79579054559674,"unpaired",5.11799381241676,5.11198778835654,5.11498991885212,0.322203266820014,0.316197242759802,0.319199373255378,5.04985600724954,4.85203026391962,4.76217393479776
"76244",84,3.91202300542815,"unpaired",3.63758615972639,4.45434729625351,4.02530397305178,0.27443684570176,0.542324290825361,0.113280967623629,4.30406509320417,4.02535169073515,3.80666248977032
"76244",85,4.15888308335967,"paired",3.78418963391826,3.91202300542815,3.84757545797233,0.37469344944141,0.246860077931526,0.311307625387346,3.8286413964891,4.00733318523247,4.11087386417331
"76244",87,3.91202300542815,"unpaired",3.78418963391826,4.64439089914137,4.19228528327869,0.127833371509885,0.732367893713227,0.280262277850544,4.0943445622221,4.60517018598809,4.15888308335967
"76244",88,4.90527477843843,"unpaired",5.0998664278242,5.16478597392351,5.13222355274104,0.194591649385769,0.259511195485085,0.226948774302607,4.8283137373023,4.79579054559674,5.07517381523383
"76244",89,3.91202300542815,"paired",3.55534806148941,3.85014760171006,3.69981280772257,0.356674943938732,0.0618754037180875,0.212210197705575,4.46590811865458,3.76120011569356,4.15888308335967
"76244",90,5.01063529409626,"paired",5.16478597392351,5.15905529921453,5.16191984130701,0.154150679827259,0.148420005118274,0.151284547210754,5.13579843705026,4.55387689160054,5.08759633523238
"76244",91,4.52178857704904,"unpaired",4.33073334028633,4.89783979995091,4.60556599312492,0.191055236762709,0.376051222901871,0.0837774160758809,4.36944785246702,4.80402104473326,4.66343909411207
"76244",93,4.35670882668959,"paired",4.0943445622221,4.27666611901606,4.18451247684039,0.262364264467491,0.0800427076735364,0.172196349849203,4.68213122712422,4.14313472639153,4.04305126783455
"76244",94,4.35670882668959,"paired",4.76217393479776,4.66343909411207,4.71254794145347,0.405465108108165,0.306730267422475,0.355839114763879,4.44265125649032,4.7361984483945,4.04305126783455
"76244",95,4.15888308335967,"unpaired",4.35670882668959,4.56434819146784,4.45932013359129,0.19782574332992,0.405465108108165,0.300437050231614,3.76120011569356,4.14313472639153,3.93182563272433
"76244",96,4.52178857704904,"unpaired",4.74493212836325,4.67282883446191,4.70874247193245,0.22314355131421,0.151040257412865,0.186953894883406,4.15888308335967,4.14313472639153,4.65396035015752
"76341",1,4.52178857704904,"paired",4.17438726989564,4.26267987704132,4.21830257501303,0.347401307153404,0.259108700007725,0.303486002036009,4.55387689160054,4.38202663467388,4.84418708645859
"76341",3,3.91202300542815,"unpaired",3.87120101090789,4.46590811865458,4.1579355482688,0.0408219945202548,0.553885113226438,0.245912542840656,4.14313472639153,3.87120101090789,3.76120011569356
"76341",4,4.67282883446191,"unpaired",4.91265488573605,4.67282883446191,4.791241530525,0.239826051274147,0,0.118412696063099,4.65396035015752,4.40671924726425,4.90527477843843
"76341",5,3.91202300542815,"paired",3.76120011569356,4.04305126783455,3.89958009230921,0.150822889734584,0.131028262406404,0.0124429131189348,3.49650756146648,3.58351893845611,4.04305126783455
"76341",6,4.35670882668959,"paired",4.7361984483945,4.70953020131233,4.72284550161473,0.379489621704904,0.352821374622742,0.366136674925139,4.77068462446567,4.84418708645859,3.93182563272433
"76341",7,3.91202300542815,"unpaired",4.34380542185368,4.21950770517611,4.28120548996394,0.431782416425538,0.307484699747961,0.369182484535793,4.43081679884331,3.68887945411394,4.4188406077966
"76341",9,4.90527477843843,"paired",4.96284463025991,5.03695260241363,4.99976131187901,0.0575698518214773,0.1316778239752,0.0944865334405831,4.81218435537242,4.77068462446567,5.04342511691925
"76341",10,3.91202300542815,"paired",4.12713438504509,4.18965474202643,4.15827706475705,0.215111379616946,0.277631736598279,0.246254059328902,4.72738781871234,4.23410650459726,4.4188406077966
"76341",11,4.67282883446191,"unpaired",4.91265488573605,4.84418708645859,4.87830086789553,0.239826051274147,0.171358251996685,0.205472033433625,4.87519732320115,4.4188406077966,4.9416424226093
"76341",12,4.52178857704904,"unpaired",4.89034912822175,4.90527477843843,4.89780626775136,0.368560551172713,0.383486201389389,0.376017690702323,4.67282883446191,3.91202300542815,4.17438726989564
"76341",13,4.67282883446191,"paired",4.7361984483945,4.81218435537242,4.77404022577346,0.0633696139325899,0.139355520910511,0.101211391311554,4.51085950651685,4.7361984483945,4.9416424226093
"76341",15,4.79579054559674,"unpaired",5.00394630594546,5.07517381523383,5.03943422070081,0.208155760348718,0.279383269637085,0.243643675104073,5.04342511691925,4.74493212836325,4.87519732320115
"76341",16,4.15888308335967,"unpaired",4.27666611901606,4.17438726989564,4.22521722575474,0.117783035656384,0.0155041865359653,0.0663341423950703,4.0943445622221,4.44265125649032,4.76217393479776
"76341",17,4.52178857704904,"paired",4.86753445045558,4.87519732320115,4.87136438007366,0.345745873406542,0.353408746152111,0.349575803024621,3.98898404656427,4.52178857704904,4.57471097850338
"76341",18,4.67282883446191,"paired",4.89034912822175,4.89034912822175,4.89034912822175,0.217520293759848,0.217520293759848,0.217520293759849,4.33073334028633,4.94875989037817,4.9416424226093
"76341",19,4.90527477843843,"unpaired",5.04342511691925,5.02388052084628,5.03364333293862,0.138150338480817,0.118605742407847,0.128368554500194,4.82028156560504,4.65396035015752,4.81218435537242
"76341",21,4.52178857704904,"paired",4.57471097850338,4.52178857704904,4.54817280299434,0.0529224014543423,0,0.0263842259453044,4.61512051684126,4.99043258677874,4.80402104473326
"76341",22,4.52178857704904,"paired",4.84418708645859,4.86753445045558,4.85584673643941,0.322398509409551,0.345745873406542,0.334058159390366,4.43081679884331,4.52178857704904,4.51085950651685
"76341",23,5.01063529409626,"unpaired",4.98360662170834,5.01063529409626,4.99710268361814,0.0270286723879192,0,0.0135326104781175,4.969813299576,4.70048036579242,5.06259503302697
"76341",24,4.67282883446191,"unpaired",4.90527477843843,4.84418708645859,4.87463524145576,0.232445943976524,0.171358251996685,0.201806406993855,4.52178857704904,4.47733681447821,4.91265488573605
"76341",25,4.67282883446191,"paired",4.9416424226093,4.91265488573605,4.927127336592,0.268813588147398,0.239826051274147,0.254298502130091,4.54329478227,4.74493212836325,4.90527477843843
"76341",27,4.79579054559674,"unpaired",4.969813299576,4.91998092582813,4.94483433886727,0.174022753979259,0.124190380231384,0.149043793270524,4.74493212836325,4.56434819146784,4.85203026391962
"76341",28,5.01063529409626,"unpaired",4.97673374242057,5.02388052084628,5.00025156427005,0.0339015516756813,0.0132452267500209,0.0103837298262031,4.65396035015752,5.05624580534831,5.01727983681492
"76341",29,4.15888308335967,"paired",4.33073334028633,4.20469261939097,4.26724765070558,0.17185025692666,0.0458095360312942,0.108364567345912,4.56434819146784,4.4188406077966,4.27666611901606
"76341",30,4.67282883446191,"paired",4.9272536851572,4.89034912822175,4.90876672533295,0.254424850695299,0.217520293759848,0.235937890871043,4.70953020131233,4.12713438504509,4.91265488573605
"76341",31,5.01063529409626,"unpaired",5.01727983681492,5.04985600724954,5.03354156871599,0.00664454271866877,0.0392207131532816,0.0229062746197339,4.31748811353631,4.68213122712422,5.06259503302697
"76341",33,4.79579054559674,"paired",4.90527477843843,4.969813299576,4.93743859019614,0.109484232841688,0.174022753979259,0.141648044599397,4.80402104473326,4.9272536851572,4.85203026391962
"76341",34,3.91202300542815,"paired",4.34380542185368,4.18965474202643,4.26603387048314,0.431782416425538,0.277631736598279,0.354010865054997,4.51085950651685,3.2188758248682,4.34380542185368
"76341",35,4.35670882668959,"unpaired",4.51085950651685,4.49980967033027,4.50533120080264,0.154150679827258,0.143100843640673,0.148622374113044,4.86753445045558,4.58496747867057,4.74493212836325
"76341",36,3.91202300542815,"unpaired",4.31748811353631,3.91202300542815,4.10975824420569,0.405465108108164,0,0.197735238777541,4.63472898822964,4.39444915467244,4.34380542185368
"76341",37,4.90527477843843,"paired",4.85981240436167,4.87519732320115,4.86749878531097,0.0454623740767577,0.0300774552372784,0.0377759931274593,4.66343909411207,4.72738781871234,4.81218435537242
"76341",39,4.35670882668959,"unpaired",4.74493212836325,4.77912349311153,4.76199712388411,0.388223301673658,0.422414666421938,0.405288297194515,4.51085950651685,4.67282883446191,4.51085950651685
"76341",40,4.79579054559674,"unpaired",4.94875989037817,4.8283137373023,4.88816584838562,0.152969344781427,0.0325231917055602,0.0923753027888816,4.47733681447821,4.65396035015752,4.90527477843843
"76341",41,3.91202300542815,"paired",4.4188406077966,4.26267987704132,4.34005794186064,0.506817602368452,0.35065687161317,0.42803493643249,3.78418963391826,4.39444915467244,4.34380542185368
"76341",42,4.35670882668959,"paired",4.79579054559674,4.86753445045558,4.83152933322994,0.43908171890715,0.51082562376599,0.474820506540345,4.18965474202643,4.38202663467388,4.44265125649032
"76341",43,4.15888308335967,"unpaired",4.7361984483945,4.35670882668959,4.5424924419391,0.577315365034824,0.19782574332992,0.383609358579428,4.60517018598809,4.34380542185368,4.27666611901606
"76341",45,4.79579054559674,"paired",4.85203026391962,4.90527477843843,4.87857988330875,0.0562397183228756,0.109484232841688,0.0827893377120121,4.56434819146784,4.68213122712422,4.81218435537242
"76341",46,4.67282883446191,"paired",4.87519732320115,5.00394630594546,4.93915231959773,0.202368488739245,0.331117471483553,0.26632348513582,4.74493212836325,4.17438726989564,4.91265488573605
"76341",47,4.79579054559674,"unpaired",4.87519732320115,4.9416424226093,4.90830743850893,0.0794067776044098,0.145851877012563,0.112516892912192,4.87519732320115,4.9272536851572,4.87519732320115
"76341",48,4.90527477843843,"unpaired",4.85981240436167,5.01727983681492,4.93791846703719,0.0454623740767577,0.112005058376495,0.0326436885987569,5.01063529409626,4.75359019110636,4.70048036579242
"76341",49,4.35670882668959,"paired",4.44265125649032,4.23410650459726,4.3371256129795,0.085942429800725,0.122602322092332,0.0195832137100886,4.48863636973214,4.80402104473326,4.74493212836325
"76341",51,5.01063529409626,"unpaired",5.06259503302697,4.96284463025991,5.0124717031459,0.0519597389307114,0.0477906638363486,0.00183640904964477,4.14313472639153,4.98360662170834,4.98360662170834
"76341",52,4.35670882668959,"unpaired",4.65396035015752,4.75359019110636,4.70351148295683,0.297251523467931,0.396881364416773,0.346802656267236,4.51085950651685,4.60517018598809,4.79579054559674
"76341",53,3.91202300542815,"paired",4.21950770517611,4.02535169073515,4.12128650728151,0.307484699747961,0.113328685307004,0.209263501853365,3.80666248977032,3.78418963391826,4.51085950651685
"76341",54,4.52178857704904,"paired",4.80402104473326,4.89034912822175,4.84699289540126,0.282232467684216,0.368560551172713,0.325204318352215,4.77068462446567,4.27666611901606,4.51085950651685
"76341",55,4.79579054559674,"unpaired",4.81218435537242,4.94875989037817,4.87999435685866,0.0163938097756757,0.152969344781427,0.0842038112619159,4.69134788222914,4.87519732320115,5.00394630594546
"76341",57,4.15888308335967,"paired",4.00733318523247,4.20469261939097,4.10482694731306,0.1515498981272,0.0458095360312942,0.0540561360466105,3.52636052461616,3.61091791264422,4.27666611901606
"76341",58,4.79579054559674,"paired",4.87519732320115,4.99721227376411,4.93582778270502,0.0794067776044098,0.201421728167373,0.140037237108278,4.53259949315326,4.78749174278205,4.81218435537242
"76341",59,4.90527477843843,"unpaired",4.80402104473326,4.969813299576,4.88621404356771,0.101253733705173,0.0645385211375711,0.0190607348707168,4.91998092582813,5.12989871492307,4.70048036579242
"76341",60,5.01063529409626,"unpaired",4.86753445045558,5.08140436498446,4.97331989753899,0.143100843640673,0.0707690708882076,0.0373153965572639,4.7361984483945,4.97673374242057,4.98360662170834
"76341",61,3.91202300542815,"paired",4.11087386417331,3.8286413964891,3.96724865015026,0.198850858745165,0.0833816089390509,0.05522564472211,3.98898404656427,4.0943445622221,4.34380542185368
"76341",63,4.15888308335967,"unpaired",4.40671924726425,4.46590811865458,4.436214970331,0.247836163904582,0.307025035294912,0.277331886971324,4.74493212836325,4.48863636973214,4.80402104473326
"76341",64,4.90527477843843,"unpaired",4.70048036579242,5.04985600724954,4.87203746005255,0.204794412646013,0.144581228811107,0.0332373183858756,5.04342511691925,4.91265488573605,4.80402104473326
"76341",65,4.67282883446191,"paired",4.8283137373023,4.85981240436167,4.84403746813457,0.155484902840396,0.186983569899766,0.171208633672666,4.64439089914137,4.70048036579242,4.91265488573605
"76341",66,4.15888308335967,"paired",4.21950770517611,4.27666611901606,4.24799077702081,0.0606246218164355,0.117783035656384,0.0891076936611359,4.70953020131233,4.38202663467388,4.80402104473326
"76341",67,4.67282883446191,"unpaired",4.85981240436167,4.9416424226093,4.90055661566281,0.186983569899766,0.268813588147398,0.227727781200906,4.77068462446567,4.79579054559674,4.91265488573605
"76341",69,4.79579054559674,"paired",4.87519732320115,4.78749174278205,4.83114550901322,0.0794067776044098,0.00829880281469553,0.0353549634164825,4.88280192258637,5.03695260241363,4.89034912822175
"76341",70,4.52178857704904,"paired",4.78749174278205,4.45434729625351,4.61791629420642,0.265703165733005,0.0674412807955331,0.0961277171573842,4.38202663467388,4.57471097850338,4.80402104473326
"76341",71,4.67282883446191,"unpaired",4.85981240436167,4.85203026391962,4.85591977517491,0.186983569899766,0.179201429457711,0.183090940713008,4.66343909411207,4.53259949315326,4.87519732320115
"76341",72,3.91202300542815,"unpaired",3.91202300542815,3.97029191355212,3.94104977183507,0,0.058268908123976,0.029026766406921,3.8286413964891,4.51085950651685,4.12713438504509
"76341",73,4.35670882668959,"paired",3.93182563272433,4.35670882668959,4.13881860427519,0.424883193965266,0,0.217890222414399,4.66343909411207,4.07753744390572,4.65396035015752
"76341",75,4.52178857704904,"unpaired",4.51085950651685,4.75359019110636,4.63063467611486,0.0109290705321907,0.231801614057324,0.108846099065821,4.83628190695148,4.70048036579242,4.78749174278205
"76341",76,4.15888308335967,"unpaired",4.35670882668959,4.45434729625351,4.40525756145184,0.19782574332992,0.295464212893836,0.246374478092164,4.33073334028633,4.39444915467244,4.7361984483945
"76341",77,4.90527477843843,"paired",4.81218435537242,4.89783979995091,4.85482317499249,0.0930904230660126,0.00743497848751851,0.0504516034459419,4.67282883446191,4.71849887129509,4.80402104473326
"76341",78,4.15888308335967,"paired",4.47733681447821,4.38202663467388,4.42942537734291,0.318453731118535,0.22314355131421,0.270542293983242,4.57471097850338,4.0943445622221,4.21950770517611
"76341",79,3.91202300542815,"unpaired",4.04305126783455,4.53259949315326,4.2808331113674,0.131028262406404,0.62057648772511,0.368810105939256,3.68887945411394,4.44265125649032,4.34380542185368
"76341",81,4.79579054559674,"paired",4.90527477843843,4.77068462446567,4.83751165004028,0.109484232841688,0.0251059211310762,0.041721104443539,4.89783979995091,4.78749174278205,4.90527477843843
"76341",82,4.15888308335967,"paired",4.80402104473326,4.77912349311153,4.79155609758322,0.645137961373585,0.620240409751858,0.632673014223545,4.55387689160054,4.36944785246702,4.33073334028633
"76341",83,4.79579054559674,"unpaired",4.89034912822175,4.95582705760126,4.92297923322434,0.0945585826250124,0.16003651200452,0.127188687627599,4.71849887129509,5.00394630594546,4.81218435537242
"76341",84,3.91202300542815,"unpaired",4.17438726989564,4.44265125649032,4.30643087134567,0.262364264467491,0.530628251062171,0.394407865917525,3.68887945411394,4.52178857704904,4.34380542185368
"76341",85,4.15888308335967,"paired",4.33073334028633,4.33073334028633,4.33073334028633,0.17185025692666,0.17185025692666,0.17185025692666,4.31748811353631,3.93182563272433,4.47733681447821
"76341",87,3.91202300542815,"unpaired",4.15888308335967,4.43081679884331,4.29269717429209,0.246860077931526,0.518793793415167,0.380674168863945,4.60517018598809,3.55534806148941,3.76120011569356
"76341",88,4.90527477843843,"unpaired",4.81218435537242,4.94875989037817,4.87999435685866,0.0930904230660126,0.0434851119397388,0.0252804215797724,4.67282883446191,4.67282883446191,4.85981240436167
"76341",89,3.91202300542815,"paired",4.51085950651685,4.21950770517611,4.36275216402614,0.598836501088704,0.307484699747961,0.450729158597991,3.40119738166216,4.38202663467388,4.12713438504509
"76341",90,5.01063529409626,"paired",5.10594547390058,5.03043792139244,5.06805107871572,0.0953101798043248,0.0198026272961798,0.0574157846194616,4.82028156560504,4.99721227376411,5.06259503302697
"76341",91,4.52178857704904,"unpaired",4.71849887129509,4.7361984483945,4.72734037625587,0.196710294246054,0.214409871345455,0.205551799206831,4.60517018598809,4.67282883446191,4.78749174278205
"76341",93,4.35670882668959,"paired",4.74493212836325,4.82028156560504,4.78245845443496,0.388223301673658,0.463572738915445,0.42574962774537,4.51085950651685,4.33073334028633,4.71849887129509
"76341",94,4.35670882668959,"paired",4.71849887129509,4.7361984483945,4.72734037625587,0.361790044605502,0.379489621704904,0.37063154956628,4.48863636973214,4.0943445622221,4.44265125649032
"76341",95,4.15888308335967,"unpaired",4.76217393479776,4.48863636973214,4.62338264939466,0.603290851438085,0.329753286372468,0.464499566034991,4.43081679884331,4.0943445622221,4.80402104473326
"76341",96,4.52178857704904,"unpaired",4.84418708645859,4.70953020131233,4.776384132844,0.322398509409551,0.187741624263293,0.25459555579496,4.83628190695148,4.71849887129509,4.17438726989564
"76387",1,4.52178857704904,"paired",4.43081679884331,4.63472898822964,4.53162609436546,0.0909717782057271,0.112940411180595,0.00983751731641824,4.52178857704904,4.60517018598809,4.72738781871234
"76387",3,3.91202300542815,"unpaired",4.39444915467244,4.4188406077966,4.40662800489944,0.482426149244293,0.506817602368452,0.494604999471293,3.80666248977032,4.12713438504509,4.24849524204936
"76387",4,4.67282883446191,"unpaired",4.88280192258637,4.75359019110636,4.81776289623326,0.209973088124465,0.0807613566444587,0.144934061771353,4.49980967033027,4.24849524204936,4.78749174278205
"76387",5,3.91202300542815,"paired",4.24849524204936,3.85014760171006,4.04442007796581,0.336472236621213,0.0618754037180875,0.132397072537661,4.07753744390572,3.68887945411394,3.93182563272433
"76387",6,4.35670882668959,"paired",4.53259949315326,4.45434729625351,4.49330304979836,0.175890666463665,0.0976384695639156,0.136594223108767,4.77068462446567,4.76217393479776,4.47733681447821
"76387",7,3.91202300542815,"unpaired",3.93182563272433,3.8286413964891,3.87989051149968,0.0198026272961798,0.0833816089390509,0.032132493928462,4.47733681447821,4.33073334028633,4.45434729625351
"76387",9,4.90527477843843,"paired",5.01063529409626,5.05624580534831,5.03338888701284,0.105360515657826,0.150971026909878,0.128114108574413,4.96284463025991,4.70048036579242,4.68213122712422
"76387",10,3.91202300542815,"paired",4.45434729625351,4.30406509320417,4.37856148875554,0.542324290825361,0.392042087776024,0.466538483327391,3.55534806148941,4.11087386417331,4.51085950651685
"76387",11,4.67282883446191,"unpaired",4.86753445045558,4.90527477843843,4.88636817820761,0.194705615993676,0.232445943976524,0.213539343745701,4.85981240436167,4.47733681447821,4.64439089914137
"76387",12,4.52178857704904,"unpaired",4.72738781871234,4.62497281328427,4.67589992829143,0.2055992416633,0.10318423623523,0.15411135124239,4.4188406077966,4.44265125649032,4.52178857704904
"76387",13,4.67282883446191,"paired",4.56434819146784,4.74493212836325,4.65376432350548,0.10848064299407,0.0721032939013444,0.0190645109564249,4.70048036579242,4.64439089914137,4.78749174278205
"76387",15,4.79579054559674,"unpaired",5.04342511691925,4.82028156560504,4.93059115305612,0.247634571322505,0.0244910200082957,0.134800607459379,4.85203026391962,4.77912349311153,4.93447393313069
"76387",16,4.15888308335967,"unpaired",4.58496747867057,4.49980967033027,4.54218900957144,0.426084395310901,0.340926586970594,0.383305926211772,4.00733318523247,4.4188406077966,4.59511985013459
"76387",17,4.52178857704904,"paired",4.72738781871234,4.55387689160054,4.63982134842151,0.2055992416633,0.0320883145515003,0.118032771372471,3.91202300542815,4.18965474202643,4.69134788222914
"76387",18,4.67282883446191,"paired",4.52178857704904,4.62497281328427,4.57308968163442,0.151040257412865,0.0478560211776351,0.099739152827488,4.64439089914137,4.61512051684126,4.9272536851572
"76387",19,4.90527477843843,"unpaired",4.72738781871234,4.70953020131233,4.71845056194741,0.177886959726089,0.195744577126096,0.186824216491022,4.91265488573605,4.55387689160054,4.96284463025991
"76387",21,4.52178857704904,"paired",4.65396035015752,4.56434819146784,4.60893648333371,0.132171773108483,0.0425596144187956,0.0871479062846703,4.44265125649032,4.70048036579242,4.77912349311153
"76387",22,4.52178857704904,"paired",4.89034912822175,4.75359019110636,4.82148479692724,0.368560551172713,0.231801614057324,0.299696219878197,4.17438726989564,4.66343909411207,4.77912349311153
"76387",23,5.01063529409626,"unpaired",5.04342511691925,5.06259503302697,5.05300098420323,0.0327898228229913,0.0519597389307114,0.0423656901069762,5.05624580534831,4.85981240436167,4.85981240436167
"76387",24,4.67282883446191,"unpaired",4.78749174278205,4.74493212836325,4.76616443113331,0.11466290832014,0.0721032939013444,0.0933355966714027,4.40671924726425,4.68213122712422,4.70953020131233
"76387",25,4.67282883446191,"paired",4.48863636973214,4.59511985013459,4.54156603855897,0.184192464729766,0.077708984327316,0.131262795902935,4.64439089914137,4.4188406077966,4.64439089914137
"76387",27,4.79579054559674,"unpaired",4.74493212836325,4.72738781871234,4.73615184978704,0.0508584172334912,0.0684027268844005,0.0596386958096966,4.78749174278205,4.79579054559674,4.64439089914137
"76387",28,5.01063529409626,"unpaired",4.99721227376411,4.84418708645859,4.92010479206089,0.0134230203321408,0.166448207637664,0.0905305020353699,4.70048036579242,5.06890420222023,4.94875989037817
"76387",29,4.15888308335967,"paired",4.84418708645859,4.77912349311153,4.81154531412952,0.68530400309892,0.620240409751858,0.652662230769848,4.12713438504509,3.87120101090789,4.39444915467244
"76387",30,4.67282883446191,"paired",4.64439089914137,4.54329478227,4.5935647311093,0.0284379353205333,0.129534052191902,0.0792641033526023,4.63472898822964,4.85981240436167,4.89034912822175
"76387",31,5.01063529409626,"unpaired",4.85981240436167,4.80402104473326,4.83183620003919,0.150822889734584,0.206614249362999,0.178799094057061,4.72738781871234,5.09375020080676,4.99721227376411
"76387",33,4.79579054559674,"paired",4.80402104473326,4.80402104473326,4.80402104473326,0.00823049913651541,0.00823049913651541,0.00823049913651541,5.01727983681492,4.66343909411207,4.66343909411207
"76387",34,3.91202300542815,"paired",4.47733681447821,4.53259949315326,4.50488341424951,0.565313809050061,0.62057648772511,0.592860408821365,4.29045944114839,4.04305126783455,4.51085950651685
"76387",35,4.35670882668959,"unpaired",4.85203026391962,4.70048036579242,4.77565419495432,0.495321437230025,0.343771539102825,0.418945368264724,4.55387689160054,4.39444915467244,4.46590811865458
"76387",36,3.91202300542815,"unpaired",4.31748811353631,4.46590811865458,4.39107107872743,0.405465108108164,0.553885113226438,0.479048073299283,3.73766961828337,4.04305126783455,4.17438726989564
"76387",37,4.90527477843843,"paired",4.49980967033027,4.48863636973214,4.49421954772092,0.405465108108165,0.41663840870629,0.411055230717512,4.43081679884331,4.52178857704904,4.91998092582813
"76387",39,4.35670882668959,"unpaired",4.58496747867057,4.63472898822964,4.60978108845579,0.228258651980981,0.278020161540044,0.253072261766198,4.11087386417331,4.31748811353631,4.85203026391962
"76387",40,4.79579054559674,"unpaired",4.64439089914137,4.87519732320115,4.75839490578428,0.151399646455369,0.0794067776044098,0.03739563981246,4.80402104473326,5.03043792139244,4.82028156560504
"76387",41,3.91202300542815,"paired",4.06044301054642,3.66356164612965,3.8569007350116,0.148420005118273,0.2484613592985,0.0551222704165415,3.29583686600433,4.48863636973214,4.31748811353631
"76387",42,4.35670882668959,"paired",4.54329478227,4.36944785246702,4.45552349668524,0.186585955580412,0.0127390257774298,0.0988146699956518,4.47733681447821,4.55387689160054,4.47733681447821
"76387",43,4.15888308335967,"unpaired",4.39444915467244,4.45434729625351,4.42429686059138,0.235566071312768,0.295464212893836,0.265413777231704,3.93182563272433,4.24849524204936,4.49980967033027
"76387",45,4.79579054559674,"paired",5.02388052084628,4.97673374242057,5.00025156427005,0.228089975249535,0.180943196823833,0.204461018673311,4.78749174278205,4.66343909411207,4.93447393313069
"76387",46,4.67282883446191,"paired",4.9272536851572,4.74493212836325,4.83523363606131,0.254424850695299,0.0721032939013444,0.1624048015994,4.78749174278205,4.67282883446191,4.70953020131233
"76387",47,4.79579054559674,"unpaired",4.93447393313069,4.87519732320115,4.90474608009473,0.13868338753395,0.0794067776044098,0.108955534497986,4.4188406077966,4.72738781871234,4.74493212836325
"76387",48,4.90527477843843,"unpaired",4.80402104473326,4.71849887129509,4.76106793453441,0.101253733705173,0.186775907143335,0.14420684390402,4.53259949315326,5.08759633523238,4.49980967033027
"76387",49,4.35670882668959,"paired",4.46590811865458,4.51085950651685,4.48832753843387,0.109199291964992,0.154150679827258,0.131618711744275,4.12713438504509,4.55387689160054,4.47733681447821
"76387",51,5.01063529409626,"unpaired",4.99043258677874,4.93447393313069,4.96237438274317,0.0202027073175195,0.076161360965564,0.0482609113530881,4.74493212836325,4.91998092582813,4.85981240436167
"76387",52,4.35670882668959,"unpaired",4.61512051684126,4.54329478227,4.57906682236808,0.258411690151668,0.186585955580412,0.222357995678492,4.78749174278205,4.55387689160054,4.47733681447821
"76387",53,3.91202300542815,"paired",4.17438726989564,4.20469261939097,4.1895125425531,0.262364264467491,0.29266961396282,0.277489537124959,3.85014760171006,3.87120101090789,4.18965474202643
"76387",54,4.52178857704904,"paired",4.52178857704904,4.67282883446191,4.59668837818872,0,0.151040257412865,0.0748998011396784,4.69134788222914,4.31748811353631,4.49980967033027
"76387",55,4.79579054559674,"unpaired",4.66343909411207,4.65396035015752,4.65869731141358,0.132351451484674,0.141830195439218,0.137093234183165,4.85203026391962,4.4188406077966,4.83628190695148
"76387",57,4.15888308335967,"paired",4.49980967033027,4.55387689160054,4.52676255996685,0.340926586970594,0.394993808240869,0.36787947660718,4.23410650459726,4.53259949315326,4.48863636973214
"76387",58,4.79579054559674,"paired",4.83628190695148,4.87519732320115,4.85570062987989,0.0404913613547366,0.0794067776044098,0.0599100842831524,4.72738781871234,4.00733318523247,5.02388052084628
"76387",59,4.90527477843843,"unpaired",4.88280192258637,5.00394630594546,4.94300299850096,0.022472855852059,0.0986715275070296,0.0377282200625277,4.70048036579242,4.85981240436167,4.80402104473326
"76387",60,5.01063529409626,"unpaired",4.93447393313069,4.74493212836325,4.83877504146274,0.076161360965564,0.265703165733005,0.171860252633511,5.01727983681492,4.86753445045558,5.04342511691925
"76387",61,3.91202300542815,"paired",3.95124371858143,3.87120101090789,3.91101760130479,0.0392207131532816,0.0408219945202548,0.00100540412335537,4.29045944114839,4.21950770517611,4.06044301054642
"76387",63,4.15888308335967,"unpaired",4.21950770517611,4.36944785246702,4.29382334066619,0.0606246218164355,0.21056476910735,0.134940257306522,4.15888308335967,4.7361984483945,3.97029191355212
"76387",64,4.90527477843843,"unpaired",4.96284463025991,4.88280192258637,4.92266059180709,0.0575698518214773,0.022472855852059,0.0173858133686595,4.85981240436167,4.76217393479776,4.91998092582813
"76387",65,4.67282883446191,"paired",4.89034912822175,4.7361984483945,4.81265664193814,0.217520293759848,0.0633696139325899,0.139827807476229,4.49980967033027,4.62497281328427,4.66343909411207
"76387",66,4.15888308335967,"paired",4.48863636973214,4.55387689160054,4.52113895372847,0.329753286372468,0.394993808240869,0.362255870368794,3.87120101090789,4.60517018598809,4.40671924726425
"76387",67,4.67282883446191,"unpaired",4.70953020131233,4.45434729625351,4.58016190967523,0.0367013668504281,0.218481538208398,0.0926669247866787,4.35670882668959,4.86753445045558,4.64439089914137
"76387",69,4.79579054559674,"paired",4.9272536851572,5.02388052084628,4.97533253261823,0.131463139560464,0.228089975249535,0.179541987021487,5.05624580534831,4.7361984483945,5.04342511691925
"76387",70,4.52178857704904,"paired",4.77912349311153,4.70048036579242,4.73963882010729,0.257334916062489,0.178691788743376,0.217850243058249,4.80402104473326,4.84418708645859,4.72738781871234
"76387",71,4.67282883446191,"unpaired",4.66343909411207,4.89783979995091,4.77920261129292,0.00938974034983886,0.225010965489005,0.106373776831018,4.86753445045558,4.36944785246702,4.89034912822175
"76387",72,3.91202300542815,"unpaired",4.18965474202643,4.15888308335967,4.17424055748244,0.277631736598279,0.246860077931526,0.262217552054296,3.89182029811063,3.89182029811063,4.24849524204936
"76387",73,4.35670882668959,"paired",4.47733681447821,4.33073334028633,4.40342500993853,0.120627987788615,0.0259754864032606,0.0467161832489404,4.39444915467244,4.72738781871234,4.70953020131233
"76387",75,4.52178857704904,"unpaired",4.69134788222914,4.76217393479776,4.72662824895509,0.169559305180103,0.240385357748716,0.204839671906051,4.15888308335967,4.46590811865458,4.65396035015752
"76387",76,4.15888308335967,"unpaired",4.47733681447821,4.47733681447821,4.47733681447821,0.318453731118535,0.318453731118535,0.318453731118535,4.51085950651685,4.20469261939097,4.77912349311153
"76387",77,4.90527477843843,"paired",4.68213122712422,4.62497281328427,4.65346426156673,0.22314355131421,0.280301965154159,0.251810516871695,5.14166355650266,4.49980967033027,4.96284463025991
"76387",78,4.15888308335967,"paired",4.40671924726425,4.39444915467244,4.40057992439851,0.247836163904582,0.235566071312768,0.241696841038834,4.45434729625351,4.44265125649032,4.59511985013459
"76387",79,3.91202300542815,"unpaired",4.18965474202643,4.49980967033027,4.34196371743426,0.277631736598279,0.587786664902119,0.429940712006116,4.06044301054642,4.38202663467388,4.18965474202643
"76387",81,4.79579054559674,"paired",4.82028156560504,4.91265488573605,4.86624904663674,0.0244910200082957,0.116864340139311,0.0704585010400027,4.70048036579242,4.9416424226093,4.83628190695148
"76387",82,4.15888308335967,"paired",4.77912349311153,4.36944785246702,4.56969702317898,0.620240409751858,0.21056476910735,0.410813939819311,4.17438726989564,3.63758615972639,4.47733681447821
"76387",83,4.79579054559674,"unpaired",4.91998092582813,4.86753445045558,4.89368742892849,0.124190380231384,0.0717439048588409,0.0978968833317495,4.91998092582813,4.79579054559674,4.66343909411207
"76387",84,3.91202300542815,"unpaired",4.51085950651685,3.89182029811063,4.18992298131929,0.598836501088704,0.0202027073175195,0.277899975891148,4.04305126783455,4.60517018598809,4.31748811353631
"76387",85,4.15888308335967,"paired",3.97029191355212,4.17438726989564,4.07106079808464,0.18859116980755,0.0155041865359653,0.0878222852750294,4.00733318523247,3.87120101090789,4.77912349311153
"76387",87,3.91202300542815,"unpaired",4.24849524204936,4.24849524204936,4.24849524204936,0.336472236621213,0.336472236621213,0.336472236621213,4.14313472639153,4.70048036579242,4.45434729625351
"76387",88,4.90527477843843,"unpaired",4.91998092582813,4.96284463025991,4.94136630080459,0.0147061473896954,0.0575698518214773,0.0360915223661644,4.77068462446567,4.83628190695148,4.88280192258637
"76387",89,3.91202300542815,"paired",4.58496747867057,4.48863636973214,4.53654623902367,0.672944473242426,0.576613364303994,0.624523233595523,4.06044301054642,4.54329478227,4.39444915467244
"76387",90,5.01063529409626,"paired",4.94875989037817,4.7361984483945,4.84131272634665,0.0618754037180871,0.27443684570176,0.169322567749608,4.98360662170834,4.9416424226093,4.99721227376411
"76387",91,4.52178857704904,"unpaired",4.49980967033027,4.52178857704904,4.51078573711878,0.0219789067187754,0,0.0110028399302626,4.54329478227,4.52178857704904,4.54329478227
"76387",93,4.35670882668959,"paired",4.70953020131233,4.77068462446567,4.74000878900635,0.352821374622742,0.413975797776073,0.383299962316758,4.20469261939097,4.18965474202643,4.58496747867057
"76387",94,4.35670882668959,"paired",4.45434729625351,4.51085950651685,4.48251434427518,0.0976384695639156,0.154150679827258,0.12580551758559,4.44265125649032,4.11087386417331,4.53259949315326
"76387",95,4.15888308335967,"unpaired",4.59511985013459,4.47733681447821,4.53584603706378,0.436236766774918,0.318453731118535,0.376962953704107,4.35670882668959,4.23410650459726,4.40671924726425
"76387",96,4.52178857704904,"unpaired",4.54329478227,4.55387689160054,4.54858275957563,0.0215062052209634,0.0320883145515003,0.0267941825265927,4.83628190695148,4.69134788222914,4.89034912822175
"76388",1,4.52178857704904,"paired",4.51085950651685,4.4188406077966,4.46461299145424,0.0109290705321907,0.102947969252442,0.0571755855948002,4.34380542185368,4.72738781871234,4.51085950651685
"76388",3,3.91202300542815,"unpaired",4.34380542185368,3.98898404656427,4.16261582771624,0.431782416425538,0.0769610411361286,0.250592822288092,3.97029191355212,4.4188406077966,4.04305126783455
"76388",4,4.67282883446191,"unpaired",4.76217393479776,4.69134788222914,4.72662824895509,0.0893451003358505,0.0185190477672377,0.0537994144931861,4.67282883446191,4.66343909411207,4.68213122712422
"76388",5,3.91202300542815,"paired",4.0943445622221,4.15888308335967,4.12648765141387,0.182321556793954,0.246860077931526,0.214464645985724,4.00733318523247,4.48863636973214,4.20469261939097
"76388",6,4.35670882668959,"paired",4.46590811865458,4.33073334028633,4.39780140344159,0.109199291964992,0.0259754864032606,0.0410925767519972,4.47733681447821,4.31748811353631,4.40671924726425
"76388",7,3.91202300542815,"unpaired",4.14313472639153,4.24849524204936,4.19548425956336,0.231111720963387,0.336472236621213,0.283461254135212,4.38202663467388,3.93182563272433,3.78418963391826
"76388",9,4.90527477843843,"paired",4.91265488573605,4.93447393313069,4.92355232287946,0.00738010729762273,0.0291991546922619,0.0182775444410268,5.08759633523238,4.87519732320115,4.79579054559674
"76388",10,3.91202300542815,"paired",4.17438726989564,3.98898404656427,4.08063282148672,0.262364264467491,0.0769610411361286,0.168609816058577,3.66356164612965,3.87120101090789,4.04305126783455
"76388",11,4.67282883446191,"unpaired",4.81218435537242,4.66343909411207,4.73722795006934,0.139355520910511,0.00938974034983886,0.064399115607439,4.40671924726425,4.7361984483945,4.53259949315326
"76388",12,4.52178857704904,"unpaired",4.49980967033027,4.39444915467244,4.44681737897675,0.0219789067187754,0.127339422376601,0.0749711980722862,4.52178857704904,4.45434729625351,4.52178857704904
"76388",13,4.67282883446191,"paired",4.66343909411207,4.54329478227,4.60297496231658,0.00938974034983886,0.129534052191902,0.0698538721453277,4.44265125649032,4.36944785246702,4.56434819146784
"76388",15,4.79579054559674,"unpaired",4.85203026391962,4.71849887129509,4.78479877568476,0.0562397183228756,0.0772916743016472,0.0109917699119837,4.99721227376411,4.74493212836325,4.81218435537242
"76388",16,4.15888308335967,"unpaired",4.53259949315326,4.57471097850338,4.55360655552136,0.373716409793585,0.415827895143711,0.394723472161685,4.12713438504509,3.95124371858143,4.21950770517611
"76388",17,4.52178857704904,"paired",4.52178857704904,4.49980967033027,4.51078573711878,0,0.0219789067187754,0.0110028399302626,4.60517018598809,4.33073334028633,4.51085950651685
"76388",18,4.67282883446191,"paired",4.53259949315326,4.61512051684126,4.57367389693186,0.14022934130865,0.0577083176206461,0.0991549375300442,4.38202663467388,4.12713438504509,4.53259949315326
"76388",19,4.90527477843843,"unpaired",4.70048036579242,4.77068462446567,4.73545239746834,0.204794412646013,0.134590153972765,0.169822380970091,4.70048036579242,4.72738781871234,4.49980967033027
"76388",21,4.52178857704904,"paired",4.83628190695148,4.63472898822964,4.73443301245234,0.314493329902438,0.112940411180595,0.212644435403297,4.85981240436167,4.26267987704132,4.30406509320417
"76388",22,4.52178857704904,"paired",4.75359019110636,4.75359019110636,4.75359019110636,0.231801614057324,0.231801614057324,0.231801614057323,4.70048036579242,4.76217393479776,4.40671924726425
"76388",23,5.01063529409626,"unpaired",4.82028156560504,4.9416424226093,4.88058478806745,0.190353728491218,0.0689928714869517,0.130050506028802,4.31748811353631,4.9272536851572,4.66343909411207
"76388",24,4.67282883446191,"unpaired",4.68213122712422,4.8283137373023,4.75466071594767,0.00930239266231414,0.155484902840396,0.0818318814857593,4.72738781871234,4.35670882668959,4.51085950651685
"76388",25,4.67282883446191,"paired",4.53259949315326,4.56434819146784,4.54844614118075,0.14022934130865,0.10848064299407,0.124382693281151,4.76217393479776,4.63472898822964,4.70048036579242
"76388",27,4.79579054559674,"unpaired",4.79579054559674,4.72738781871234,4.76146635043763,0,0.0684027268844005,0.0343241951591109,4.79579054559674,4.46590811865458,4.84418708645859
"76388",28,5.01063529409626,"unpaired",4.86753445045558,4.80402104473326,4.83567347284251,0.143100843640673,0.206614249362999,0.174961821253746,5.01063529409626,4.89034912822175,4.89034912822175
"76388",29,4.15888308335967,"paired",4.44265125649032,4.36944785246702,4.40589752399344,0.283768173130645,0.21056476910735,0.247014440633769,4.04305126783455,4.47733681447821,4.40671924726425
"76388",30,4.67282883446191,"paired",4.56434819146784,4.39444915467244,4.47859308841812,0.10848064299407,0.278379679789467,0.19423574604379,4.70953020131233,4.30406509320417,4.66343909411207
"76388",31,5.01063529409626,"unpaired",4.66343909411207,4.74493212836325,4.70400913969324,0.347196199984189,0.265703165733005,0.306626154403014,4.85981240436167,5.10594547390058,4.7361984483945
"76388",33,4.79579054559674,"paired",4.78749174278205,4.75359019110636,4.77051085194148,0.00829880281469553,0.0422003544903768,0.0252796936552597,4.9416424226093,4.69134788222914,4.75359019110636
"76388",34,3.91202300542815,"paired",4.23410650459726,4.11087386417331,4.1720352069314,0.322083499169114,0.198850858745165,0.260012201503249,4.43081679884331,4.40671924726425,4.15888308335967
"76388",35,4.35670882668959,"unpaired",4.49980967033027,4.43081679884331,4.4651799828111,0.143100843640673,0.0741079721537217,0.108471156121507,4.51085950651685,4.65396035015752,4.46590811865458
"76388",36,3.91202300542815,"unpaired",4.15888308335967,4.11087386417331,4.13480879503947,0.246860077931526,0.198850858745165,0.222785789611329,4.51085950651685,4.4188406077966,3.78418963391826
"76388",37,4.90527477843843,"paired",4.54329478227,4.64439089914137,4.5935647311093,0.361979996168426,0.260883879297057,0.311710047329126,4.67282883446191,4.65396035015752,4.79579054559674
"76388",39,4.35670882668959,"unpaired",4.4188406077966,4.14313472639153,4.27876757636485,0.0621317811070066,0.213574100298059,0.0779412503247396,4.54329478227,4.51085950651685,4.40671924726425
"76388",40,4.79579054559674,"unpaired",4.80402104473326,4.63472898822964,4.71861585595717,0.00823049913651541,0.161061557367105,0.077174689639568,4.60517018598809,4.72738781871234,4.85203026391962
"76388",41,3.91202300542815,"paired",4.15888308335967,3.89182029811063,4.0231362891764,0.246860077931526,0.0202027073175195,0.111113283748257,3.78418963391826,4.27666611901606,4.02535169073515
"76388",42,4.35670882668959,"paired",4.40671924726425,4.34380542185368,4.37514924989462,0.0500104205746617,0.0129034048359076,0.0184404232050275,4.38202663467388,4.27666611901606,4.36944785246702
"76388",43,4.15888308335967,"unpaired",4.39444915467244,4.27666611901606,4.33515764552183,0.235566071312768,0.117783035656384,0.176274562162158,4.53259949315326,3.97029191355212,4.04305126783455
"76388",45,4.79579054559674,"paired",4.75359019110636,4.77068462446567,4.76212973738872,0.0422003544903768,0.0251059211310762,0.0336608082080243,4.70048036579242,4.69134788222914,4.71849887129509
"76388",46,4.67282883446191,"paired",4.72738781871234,4.68213122712422,4.70470510539393,0.054558984250435,0.00930239266231414,0.0318762709320231,4.98360662170834,4.72738781871234,4.70048036579242
"76388",47,4.79579054559674,"unpaired",4.81218435537242,4.56434819146784,4.68662831462598,0.0163938097756757,0.231442354128905,0.109162230970766,4.93447393313069,4.61512051684126,4.79579054559674
"76388",48,4.90527477843843,"unpaired",4.49980967033027,4.68213122712422,4.59006529077407,0.405465108108165,0.22314355131421,0.315209487664357,5.0998664278242,4.72738781871234,4.85203026391962
"76388",49,4.35670882668959,"paired",4.34380542185368,4.21950770517611,4.28120548996394,0.0129034048359076,0.137201121513485,0.075503336725653,4.21950770517611,4.43081679884331,4.36944785246702
"76388",51,5.01063529409626,"unpaired",4.7361984483945,4.77068462446567,4.75341026171461,0.27443684570176,0.23995066963059,0.257225032381645,5.01727983681492,5.04342511691925,4.89034912822175
"76388",52,4.35670882668959,"unpaired",4.46590811865458,4.35670882668959,4.4109705643687,0.109199291964992,0,0.0542617376791084,4.77068462446567,4.55387689160054,4.46590811865458
"76388",53,3.91202300542815,"paired",4.04305126783455,4.36944785246702,4.20308240219648,0.131028262406404,0.457424847038876,0.291059396768336,4.17438726989564,4.12713438504509,4.15888308335967
"76388",54,4.52178857704904,"paired",4.30406509320417,4.29045944114839,4.29725688253042,0.21772348384487,0.23132913590065,0.224531694518621,4.38202663467388,4.85981240436167,4.52178857704904
"76388",55,4.79579054559674,"unpaired",4.71849887129509,4.56434819146784,4.64078353186601,0.0772916743016472,0.231442354128905,0.155007013730729,4.52178857704904,4.69134788222914,4.87519732320115
"76388",57,4.15888308335967,"paired",4.18965474202643,4.47733681447821,4.33110787402347,0.0307716586667537,0.318453731118535,0.172224790663798,4.56434819146784,4.51085950651685,4.35670882668959
"76388",58,4.79579054559674,"paired",4.69134788222914,4.63472898822964,4.66295250068421,0.104442663367598,0.161061557367105,0.132838044912531,4.51085950651685,4.26267987704132,4.80402104473326
"76388",59,4.90527477843843,"unpaired",4.78749174278205,4.72738781871234,4.75734486315778,0.117783035656384,0.177886959726089,0.147929915280645,3.80666248977032,4.8283137373023,4.72738781871234
"76388",60,5.01063529409626,"unpaired",4.89034912822175,4.77912349311153,4.83441644960403,0.120286165874502,0.231511800984726,0.176218844492221,4.9416424226093,4.65396035015752,4.66343909411207
"76388",61,3.91202300542815,"paired",4.02535169073515,3.93182563272433,3.97831383356852,0.113328685307004,0.0198026272961798,0.0662908281403749,4.26267987704132,3.40119738166216,4.15888308335967
"76388",63,4.15888308335967,"unpaired",4.21950770517611,4.21950770517611,4.21950770517611,0.0606246218164355,0.0606246218164355,0.0606246218164355,4.4188406077966,4.48863636973214,4.14313472639153
"76388",64,4.90527477843843,"unpaired",4.85203026391962,4.71849887129509,4.78479877568476,0.0532445145188127,0.186775907143335,0.120476002753672,4.95582705760126,4.80402104473326,4.54329478227
"76388",65,4.67282883446191,"paired",4.70048036579242,4.54329478227,4.6212193109684,0.0276515313305108,0.129534052191902,0.0516095234935019,4.65396035015752,4.84418708645859,4.56434819146784
"76388",66,4.15888308335967,"paired",4.04305126783455,4.20469261939097,4.12307989562211,0.115831815525121,0.0458095360312942,0.0358031877375637,4.45434729625351,3.98898404656427,4.18965474202643
"76388",67,4.67282883446191,"unpaired",4.51085950651685,4.53259949315326,4.52171643437797,0.161969327945056,0.14022934130865,0.151112400083936,4.63472898822964,4.62497281328427,4.53259949315326
"76388",69,4.79579054559674,"paired",4.75359019110636,4.77068462446567,4.76212973738872,0.0422003544903768,0.0251059211310762,0.0336608082080243,4.83628190695148,4.81218435537242,4.80402104473326
"76388",70,4.52178857704904,"paired",4.51085950651685,4.49980967033027,4.50533120080264,0.0109290705321907,0.0219789067187754,0.0164573762464046,4.45434729625351,4.51085950651685,4.30406509320417
"76388",71,4.67282883446191,"unpaired",4.71849887129509,4.53259949315326,4.62461518317755,0.0456700368331884,0.14022934130865,0.0482136512843523,4.60517018598809,4.80402104473326,4.53259949315326
"76388",72,3.91202300542815,"unpaired",4.15888308335967,4.46590811865458,4.30966236804128,0.246860077931526,0.553885113226438,0.397639362613133,3.89182029811063,3.89182029811063,4.14313472639153
"76388",73,4.35670882668959,"paired",4.36944785246702,4.31748811353631,4.34339028475949,0.0127390257774298,0.0392207131532816,0.0133185419301025,3.71357206670431,4.85203026391962,4.40671924726425
"76388",75,4.52178857704904,"unpaired",4.40671924726425,4.52178857704904,4.4638831475008,0.115069329784787,0,0.0579054295482413,4.49980967033027,3.91202300542815,4.51085950651685
"76388",76,4.15888308335967,"unpaired",4.35670882668959,4.35670882668959,4.35670882668959,0.19782574332992,0.19782574332992,0.19782574332992,4.48863636973214,4.29045944114839,4.21950770517611
"76388",77,4.90527477843843,"paired",4.72738781871234,4.70048036579242,4.71391489351936,0.177886959726089,0.204794412646013,0.191359884919074,4.78749174278205,4.89783979995091,4.79579054559674
"76388",78,4.15888308335967,"paired",4.40671924726425,4.35670882668959,4.381642687543,0.247836163904582,0.19782574332992,0.222759604183333,4.40671924726425,3.93182563272433,4.24849524204936
"76388",79,3.91202300542815,"unpaired",4.07753744390572,4.0943445622221,4.08593236125029,0.165514438477574,0.182321556793954,0.173909355822147,4.47733681447821,3.97029191355212,4.15888308335967
"76388",81,4.79579054559674,"paired",4.84418708645859,4.77912349311153,4.81154531412952,0.0483965408618499,0.0166670524852117,0.0157547685327781,4.70953020131233,4.64439089914137,4.75359019110636
"76388",82,4.15888308335967,"paired",4.36944785246702,4.35670882668959,4.36307369025587,0.21056476910735,0.19782574332992,0.204190606896195,4.4188406077966,4.0943445622221,4.04305126783455
"76388",83,4.79579054559674,"unpaired",4.87519732320115,4.78749174278205,4.83114550901322,0.0794067776044098,0.00829880281469553,0.0353549634164825,4.56434819146784,4.64439089914137,4.75359019110636
"76388",84,3.91202300542815,"unpaired",3.78418963391826,4.04305126783455,3.91147960459205,0.127833371509885,0.131028262406404,0.000543400836094943,3.71357206670431,4.27666611901606,4.14313472639153
"76388",85,4.15888308335967,"paired",4.14313472639153,4.18965474202643,4.16632980611001,0.0157483569681389,0.0307716586667537,0.00744672275033409,3.97029191355212,4.23410650459726,4.39444915467244
"76388",87,3.91202300542815,"unpaired",4.20469261939097,4.14313472639153,4.1738001875031,0.29266961396282,0.231111720963387,0.261777182074951,3.73766961828337,4.12713438504509,3.78418963391826
"76388",88,4.90527477843843,"unpaired",4.79579054559674,4.85981240436167,4.82769534894358,0.109484232841688,0.0454623740767577,0.0775794294948495,4.85981240436167,4.60517018598809,4.49980967033027
"76388",89,3.91202300542815,"paired",4.45434729625351,4.21950770517611,4.3353376729007,0.542324290825361,0.307484699747961,0.423314667472551,3.68887945411394,4.51085950651685,3.78418963391826
"76388",90,5.01063529409626,"paired",4.78749174278205,4.90527477843843,4.84602543305862,0.22314355131421,0.105360515657826,0.164609861037633,5.06890420222023,4.98360662170834,4.7361984483945
"76388",91,4.52178857704904,"unpaired",4.40671924726425,4.51085950651685,4.45848532677553,0.115069329784787,0.0109290705321907,0.0633032502735071,4.71849887129509,4.84418708645859,4.75359019110636
"76388",93,4.35670882668959,"paired",4.47733681447821,4.56434819146784,4.52063316270586,0.120627987788615,0.207639364778244,0.163924336016266,4.60517018598809,4.15888308335967,4.46590811865458
"76388",94,4.35670882668959,"paired",4.70048036579242,4.44265125649032,4.56974780520717,0.343771539102825,0.085942429800725,0.213038978517577,4.7361984483945,4.64439089914137,4.36944785246702
"76388",95,4.15888308335967,"unpaired",4.24849524204936,4.48863636973214,4.36691541709897,0.0896121586896879,0.329753286372468,0.208032333739302,4.70953020131233,4.44265125649032,4.18965474202643
"76388",96,4.52178857704904,"unpaired",4.51085950651685,4.45434729625351,4.48251434427518,0.0109290705321907,0.0674412807955331,0.0392742327738587,4.72738781871234,4.35670882668959,4.51085950651685
"76419",1,4.52178857704904,"paired",4.45434729625351,4.29045944114839,4.37163543898215,0.0674412807955331,0.23132913590065,0.150153138066888,4.33073334028633,4.81218435537242,4.54329478227
"76419",3,3.91202300542815,"unpaired",4.18965474202643,4.0943445622221,4.14172549918557,0.277631736598279,0.182321556793954,0.229702493757421,4.14313472639153,3.98898404656427,4.04305126783455
"76419",4,4.67282883446191,"unpaired",4.57471097850338,4.54329478227,4.55897581908785,0.098117855958523,0.129534052191902,0.113853015374057,4.70048036579242,4.72738781871234,4.52178857704904
"76419",5,3.91202300542815,"paired",4.24849524204936,4.15888308335967,4.20345036748302,0.336472236621213,0.246860077931526,0.291427362054874,4.15888308335967,3.71357206670431,4.31748811353631
"76419",6,4.35670882668959,"paired",4.33073334028633,4.38202663467388,4.35630449404135,0.0259754864032606,0.0253178079842895,0.000404332648238359,4.12713438504509,4.66343909411207,4.54329478227
"76419",7,3.91202300542815,"unpaired",4.33073334028633,4.06044301054642,4.19341101278017,0.418710334858185,0.148420005118273,0.281388007352021,4.0943445622221,4.20469261939097,4.18965474202643
"76419",9,4.90527477843843,"paired",4.64439089914137,4.77912349311153,4.71127558706556,0.260883879297057,0.1261512853269,0.193999191372872,4.80402104473326,4.85203026391962,4.62497281328427
"76419",10,3.91202300542815,"paired",3.89182029811063,3.95124371858143,3.92141945049969,0.0202027073175195,0.0392207131532816,0.00939644507154602,3.78418963391826,4.57471097850338,4.24849524204936
"76419",11,4.67282883446191,"unpaired",4.56434819146784,4.51085950651685,4.53752503359879,0.10848064299407,0.161969327945056,0.135303800863118,4.40671924726425,4.65396035015752,4.55387689160054
"76419",12,4.52178857704904,"unpaired",4.55387689160054,4.46590811865458,4.50967801306838,0.0320883145515003,0.0558804583944568,0.0121105639806629,4.58496747867057,4.70048036579242,4.63472898822964
"76419",13,4.67282883446191,"paired",4.38202663467388,4.45434729625351,4.41803898718317,0.290802199788025,0.218481538208398,0.254789847278739,4.48863636973214,4.60517018598809,4.38202663467388
"76419",15,4.79579054559674,"unpaired",4.45434729625351,4.63472898822964,4.54364309091157,0.341443249343234,0.161061557367105,0.252147454685173,4.75359019110636,4.77068462446567,4.67282883446191
"76419",16,4.15888308335967,"unpaired",4.20469261939097,3.98898404656427,4.0954183888166,0.0458095360312942,0.169899036795397,0.0634646945430761,4.26267987704132,3.61091791264422,4.26267987704132
"76419",17,4.52178857704904,"paired",4.45434729625351,4.49980967033027,4.47702077711183,0.0674412807955331,0.0219789067187754,0.0447677999372118,4.70953020131233,4.12713438504509,4.15888308335967
"76419",18,4.67282883446191,"paired",4.38202663467388,4.53259949315326,4.45667720429772,0.290802199788025,0.14022934130865,0.21615163016419,4.70048036579242,4.97673374242057,4.75359019110636
"76419",19,4.90527477843843,"unpaired",4.52178857704904,4.68213122712422,4.60126151170034,0.383486201389389,0.22314355131421,0.304013266738089,4.84418708645859,4.96284463025991,4.70953020131233
"76419",21,4.52178857704904,"paired",4.46590811865458,4.65396035015752,4.55896471928277,0.0558804583944568,0.132171773108483,0.0371761422337284,4.24849524204936,4.52178857704904,4.44265125649032
"76419",22,4.52178857704904,"paired",4.15888308335967,4.14313472639153,4.15100143648129,0.362905493689369,0.378653850657508,0.370787140567749,4.17438726989564,4.23410650459726,4.34380542185368
"76419",23,5.01063529409626,"unpaired",4.77912349311153,4.7361984483945,4.75761256017769,0.231511800984726,0.27443684570176,0.253022733918566,5.05624580534831,5.06259503302697,4.75359019110636
"76419",24,4.67282883446191,"unpaired",4.55387689160054,4.29045944114839,4.42020634172151,0.118951942861365,0.382369393313515,0.252622492740399,4.85981240436167,4.85203026391962,4.52178857704904
"76419",25,4.67282883446191,"paired",4.52178857704904,4.62497281328427,4.57308968163442,0.151040257412865,0.0478560211776351,0.099739152827488,4.27666611901606,4.72738781871234,4.55387689160054
"76419",27,4.79579054559674,"unpaired",4.66343909411207,4.27666611901606,4.46586743778675,0.132351451484674,0.519124426580686,0.32992310780999,4.71849887129509,4.85203026391962,4.45434729625351
"76419",28,5.01063529409626,"unpaired",4.63472898822964,4.81218435537242,4.72262324651773,0.37590630586662,0.198450938723838,0.288012047578523,4.86753445045558,4.52178857704904,4.75359019110636
"76419",29,4.15888308335967,"paired",4.31748811353631,4.46590811865458,4.39107107872743,0.158605030176639,0.307025035294912,0.232187995367758,4.55387689160054,4.29045944114839,4.33073334028633
"76419",30,4.67282883446191,"paired",4.63472898822964,4.48863636973214,4.56109779553337,0.0380998462322699,0.184192464729766,0.111731038928533,4.7361984483945,4.64439089914137,4.24849524204936
"76419",31,5.01063529409626,"unpaired",4.72738781871234,4.55387689160054,4.63982134842151,0.283247475383915,0.456758402495715,0.370813945674744,4.66343909411207,4.14313472639153,4.76217393479776
"76419",33,4.79579054559674,"paired",4.64439089914137,4.58496747867057,4.61458353817512,0.151399646455369,0.210823066926169,0.181207007421626,4.72738781871234,3.97029191355212,4.67282883446191
"76419",34,3.91202300542815,"paired",4.06044301054642,4.17438726989564,4.11702096343481,0.148420005118273,0.262364264467491,0.204997958006663,4.17438726989564,3.55534806148941,4.4188406077966
"76419",35,4.35670882668959,"unpaired",4.54329478227,4.20469261939097,4.37071596408737,0.186585955580412,0.152016207298626,0.0140071373977753,4.65396035015752,4.27666611901606,4.18965474202643
"76419",36,3.91202300542815,"unpaired",4.34380542185368,3.98898404656427,4.16261582771624,0.431782416425538,0.0769610411361286,0.250592822288092,3.85014760171006,3.91202300542815,4.33073334028633
"76419",37,4.90527477843843,"paired",4.44265125649032,4.55387689160054,4.49792028546209,0.462623521948113,0.351397886837889,0.407354492976341,4.60517018598809,4.68213122712422,4.44265125649032
"76419",39,4.35670882668959,"unpaired",4.44265125649032,4.24849524204936,4.34448877605682,0.085942429800725,0.108213584640232,0.0122200506327674,4.75359019110636,3.95124371858143,4.14313472639153
"76419",40,4.79579054559674,"unpaired",4.47733681447821,4.66343909411207,4.56944061545227,0.318453731118534,0.132351451484674,0.226349930144468,4.81218435537242,4.46590811865458,4.66343909411207
"76419",41,3.91202300542815,"paired",4.18965474202643,4.26267987704132,4.22600957885648,0.277631736598279,0.35065687161317,0.313986573428339,3.78418963391826,3.93182563272433,4.0943445622221
"76419",42,4.35670882668959,"paired",4.38202663467388,4.30406509320417,4.34287092552735,0.0253178079842895,0.0526437334854215,0.0138379011622396,4.53259949315326,3.55534806148941,4.14313472639153
"76419",43,4.15888308335967,"unpaired",4.33073334028633,4.0943445622221,4.21088049013924,0.17185025692666,0.0645385211375711,0.0519974067795701,3.40119738166216,4.48863636973214,4.35670882668959
"76419",45,4.79579054559674,"paired",4.68213122712422,4.75359019110636,4.71772541324,0.113659318472521,0.0422003544903768,0.0780651323567456,4.60517018598809,4.33073334028633,4.67282883446191
"76419",46,4.67282883446191,"paired",4.65396035015752,4.26267987704132,4.45402549758807,0.0188684843043827,0.41014895742059,0.218803336873838,4.81218435537242,4.54329478227,4.55387689160054
"76419",47,4.79579054559674,"unpaired",4.65396035015752,4.56434819146784,4.60893648333371,0.141830195439218,0.231442354128905,0.186854062263031,4.65396035015752,4.85981240436167,4.66343909411207
"76419",48,4.90527477843843,"unpaired",4.62497281328427,4.69134788222914,4.65804212228362,0.280301965154159,0.213926896209286,0.247232656154805,4.85203026391962,4.65396035015752,4.44265125649032
"76419",49,4.35670882668959,"paired",4.14313472639153,4.20469261939097,4.1738001875031,0.213574100298059,0.152016207298626,0.182908639186495,4.18965474202643,4.83628190695148,4.52178857704904
"76419",51,5.01063529409626,"unpaired",4.55387689160054,4.76217393479776,4.65686094225047,0.456758402495715,0.248461359298499,0.353774351845787,4.85981240436167,4.64439089914137,4.76217393479776
"76419",52,4.35670882668959,"unpaired",4.23410650459726,4.44265125649032,4.3371256129795,0.122602322092332,0.085942429800725,0.0195832137100886,4.53259949315326,4.64439089914137,4.14313472639153
"76419",53,3.91202300542815,"paired",4.0943445622221,3.98898404656427,4.04132096471453,0.182321556793954,0.0769610411361286,0.129297959286381,4.17438726989564,4.21950770517611,4.06044301054642
"76419",54,4.52178857704904,"paired",4.36944785246702,4.44265125649032,4.40589752399344,0.152340724582019,0.0791373205587238,0.1158910530556,4.77068462446567,4.20469261939097,4.45434729625351
"76419",55,4.79579054559674,"unpaired",4.53259949315326,4.4188406077966,4.47535861124267,0.263191052443485,0.376949937800143,0.320431934354075,4.79579054559674,4.33073334028633,4.68213122712422
"76419",57,4.15888308335967,"paired",4.21950770517611,4.24849524204936,4.23397666611795,0.0606246218164355,0.0896121586896879,0.0750935827582824,4.7361984483945,3.76120011569356,4.26267987704132
"76419",58,4.79579054559674,"paired",4.66343909411207,4.75359019110636,4.70829887906376,0.132351451484674,0.0422003544903768,0.0874916665329808,4.47733681447821,4.65396035015752,4.47733681447821
"76419",59,4.90527477843843,"unpaired",4.70953020131233,4.7361984483945,4.72284550161473,0.195744577126096,0.169076330043934,0.182429276823699,4.85203026391962,4.68213122712422,4.23410650459726
"76419",60,5.01063529409626,"unpaired",4.76217393479776,4.70953020131233,4.73577891901981,0.248461359298499,0.301105092783922,0.274856375076447,5.12396397940326,4.80402104473326,4.63472898822964
"76419",61,3.91202300542815,"paired",3.87120101090789,4.00733318523247,3.93867900160913,0.0408219945202548,0.0953101798043252,0.0266559961809829,3.98898404656427,3.89182029811063,4.0943445622221
"76419",63,4.15888308335967,"unpaired",4.24849524204936,4.35670882668959,4.30226181457907,0.0896121586896879,0.19782574332992,0.143378731219396,4.63472898822964,4.24849524204936,4.26267987704132
"76419",64,4.90527477843843,"unpaired",4.23410650459726,4.70953020131233,4.46549576855401,0.67116827384117,0.195744577126096,0.439779009884417,4.83628190695148,4.82028156560504,4.70953020131233
"76419",65,4.67282883446191,"paired",4.24849524204936,4.23410650459726,4.24129477154226,0.424333592412546,0.438722329864646,0.431534062919646,4.72738781871234,4.40671924726425,4.38202663467388
"76419",66,4.15888308335967,"paired",4.26267987704132,4.34380542185368,4.30305147093533,0.103796793681644,0.184922338494013,0.144168387575654,4.51085950651685,4.43081679884331,4.21950770517611
"76419",67,4.67282883446191,"unpaired",4.36944785246702,4.4188406077966,4.3940748291456,0.303380981994884,0.253988226665308,0.278754005316308,4.68213122712422,4.70048036579242,4.38202663467388
"76419",69,4.79579054559674,"paired",4.53259949315326,4.67282883446191,4.60218009281188,0.263191052443485,0.122961711134836,0.193610452784862,4.94875989037817,4.7361984483945,4.53259949315326
"76419",70,4.52178857704904,"paired",4.54329478227,4.45434729625351,4.49860120809647,0.0215062052209634,0.0674412807955331,0.0231873689525663,4.21950770517611,4.39444915467244,4.36944785246702
"76419",71,4.67282883446191,"unpaired",4.75359019110636,4.63472898822964,4.69378336279858,0.0807613566444587,0.0380998462322699,0.0209545283366719,5.01063529409626,4.65396035015752,4.55387689160054
"76419",72,3.91202300542815,"unpaired",4.04305126783455,4.06044301054642,4.05173780762769,0.131028262406404,0.148420005118273,0.139714802199543,3.52636052461616,4.15888308335967,4.18965474202643
"76419",73,4.35670882668959,"paired",4.18965474202643,4.30406509320417,4.24647462346512,0.167054084663167,0.0526437334854215,0.110234203224469,4.43081679884331,4.49980967033027,4.33073334028633
"76419",75,4.52178857704904,"unpaired",4.34380542185368,4.18965474202643,4.26603387048314,0.177983155195356,0.332133835022615,0.255754706565898,4.57471097850338,4.21950770517611,4.63472898822964
"76419",76,4.15888308335967,"unpaired",4.40671924726425,4.26267987704132,4.33410122852293,0.247836163904582,0.103796793681644,0.17521814516326,4.47733681447821,4.48863636973214,4.20469261939097
"76419",77,4.90527477843843,"paired",4.67282883446191,4.63472898822964,4.65373992140901,0.232445943976524,0.270545790208794,0.251534857029424,4.8283137373023,4.44265125649032,4.23410650459726
"76419",78,4.15888308335967,"paired",4.18965474202643,4.31748811353631,4.25309117566507,0.0307716586667537,0.158605030176639,0.0942080923054025,4.67282883446191,3.95124371858143,4.40671924726425
"76419",79,3.91202300542815,"unpaired",4.31748811353631,3.89182029811063,4.09913257618145,0.405465108108164,0.0202027073175195,0.187109570753304,3.58351893845611,3.43398720448515,4.0943445622221
"76419",81,4.79579054559674,"paired",4.69134788222914,4.76217393479776,4.72662824895509,0.104442663367598,0.033616610798985,0.0691622966416494,4.57471097850338,4.87519732320115,4.68213122712422
"76419",82,4.15888308335967,"paired",4.07753744390572,4.06044301054642,4.06898125018392,0.0813456394539518,0.0984400728132524,0.0899018331757526,4.85203026391962,4.06044301054642,4.21950770517611
"76419",83,4.79579054559674,"unpaired",4.67282883446191,4.71849887129509,4.69560832919055,0.122961711134836,0.0772916743016472,0.100182216406191,4.65396035015752,4.78749174278205,4.66343909411207
"76419",84,3.91202300542815,"unpaired",4.33073334028633,4.53259949315326,4.43051687088129,0.418710334858185,0.62057648772511,0.518493865453144,3.76120011569356,4.53259949315326,4.18965474202643
"76419",85,4.15888308335967,"paired",4.35670882668959,4.31748811353631,4.33705413539779,0.19782574332992,0.158605030176639,0.178171052038114,4.68213122712422,4.38202663467388,4.24849524204936
"76419",87,3.91202300542815,"unpaired",4.4188406077966,4.07753744390572,4.24476006824199,0.506817602368452,0.165514438477574,0.332737062813844,3.85014760171006,3.76120011569356,4.04305126783455
"76419",88,4.90527477843843,"unpaired",4.44265125649032,4.31748811353631,4.37962258562129,0.462623521948113,0.58778666490212,0.525652192817142,4.77068462446567,4.8283137373023,4.67282883446191
"76419",89,3.91202300542815,"paired",4.0943445622221,4.11087386417331,4.10260088867525,0.182321556793954,0.198850858745165,0.190577883247104,4.45434729625351,4.06044301054642,4.34380542185368
"76419",90,5.01063529409626,"paired",4.75359019110636,4.70953020131233,4.73150891045103,0.257045102989891,0.301105092783922,0.279126383645226,4.9272536851572,4.70953020131233,4.55387689160054
"76419",91,4.52178857704904,"unpaired",4.44265125649032,4.44265125649032,4.44265125649032,0.0791373205587238,0.0791373205587238,0.0791373205587247,4.31748811353631,4.67282883446191,4.54329478227
"76419",93,4.35670882668959,"paired",4.52178857704904,4.54329478227,4.53252892419177,0.165079750359449,0.186585955580412,0.175820097502179,4.68213122712422,4.71849887129509,4.23410650459726
"76419",94,4.35670882668959,"paired",4.33073334028633,4.11087386417331,4.21937181358636,0.0259754864032606,0.24583496251628,0.137337013103229,4.27666611901606,3.71357206670431,4.44265125649032
"76419",95,4.15888308335967,"unpaired",4.40671924726425,4.27666611901606,4.34120569666895,0.247836163904582,0.117783035656384,0.182322613309281,4.48863636973214,4.0943445622221,4.24849524204936
"76419",96,4.52178857704904,"unpaired",4.63472898822964,4.4188406077966,4.52549761455259,0.112940411180595,0.102947969252442,0.00370903750354667,4.65396035015752,4.7361984483945,4.44265125649032
"76432",1,4.52178857704904,"paired",4.67282883446191,4.8283137373023,4.74993512097741,0.151040257412865,0.306525160253261,0.228146543928374,4.74493212836325,4.54329478227,4.68213122712422
"76432",3,3.91202300542815,"unpaired",4.31748811353631,4.20469261939097,4.26071712336014,0.405465108108164,0.29266961396282,0.348694117931999,3.95124371858143,4.60517018598809,4.29045944114839
"76432",4,4.67282883446191,"unpaired",4.93447393313069,4.9272536851572,4.93086248757054,0.261645098668786,0.254424850695299,0.258033653108638,4.70048036579242,4.70048036579242,4.84418708645859
"76432",5,3.91202300542815,"paired",4.20469261939097,4.27666611901606,4.24052667321245,0.29266961396282,0.364643113587909,0.3285036677843,3.49650756146648,3.43398720448515,4.31748811353631
"76432",6,4.35670882668959,"paired",4.47733681447821,4.60517018598809,4.54080367453405,0.120627987788615,0.2484613592985,0.184094847844459,4.48863636973214,4.29045944114839,4.56434819146784
"76432",7,3.91202300542815,"unpaired",4.38202663467388,4.39444915467244,4.38823349885746,0.470003629245735,0.482426149244293,0.47621049342931,4.23410650459726,3.76120011569356,4.15888308335967
"76432",9,4.90527477843843,"paired",5.01063529409626,5.16478597392351,5.08712678114026,0.105360515657826,0.259511195485085,0.18185200270183,4.91265488573605,4.95582705760126,5.07517381523383
"76432",10,3.91202300542815,"paired",4.00733318523247,4.20469261939097,4.10482694731306,0.0953101798043252,0.29266961396282,0.192803941884915,4.40671924726425,4.36944785246702,4.15888308335967
"76432",11,4.67282883446191,"unpaired",4.70953020131233,4.81218435537242,4.76058059021262,0.0367013668504281,0.139355520910511,0.0877517557507126,4.60517018598809,4.57471097850338,4.84418708645859
"76432",12,4.52178857704904,"unpaired",4.4188406077966,4.85981240436167,4.63408420280286,0.102947969252442,0.338023827312631,0.112295625753815,4.60517018598809,4.34380542185368,4.48863636973214
"76432",13,4.67282883446191,"paired",4.84418708645859,4.9416424226093,4.89267211342636,0.171358251996685,0.268813588147398,0.219843278964451,4.68213122712422,4.48863636973214,5.01727983681492
"76432",15,4.79579054559674,"unpaired",4.93447393313069,5.04985600724954,4.99183161112595,0.13868338753395,0.254065461652796,0.196041065529206,4.85203026391962,4.43081679884331,5.07517381523383
"76432",16,4.15888308335967,"unpaired",4.34380542185368,4.33073334028633,4.33726445632939,0.184922338494013,0.17185025692666,0.178381372969719,4.24849524204936,4.18965474202643,4.27666611901606
"76432",17,4.52178857704904,"paired",4.48863636973214,4.55387689160054,4.52113895372847,0.0331522073169008,0.0320883145515003,0.000649623320574833,4.18965474202643,4.53259949315326,4.72738781871234
"76432",18,4.67282883446191,"paired",4.84418708645859,4.8283137373023,4.83624389951649,0.171358251996685,0.155484902840396,0.16341506505458,4.62497281328427,4.33073334028633,4.93447393313069
"76432",19,4.90527477843843,"unpaired",4.97673374242057,4.95582705760126,4.96626939856922,0.0714589639821446,0.0505522791628312,0.0609946201307885,4.96284463025991,5.06259503302697,5.04985600724954
"76432",21,4.52178857704904,"paired",4.64439089914137,4.55387689160054,4.59891121801234,0.122602322092332,0.0320883145515003,0.0771226409633003,4.65396035015752,4.12713438504509,4.66343909411207
"76432",22,4.52178857704904,"paired",4.70048036579242,4.49980967033027,4.59905066347287,0.178691788743376,0.0219789067187754,0.0772620864238309,4.87519732320115,4.83628190695148,4.72738781871234
"76432",23,5.01063529409626,"unpaired",4.99721227376411,5.03695260241363,5.0170430900232,0.0134230203321408,0.026317308317374,0.00640779592693974,4.80402104473326,4.89783979995091,5.11198778835654
"76432",24,4.67282883446191,"unpaired",4.86753445045558,4.96284463025991,4.91495851559793,0.194705615993676,0.290015795798001,0.242129681136022,4.74493212836325,4.57471097850338,4.63472898822964
"76432",25,4.67282883446191,"paired",4.85981240436167,4.98360662170834,4.92132027799829,0.186983569899766,0.310777787246431,0.248491443536381,4.79579054559674,4.31748811353631,4.82028156560504
"76432",27,4.79579054559674,"unpaired",5.03695260241363,4.89034912822175,4.96310958655033,0.241162056816888,0.0945585826250124,0.167319040953589,4.89034912822175,4.49980967033027,4.93447393313069
"76432",28,5.01063529409626,"unpaired",5.0998664278242,5.01063529409626,5.05505397779613,0.0892311337279432,0,0.0444186836998792,4.74493212836325,4.68213122712422,5.04342511691925
"76432",29,4.15888308335967,"paired",4.43081679884331,4.35670882668959,4.39360656601899,0.271933715483642,0.19782574332992,0.234723482659319,4.07753744390572,4.0943445622221,4.31748811353631
"76432",30,4.67282883446191,"paired",4.82028156560504,4.79579054559674,4.80802046162897,0.147452731143131,0.122961711134836,0.135191627167068,4.99043258677874,4.77068462446567,4.70953020131233
"76432",31,5.01063529409626,"unpaired",5.11198778835654,4.96284463025991,5.03686421748686,0.101352494260288,0.0477906638363486,0.0262289233906019,4.48863636973214,4.55387689160054,5.0998664278242
"76432",33,4.79579054559674,"paired",5.01727983681492,5.01063529409626,5.01395646477932,0.221489291218183,0.214844748499514,0.218165919182582,4.74493212836325,4.80402104473326,5.03695260241363
"76432",34,3.91202300542815,"paired",4.29045944114839,4.33073334028633,4.31054935558423,0.378436435720245,0.418710334858185,0.398526350156081,4.11087386417331,3.95124371858143,4.38202663467388
"76432",35,4.35670882668959,"unpaired",4.56434819146784,4.57471097850338,4.56952664739139,0.207639364778244,0.218002151813791,0.212817820701796,4.51085950651685,4.15888308335967,4.34380542185368
"76432",36,3.91202300542815,"unpaired",4.24849524204936,4.24849524204936,4.24849524204936,0.336472236621213,0.336472236621213,0.336472236621213,3.71357206670431,3.87120101090789,4.31748811353631
"76432",37,4.90527477843843,"paired",4.98360662170834,5.00394630594546,4.99376610835777,0.0783318432699067,0.0986715275070296,0.0884913299193446,4.43081679884331,4.49980967033027,5.09375020080676
"76432",39,4.35670882668959,"unpaired",4.34380542185368,4.65396035015752,4.49620931475686,0.0129034048359076,0.297251523467931,0.139500488067265,4.33073334028633,4.60517018598809,4.47733681447821
"76432",40,4.79579054559674,"unpaired",5.08140436498446,5.03695260241363,5.05912966231589,0.285613819387722,0.241162056816888,0.263339116719146,4.82028156560504,4.72738781871234,5.05624580534831
"76432",41,3.91202300542815,"paired",4.15888308335967,4.29045944114839,4.22415899199271,0.246860077931526,0.378436435720245,0.31213598656456,3.58351893845611,3.80666248977032,4.20469261939097
"76432",42,4.35670882668959,"paired",4.68213122712422,4.4188406077966,4.54858127303987,0.325422400434628,0.0621317811070066,0.19187244635028,5.03695260241363,4.77912349311153,4.56434819146784
"76432",43,4.15888308335967,"unpaired",4.20469261939097,4.34380542185368,4.27368302490237,0.0458095360312942,0.184922338494013,0.114799941542695,3.93182563272433,4.04305126783455,4.49980967033027
"76432",45,4.79579054559674,"paired",5.07517381523383,5.14166355650266,5.10831050825068,0.279383269637085,0.345873010905919,0.312519962653941,5.08759633523238,4.79579054559674,4.93447393313069
"76432",46,4.67282883446191,"paired",5.01727983681492,4.99721227376411,5.00723600217133,0.344451002353019,0.324383439302209,0.334407167709427,4.8283137373023,4.7361984483945,4.82028156560504
"76432",47,4.79579054559674,"unpaired",5.05624580534831,4.98360662170834,5.01979482414559,0.260455259751566,0.187816076111595,0.224004278548846,5.00394630594546,4.89783979995091,4.9416424226093
"76432",48,4.90527477843843,"unpaired",5.09375020080676,4.99721227376411,5.04525034294236,0.188475422368333,0.0919374953256851,0.139975564503928,4.86753445045558,4.44265125649032,4.97673374242057
"76432",49,4.35670882668959,"paired",4.18965474202643,4.20469261939097,4.19716694588086,0.167054084663167,0.152016207298626,0.159541880808731,4.49980967033027,4.60517018598809,4.56434819146784
"76432",51,5.01063529409626,"unpaired",5.11198778835654,5.03043792139244,5.07104892741569,0.101352494260288,0.0198026272961798,0.0604136333194321,5.03695260241363,4.48863636973214,5.04342511691925
"76432",52,4.35670882668959,"unpaired",4.71849887129509,4.44265125649032,4.57849810956686,0.361790044605502,0.085942429800725,0.221789282877265,4.21950770517611,3.55534806148941,4.18965474202643
"76432",53,3.91202300542815,"paired",4.39444915467244,4.44265125649032,4.41848447531372,0.482426149244293,0.530628251062171,0.50646146988557,4.18965474202643,4.04305126783455,4.23410650459726
"76432",54,4.52178857704904,"paired",4.66343909411207,4.69134788222914,4.677372672566,0.141650517063026,0.169559305180103,0.155584095516963,4.65396035015752,4.79579054559674,4.67282883446191
"76432",55,4.79579054559674,"unpaired",5.01727983681492,4.97673374242057,4.99696566518555,0.221489291218183,0.180943196823833,0.201175119588805,4.48863636973214,4.46590811865458,5.03695260241363
"76432",57,4.15888308335967,"paired",4.49980967033027,4.66343909411207,4.5808938355611,0.340926586970594,0.504556010752395,0.422010752201428,4.15888308335967,4.44265125649032,4.35670882668959
"76432",58,4.79579054559674,"paired",4.9416424226093,4.97673374242057,4.95915704405261,0.145851877012563,0.180943196823833,0.163366498455873,4.8283137373023,4.57471097850338,5.01727983681492
"76432",59,4.90527477843843,"unpaired",5.07517381523383,5.05624580534831,5.06570096972666,0.169899036795397,0.150971026909878,0.160426191288229,4.70953020131233,4.83628190695148,4.98360662170834
"76432",60,5.01063529409626,"unpaired",5.12396397940326,5.08140436498446,5.10263980023702,0.113328685307003,0.0707690708882076,0.0920045061407624,4.57471097850338,4.82028156560504,5.11198778835654
"76432",61,3.91202300542815,"paired",4.26267987704132,4.31748811353631,4.28999646863914,0.35065687161317,0.405465108108164,0.377973463210995,3.68887945411394,4.38202663467388,4.38202663467388
"76432",63,4.15888308335967,"unpaired",4.63472898822964,4.49980967033027,4.56677110446711,0.475845904869964,0.340926586970594,0.407888021107436,4.21950770517611,3.73766961828337,4.49980967033027
"76432",64,4.90527477843843,"unpaired",5.03043792139244,4.99721227376411,5.01379757501145,0.125163142954006,0.0919374953256851,0.108522796573022,4.74493212836325,4.86753445045558,5.01063529409626
"76432",65,4.67282883446191,"paired",4.63472898822964,4.72738781871234,4.68082913189424,0.0380998462322699,0.054558984250435,0.00800029743233033,4.79579054559674,4.56434819146784,4.82028156560504
"76432",66,4.15888308335967,"paired",4.35670882668959,4.33073334028633,4.34370166674282,0.19782574332992,0.17185025692666,0.184818583383149,4.48863636973214,4.69134788222914,4.43081679884331
"76432",67,4.67282883446191,"unpaired",4.74493212836325,4.78749174278205,4.76616443113331,0.0721032939013444,0.11466290832014,0.0933355966714027,4.99721227376411,4.81218435537242,4.86753445045558
"76432",69,4.79579054559674,"paired",4.88280192258637,4.969813299576,4.92611550149456,0.0870113769896292,0.174022753979259,0.130324955897819,4.52178857704904,4.7361984483945,4.9416424226093
"76432",70,4.52178857704904,"paired",4.84418708645859,4.78749174278205,4.8157559818695,0.322398509409551,0.265703165733005,0.293967404820464,4.4188406077966,4.54329478227,4.67282883446191
"76432",71,4.67282883446191,"unpaired",4.82028156560504,4.91998092582813,4.86987611340347,0.147452731143131,0.247152091366219,0.197047278941567,4.71849887129509,4.95582705760126,4.84418708645859
"76432",72,3.91202300542815,"unpaired",4.23410650459726,4.17438726989564,4.20414085065821,0.322083499169114,0.262364264467491,0.292117845230061,3.63758615972639,4.38202663467388,4.15888308335967
"76432",73,4.35670882668959,"paired",4.4188406077966,4.65396035015752,4.53487695338598,0.0621317811070066,0.297251523467931,0.178168126696392,4.40671924726425,4.68213122712422,4.34380542185368
"76432",75,4.52178857704904,"unpaired",4.75359019110636,4.64439089914137,4.69867332571888,0.231801614057324,0.122602322092332,0.176884748669837,4.44265125649032,4.55387689160054,4.64439089914137
"76432",76,4.15888308335967,"unpaired",4.31748811353631,4.30406509320417,4.31077137874366,0.158605030176639,0.145182009844499,0.151888295383993,4.47733681447821,4.0943445622221,4.63472898822964
"76432",77,4.90527477843843,"paired",5.01727983681492,5.07517381523383,5.04614380012141,0.112005058376495,0.169899036795397,0.140869021682981,4.65396035015752,4.58496747867057,4.98360662170834
"76432",78,4.15888308335967,"paired",4.35670882668959,4.4188406077966,4.38766474103501,0.19782574332992,0.259957524436927,0.228781657675341,3.91202300542815,3.93182563272433,4.33073334028633
"76432",79,3.91202300542815,"unpaired",4.20469261939097,4.39444915467244,4.29852392420236,0.29266961396282,0.482426149244293,0.386500918774216,4.21950770517611,4.40671924726425,4.24849524204936
"76432",81,4.79579054559674,"paired",5.01727983681492,5.05624580534831,5.03672513932953,0.221489291218183,0.260455259751566,0.240934593732792,4.84418708645859,4.69134788222914,4.88280192258637
"76432",82,4.15888308335967,"paired",4.27666611901606,4.39444915467244,4.33515764552183,0.117783035656384,0.235566071312768,0.176274562162158,3.80666248977032,3.91202300542815,4.31748811353631
"76432",83,4.79579054559674,"unpaired",5.00394630594546,4.97673374242057,4.99032147522177,0.208155760348718,0.180943196823833,0.194530929625025,4.78749174278205,4.84418708645859,4.93447393313069
"76432",84,3.91202300542815,"unpaired",4.23410650459726,4.27666611901606,4.2553331047659,0.322083499169114,0.364643113587909,0.343310099337754,4.27666611901606,4.14313472639153,4.38202663467388
"76432",85,4.15888308335967,"paired",4.33073334028633,4.38202663467388,4.35630449404135,0.17185025692666,0.22314355131421,0.197421410681682,3.40119738166216,3.76120011569356,4.31748811353631
"76432",87,3.91202300542815,"unpaired",4.38202663467388,4.43081679884331,4.40635418752191,0.470003629245735,0.518793793415167,0.494331182093763,3.61091791264422,4.60517018598809,4.23410650459726
"76432",88,4.90527477843843,"unpaired",5.04985600724954,5.02388052084628,5.03685151934217,0.144581228811107,0.118605742407847,0.131576740903738,4.75359019110636,4.86753445045558,5.01727983681492
"76432",89,3.91202300542815,"paired",4.24849524204936,4.27666611901606,4.26255740823199,0.336472236621213,0.364643113587909,0.350534402803844,3.8286413964891,4.31748811353631,4.39444915467244
"76432",90,5.01063529409626,"paired",5.04342511691925,4.97673374242057,5.00996845865754,0.0327898228229913,0.0339015516756813,0.000666835438710933,4.87519732320115,5.05624580534831,5.11198778835654
"76432",91,4.52178857704904,"unpaired",4.68213122712422,4.29045944114839,4.4820189789994,0.160342650075179,0.23132913590065,0.0397695980496415,4.33073334028633,4.23410650459726,4.84418708645859
"76432",93,4.35670882668959,"paired",4.8283137373023,4.89034912822175,4.85923243691814,0.47160491061271,0.533640301532162,0.502523610228551,4.55387689160054,4.27666611901606,4.47733681447821
"76432",94,4.35670882668959,"paired",4.52178857704904,4.66343909411207,4.59206768520673,0.165079750359449,0.306730267422475,0.235358858517135,4.70953020131233,4.48863636973214,4.56434819146784
"76432",95,4.15888308335967,"unpaired",4.31748811353631,4.27666611901606,4.29702864016698,0.158605030176639,0.117783035656384,0.138145556807308,4.4188406077966,3.93182563272433,4.35670882668959
"76432",96,4.52178857704904,"unpaired",4.72738781871234,4.71849887129509,4.72294125379179,0.2055992416633,0.196710294246054,0.201152676742749,4.87519732320115,4.78749174278205,4.68213122712422
"76478",1,4.52178857704904,"paired",4.30406509320417,4.40671924726425,4.35508972211837,0.21772348384487,0.115069329784787,0.166698854930675,4.66343909411207,4.15888308335967,4.43081679884331
"76478",3,3.91202300542815,"unpaired",4.12713438504509,4.04305126783455,4.08487648625759,0.215111379616946,0.131028262406404,0.17285348082944,4.31748811353631,3.8286413964891,3.91202300542815
"76478",4,4.67282883446191,"unpaired",4.65396035015752,4.70953020131233,4.68166282689997,0.0188684843043827,0.0367013668504281,0.00883399243805982,4.35670882668959,4.79579054559674,4.4188406077966
"76478",5,3.91202300542815,"paired",4.17438726989564,4.06044301054642,4.11702096343481,0.262364264467491,0.148420005118273,0.204997958006663,3.66356164612965,4.53259949315326,4.29045944114839
"76478",6,4.35670882668959,"paired",4.44265125649032,4.47733681447821,4.4599603164795,0.085942429800725,0.120627987788615,0.103251489789912,4.77912349311153,4.72738781871234,4.77912349311153
"76478",7,3.91202300542815,"unpaired",4.27666611901606,4.14313472639153,4.2093709637994,0.364643113587909,0.231111720963387,0.297347958371258,3.80666248977032,4.39444915467244,4.31748811353631
"76478",9,4.90527477843843,"paired",4.9272536851572,4.97673374242057,4.95193191314137,0.0219789067187754,0.0714589639821446,0.0466571347029445,4.81218435537242,4.38202663467388,4.81218435537242
"76478",10,3.91202300542815,"paired",4.0943445622221,4.06044301054642,4.07735855186216,0.182321556793954,0.148420005118273,0.165335546434011,4.20469261939097,4.12713438504509,4.21950770517611
"76478",11,4.67282883446191,"unpaired",4.77912349311153,4.87519732320115,4.82692138540344,0.106294658649624,0.202368488739245,0.154092550941535,5.03695260241363,4.64439089914137,4.9416424226093
"76478",12,4.52178857704904,"unpaired",4.45434729625351,4.85203026391962,4.64893836132837,0.0674412807955331,0.330241686870576,0.127149784279332,4.69134788222914,4.74493212836325,4.72738781871234
"76478",13,4.67282883446191,"paired",4.87519732320115,4.86753445045558,4.87136438007366,0.202368488739245,0.194705615993676,0.198535545611755,4.44265125649032,4.36944785246702,4.93447393313069
"76478",15,4.79579054559674,"unpaired",5.04342511691925,4.81218435537242,4.92644815715451,0.247634571322505,0.0163938097756757,0.130657611557774,4.83628190695148,4.71849887129509,5.04342511691925
"76478",16,4.15888308335967,"unpaired",4.46590811865458,4.39444915467244,4.4300345548163,0.307025035294912,0.235566071312768,0.271151471456625,4.60517018598809,4.71849887129509,4.35670882668959
"76478",17,4.52178857704904,"paired",4.43081679884331,4.54329478227,4.48670333801769,0.0909717782057271,0.0215062052209634,0.0350852390313481,4.24849524204936,4.70048036579242,4.51085950651685
"76478",18,4.67282883446191,"paired",4.4188406077966,4.7361984483945,4.57476841275587,0.253988226665308,0.0633696139325899,0.0980604217060383,4.74493212836325,4.70048036579242,4.80402104473326
"76478",19,4.90527477843843,"unpaired",4.91265488573605,4.80402104473326,4.85803432023567,0.00738010729762273,0.101253733705173,0.0472404582027597,4.72738781871234,4.65396035015752,4.9272536851572
"76478",21,4.52178857704904,"paired",4.79579054559674,4.67282883446191,4.73391047079518,0.274001968547701,0.151040257412865,0.21212189374614,4.59511985013459,4.33073334028633,4.72738781871234
"76478",22,4.52178857704904,"paired",4.51085950651685,4.77912349311153,4.64305445172896,0.0109290705321907,0.257334916062489,0.121265874679924,4.78749174278205,4.44265125649032,4.79579054559674
"76478",23,5.01063529409626,"unpaired",5.05624580534831,4.89783979995091,4.97641255763324,0.0456105112520522,0.112795494145344,0.0342227364630165,4.77912349311153,4.97673374242057,5.10594547390058
"76478",24,4.67282883446191,"unpaired",4.93447393313069,4.78749174278205,4.86042726618107,0.261645098668786,0.11466290832014,0.187598431719168,4.68213122712422,4.85203026391962,4.70953020131233
"76478",25,4.67282883446191,"paired",4.82028156560504,4.91265488573605,4.86624904663674,0.147452731143131,0.239826051274147,0.193420212174838,4.85981240436167,4.69134788222914,4.87519732320115
"76478",27,4.79579054559674,"unpaired",5.04985600724954,4.84418708645859,4.94595261388477,0.254065461652796,0.0483965408618499,0.150162068288025,4.46590811865458,4.70953020131233,4.69134788222914
"76478",28,5.01063529409626,"unpaired",5.10594547390058,5.04342511691925,5.07458901278619,0.0953101798043248,0.0327898228229913,0.0639537186899366,4.89783979995091,5.01727983681492,5.05624580534831
"76478",29,4.15888308335967,"paired",4.17438726989564,4.12713438504509,4.15069358518318,0.0155041865359653,0.0317486983145798,0.00818949817649273,4.31748811353631,4.26267987704132,4.27666611901606
"76478",30,4.67282883446191,"paired",4.80402104473326,4.82028156560504,4.81214443701624,0.131192210271351,0.147452731143131,0.139315602554337,4.35670882668959,4.60517018598809,4.65396035015752
"76478",31,5.01063529409626,"unpaired",5.01727983681492,5.01727983681492,5.01727983681492,0.00664454271866877,0.00664454271866877,0.00664454271866877,4.85203026391962,5.01063529409626,5.10594547390058
"76478",33,4.79579054559674,"paired",4.93447393313069,4.9416424226093,4.93805687707406,0.13868338753395,0.145851877012563,0.142266331477318,4.7361984483945,4.47733681447821,5.04985600724954
"76478",34,3.91202300542815,"paired",4.31748811353631,4.39444915467244,4.35579866279858,0.405465108108164,0.482426149244293,0.443775657370439,3.49650756146648,4.24849524204936,4.17438726989564
"76478",35,4.35670882668959,"unpaired",4.40671924726425,4.51085950651685,4.45848532677553,0.0500104205746617,0.154150679827258,0.101776500085942,4.49980967033027,4.44265125649032,4.70953020131233
"76478",36,3.91202300542815,"unpaired",4.21950770517611,4.18965474202643,4.20455472862563,0.307484699747961,0.277631736598279,0.29253172319748,4.17438726989564,4.14313472639153,3.91202300542815
"76478",37,4.90527477843843,"paired",4.86753445045558,4.88280192258637,4.87516220991055,0.0377403279828474,0.022472855852059,0.0301125685278807,4.56434819146784,5.08759633523238,5.02388052084628
"76478",39,4.35670882668959,"unpaired",4.76217393479776,4.74493212836325,4.7535452142665,0.405465108108165,0.388223301673658,0.396836387576905,4.40671924726425,4.69134788222914,4.40671924726425
"76478",40,4.79579054559674,"unpaired",5.04342511691925,5.03695260241363,5.04018782068136,0.247634571322505,0.241162056816888,0.244397275084614,5.08140436498446,4.66343909411207,4.9416424226093
"76478",41,3.91202300542815,"paired",3.91202300542815,3.97029191355212,3.94104977183507,0,0.058268908123976,0.029026766406921,4.52178857704904,4.77068462446567,4.12713438504509
"76478",42,4.35670882668959,"paired",4.77912349311153,4.85981240436167,4.81929908117349,0.422414666421938,0.50310357767208,0.462590254483903,4.35670882668959,4.00733318523247,4.40671924726425
"76478",43,4.15888308335967,"unpaired",4.35670882668959,4.47733681447821,4.41661101068449,0.19782574332992,0.318453731118535,0.257727927324817,4.38202663467388,3.91202300542815,4.51085950651685
"76478",45,4.79579054559674,"paired",4.9416424226093,4.99043258677874,4.96597758532977,0.145851877012563,0.194642041181995,0.170187039733029,4.9416424226093,4.72738781871234,4.69134788222914
"76478",46,4.67282883446191,"paired",4.9416424226093,5.03695260241363,4.98906991940978,0.268813588147398,0.364123767951724,0.316241084947876,4.94875989037817,5.05624580534831,4.77912349311153
"76478",47,4.79579054559674,"unpaired",4.98360662170834,4.96284463025991,4.97321479144757,0.187816076111595,0.167054084663166,0.177424245850832,4.70048036579242,4.79579054559674,4.69134788222914
"76478",48,4.90527477843843,"unpaired",5.08759633523238,5.06890420222023,5.07824166841828,0.182321556793954,0.163629423781802,0.17296688997985,4.70953020131233,4.77912349311153,4.89783979995091
"76478",49,4.35670882668959,"paired",4.71849887129509,4.47733681447821,4.59633644390001,0.361790044605502,0.120627987788615,0.239627617210419,3.80666248977032,4.35670882668959,4.77912349311153
"76478",51,5.01063529409626,"unpaired",5.0998664278242,4.85981240436167,4.97839272522043,0.0892311337279432,0.150822889734584,0.0322425688758265,4.55387689160054,4.69134788222914,5.10594547390058
"76478",52,4.35670882668959,"unpaired",4.70048036579242,4.35670882668959,4.52533140215487,0.343771539102825,0,0.168622575465276,4.21950770517611,4.4188406077966,4.40671924726425
"76478",53,3.91202300542815,"paired",4.38202663467388,4.0943445622221,4.23574396336575,0.470003629245735,0.182321556793954,0.323720957937607,3.46573590279973,3.68887945411394,4.31748811353631
"76478",54,4.52178857704904,"paired",4.72738781871234,4.74493212836325,4.73615184978704,0.2055992416633,0.22314355131421,0.214363272738004,4.49980967033027,4.99043258677874,4.43081679884331
"76478",55,4.79579054559674,"unpaired",4.81218435537242,4.93447393313069,4.87294554279078,0.0163938097756757,0.13868338753395,0.0771549971940377,4.48863636973214,4.9416424226093,4.69134788222914
"76478",57,4.15888308335967,"paired",4.51085950651685,4.39444915467244,4.45227388479854,0.351976423157178,0.235566071312768,0.293390801438871,3.93182563272433,4.36944785246702,4.46590811865458
"76478",58,4.79579054559674,"paired",5.00394630594546,4.95582705760126,4.97982856108404,0.208155760348718,0.16003651200452,0.184038015487303,4.79579054559674,4.99043258677874,5.04342511691925
"76478",59,4.90527477843843,"unpaired",4.89783979995091,4.96284463025991,4.9302350807096,0.00743497848751851,0.0575698518214773,0.0249603022711744,4.77912349311153,4.7361984483945,4.81218435537242
"76478",60,5.01063529409626,"unpaired",5.00394630594546,5.05624580534831,5.03002808338332,0.00668898815079633,0.0456105112520522,0.0193927892870658,5.12396397940326,4.85203026391962,5.0998664278242
"76478",61,3.91202300542815,"paired",4.29045944114839,4.35670882668959,4.32345724135268,0.378436435720245,0.444685821261446,0.411434235924529,4.26267987704132,4.38202663467388,4.17438726989564
"76478",63,4.15888308335967,"unpaired",4.74493212836325,4.14313472639153,4.43383503024105,0.586049045003579,0.0157483569681389,0.27495194688138,3.95124371858143,4.53259949315326,4.68213122712422
"76478",64,4.90527477843843,"unpaired",5.02388052084628,4.99043258677874,5.00712862460255,0.118605742407847,0.0851578083403064,0.101853846164117,4.53259949315326,4.84418708645859,5.08759633523238
"76478",65,4.67282883446191,"paired",4.70953020131233,4.8283137373023,4.76855212483165,0.0367013668504281,0.155484902840396,0.0957232903697403,4.46590811865458,4.57471097850338,4.87519732320115
"76478",66,4.15888308335967,"paired",4.51085950651685,4.46590811865458,4.48832753843387,0.351976423157178,0.307025035294912,0.329444455074195,3.61091791264422,4.26267987704132,4.27666611901606
"76478",67,4.67282883446191,"unpaired",4.81218435537242,4.68213122712422,4.74671240343965,0.139355520910511,0.00930239266231414,0.0738835689777453,4.11087386417331,4.63472898822964,4.9416424226093
"76478",69,4.79579054559674,"paired",4.90527477843843,4.88280192258637,4.89402545140231,0.109484232841688,0.0870113769896292,0.0982349058055698,4.70953020131233,4.38202663467388,5.04342511691925
"76478",70,4.52178857704904,"paired",4.67282883446191,4.70048036579242,4.68663420687991,0.151040257412865,0.178691788743376,0.164845629830866,4.91265488573605,4.77912349311153,4.70048036579242
"76478",71,4.67282883446191,"unpaired",4.87519732320115,4.77912349311153,4.82692138540344,0.202368488739245,0.106294658649624,0.154092550941535,4.53259949315326,4.72738781871234,4.65396035015752
"76478",72,3.91202300542815,"unpaired",4.31748811353631,4.21950770517611,4.26821676605965,0.405465108108164,0.307484699747961,0.356193760631507,3.55534806148941,4.27666611901606,4.12713438504509
"76478",73,4.35670882668959,"paired",4.76217393479776,4.80402104473326,4.78305172473062,0.405465108108165,0.447312218043665,0.426342898041033,4.17438726989564,3.91202300542815,4.70048036579242
"76478",75,4.52178857704904,"unpaired",4.70048036579242,4.81218435537242,4.75600442377859,0.178691788743376,0.290395778323377,0.234215846729546,4.40671924726425,4.21950770517611,4.48863636973214
"76478",76,4.15888308335967,"unpaired",4.68213122712422,4.14313472639153,4.40439558630019,0.523248143764548,0.0157483569681389,0.245512502940514,4.48863636973214,4.33073334028633,4.46590811865458
"76478",77,4.90527477843843,"paired",4.91998092582813,4.82028156560504,4.86987611340347,0.0147061473896954,0.0849932128333926,0.0353986650349567,5.01727983681492,4.82028156560504,4.81218435537242
"76478",78,4.15888308335967,"paired",4.46590811865458,4.46590811865458,4.46590811865458,0.307025035294912,0.307025035294912,0.307025035294912,3.78418963391826,4.21950770517611,4.48863636973214
"76478",79,3.91202300542815,"unpaired",4.21950770517611,4.20469261939097,4.21209364869981,0.307484699747961,0.29266961396282,0.300070643271665,3.93182563272433,3.89182029811063,4.29045944114839
"76478",81,4.79579054559674,"paired",4.69134788222914,4.71849887129509,4.70490379148722,0.104442663367598,0.0772916743016472,0.0908867541095182,5.01727983681492,4.61512051684126,5.04342511691925
"76478",82,4.15888308335967,"paired",4.47733681447821,4.4188406077966,4.44799255064562,0.318453731118535,0.259957524436927,0.289109467285953,4.02535169073515,4.0943445622221,4.17438726989564
"76478",83,4.79579054559674,"unpaired",4.69134788222914,4.9416424226093,4.81486902356044,0.104442663367598,0.145851877012563,0.0190784779636965,4.89034912822175,5.00394630594546,4.98360662170834
"76478",84,3.91202300542815,"unpaired",4.24849524204936,4.31748811353631,4.28285275347679,0.336472236621213,0.405465108108164,0.370829748048639,4.27666611901606,4.17438726989564,4.12713438504509
"76478",85,4.15888308335967,"paired",4.27666611901606,4.31748811353631,4.29702864016698,0.117783035656384,0.158605030176639,0.138145556807308,3.76120011569356,3.71357206670431,4.46590811865458
"76478",87,3.91202300542815,"unpaired",4.46590811865458,4.29045944114839,4.37730483870872,0.553885113226438,0.378436435720245,0.465281833280577,4.23410650459726,3.55534806148941,4.31748811353631
"76478",88,4.90527477843843,"unpaired",4.81218435537242,4.96284463025991,4.88693393528915,0.0930904230660126,0.0575698518214773,0.018340843149276,5.0998664278242,4.43081679884331,4.9272536851572
"76478",89,3.91202300542815,"paired",4.21950770517611,4.11087386417331,4.16483660482454,0.307484699747961,0.198850858745165,0.25281359939639,4.38202663467388,3.68887945411394,4.46590811865458
"76478",90,5.01063529409626,"paired",5.15905529921453,5.14749447681345,5.15327164607902,0.148420005118274,0.136859182717197,0.142636351982763,4.67282883446191,5.04985600724954,5.00394630594546
"76478",91,4.52178857704904,"unpaired",4.48863636973214,4.79579054559674,4.63967238763504,0.0331522073169008,0.274001968547701,0.117883810586004,4.26267987704132,4.43081679884331,4.51085950651685
"76478",93,4.35670882668959,"paired",4.45434729625351,4.46590811865458,4.46012396169049,0.0976384695639156,0.109199291964992,0.103415135000894,4.52178857704904,4.4188406077966,4.70048036579242
"76478",94,4.35670882668959,"paired",4.70953020131233,4.77068462446567,4.74000878900635,0.352821374622742,0.413975797776073,0.383299962316758,4.33073334028633,4.4188406077966,4.76217393479776
"76478",95,4.15888308335967,"unpaired",4.48863636973214,4.77912349311153,4.63160312706321,0.329753286372468,0.620240409751858,0.47272004370354,4.60517018598809,3.58351893845611,4.35670882668959
"76478",96,4.52178857704904,"unpaired",4.72738781871234,4.72738781871234,4.72738781871234,0.2055992416633,0.2055992416633,0.2055992416633,4.33073334028633,4.52178857704904,4.30406509320417
"76743",1,4.52178857704904,"paired",4.53259949315326,4.47733681447821,4.50488341424951,0.0108109161042158,0.0444517625708336,0.0169051627995298,4.35670882668959,4.40671924726425,4.38202663467388
"76743",3,3.91202300542815,"unpaired",4.04305126783455,4.36944785246702,4.20308240219648,0.131028262406404,0.457424847038876,0.291059396768336,4.21950770517611,3.80666248977032,3.63758615972639
"76743",4,4.67282883446191,"unpaired",4.64439089914137,4.7361984483945,4.69007003894941,0.0284379353205333,0.0633696139325899,0.0172412044875001,4.65396035015752,4.85981240436167,4.70953020131233
"76743",5,3.91202300542815,"paired",3.85014760171006,3.80666248977032,3.82834330429088,0.0618754037180875,0.105360515657826,0.083679701137263,3.87120101090789,4.23410650459726,4.04305126783455
"76743",6,4.35670882668959,"paired",4.39444915467244,4.52178857704904,4.45766418542499,0.0377403279828474,0.165079750359449,0.100955358735399,4.39444915467244,4.63472898822964,4.34380542185368
"76743",7,3.91202300542815,"unpaired",3.63758615972639,4.38202663467388,3.99249288513356,0.27443684570176,0.470003629245735,0.0804698797054146,4.27666611901606,3.87120101090789,3.8286413964891
"76743",9,4.90527477843843,"paired",4.69134788222914,4.85981240436167,4.77483723609853,0.213926896209286,0.0454623740767577,0.130437542339899,4.9272536851572,4.91998092582813,4.77912349311153
"76743",10,3.91202300542815,"paired",4.43081679884331,4.39444915467244,4.41259551014881,0.518793793415167,0.482426149244293,0.500572504720664,4.0943445622221,3.71357206670431,3.71357206670431
"76743",11,4.67282883446191,"unpaired",4.80402104473326,4.69134788222914,4.74735020347073,0.131192210271351,0.0185190477672377,0.0745213690088269,4.81218435537242,4.67282883446191,4.88280192258637
"76743",12,4.52178857704904,"unpaired",4.77068462446567,4.51085950651685,4.63895334001806,0.248896047416625,0.0109290705321907,0.117164762969019,4.43081679884331,4.64439089914137,4.70048036579242
"76743",13,4.67282883446191,"paired",4.88280192258637,4.74493212836325,4.81337342400462,0.209973088124465,0.0721032939013444,0.14054458954271,4.24849524204936,4.53259949315326,4.72738781871234
"76743",15,4.79579054559674,"unpaired",4.77068462446567,4.43081679884331,4.5976112902317,0.0251059211310762,0.364973746753428,0.198179255365043,5.04985600724954,4.36944785246702,4.47733681447821
"76743",16,4.15888308335967,"unpaired",4.31748811353631,4.21950770517611,4.26821676605965,0.158605030176639,0.0606246218164355,0.109333682699981,4.35670882668959,4.68213122712422,4.43081679884331
"76743",17,4.52178857704904,"paired",4.43081679884331,4.40671924726425,4.41875159615978,0.0909717782057271,0.115069329784787,0.103036980889259,4.4188406077966,4.20469261939097,4.26267987704132
"76743",18,4.67282883446191,"paired",4.17438726989564,4.76217393479776,4.45860496685326,0.498441564566269,0.0893451003358505,0.214223867608645,4.57471097850338,4.79579054559674,4.80402104473326
"76743",19,4.90527477843843,"unpaired",4.72738781871234,4.70953020131233,4.71845056194741,0.177886959726089,0.195744577126096,0.186824216491022,4.38202663467388,4.969813299576,4.77912349311153
"76743",21,4.52178857704904,"paired",4.38202663467388,4.29045944114839,4.3360013314228,0.139761942375159,0.23132913590065,0.185787245626243,4.14313472639153,4.55387689160054,4.61512051684126
"76743",22,4.52178857704904,"paired",4.80402104473326,4.68213122712422,4.7426845719811,0.282232467684216,0.160342650075179,0.220895994932055,4.54329478227,4.46590811865458,4.38202663467388
"76743",23,5.01063529409626,"unpaired",4.77912349311153,4.77068462446567,4.77490219449674,0.231511800984726,0.23995066963059,0.235733099599512,5.02388052084628,4.64439089914137,4.67282883446191
"76743",24,4.67282883446191,"unpaired",4.76217393479776,4.7361984483945,4.74916843257573,0.0893451003358505,0.0633696139325899,0.0763395981138268,4.86753445045558,4.23410650459726,4.88280192258637
"76743",25,4.67282883446191,"paired",4.72738781871234,4.72738781871234,4.72738781871234,0.054558984250435,0.054558984250435,0.054558984250435,4.52178857704904,4.63472898822964,4.88280192258637
"76743",27,4.79579054559674,"unpaired",4.89034912822175,4.47733681447821,4.67928842746829,0.0945585826250124,0.318453731118534,0.116502118128451,4.79579054559674,4.72738781871234,4.57471097850338
"76743",28,5.01063529409626,"unpaired",4.89783979995091,4.70953020131233,4.80276216973716,0.112795494145344,0.301105092783922,0.207873124359097,4.79579054559674,5.03043792139244,4.77068462446567
"76743",29,4.15888308335967,"paired",4.55387689160054,4.34380542185368,4.44760105362302,0.394993808240869,0.184922338494013,0.288717970263352,4.46590811865458,3.93182563272433,4.31748811353631
"76743",30,4.67282883446191,"paired",4.70953020131233,4.74493212836325,4.72719802438019,0.0367013668504281,0.0721032939013444,0.0543691899182805,4.56434819146784,4.40671924726425,4.72738781871234
"76743",31,5.01063529409626,"unpaired",4.77068462446567,4.72738781871234,4.74898687938988,0.23995066963059,0.283247475383915,0.261648414706373,4.66343909411207,5.04985600724954,4.89783979995091
"76743",33,4.79579054559674,"paired",4.84418708645859,4.82028156560504,4.83221954314974,0.0483965408618499,0.0244910200082957,0.0364289975530019,4.7361984483945,4.71849887129509,4.7361984483945
"76743",34,3.91202300542815,"paired",4.44265125649032,4.44265125649032,4.44265125649032,0.530628251062171,0.530628251062171,0.53062825106217,3.49650756146648,3.63758615972639,4.04305126783455
"76743",35,4.35670882668959,"unpaired",4.48863636973214,4.47733681447821,4.48298303197854,0.131927543042548,0.120627987788615,0.12627420528895,4.12713438504509,3.93182563272433,4.64439089914137
"76743",36,3.91202300542815,"unpaired",3.43398720448515,4.24849524204936,3.81959137860498,0.478035800943,0.336472236621213,0.0924316268231617,3.2188758248682,3.52636052461616,4.04305126783455
"76743",37,4.90527477843843,"paired",4.76217393479776,4.77912349311153,4.7706411864733,0.143100843640673,0.1261512853269,0.134633591965135,4.68213122712422,4.60517018598809,4.77912349311153
"76743",39,4.35670882668959,"unpaired",4.34380542185368,4.18965474202643,4.26603387048314,0.0129034048359076,0.167054084663167,0.090674956206449,4.38202663467388,4.00733318523247,4.31748811353631
"76743",40,4.79579054559674,"unpaired",4.75359019110636,4.71849887129509,4.7360120303199,0.0422003544903768,0.0772916743016472,0.0597785152768422,4.49980967033027,5.01727983681492,4.89783979995091
"76743",41,3.91202300542815,"paired",3.29583686600433,3.2188758248682,3.25712904421834,0.616186139423817,0.693147180559945,0.654893961209801,3.55534806148941,4.20469261939097,3.71357206670431
"76743",42,4.35670882668959,"paired",4.64439089914137,4.43081679884331,4.53634712255473,0.287682072451781,0.0741079721537217,0.179638295865139,4.54329478227,4.77068462446567,4.66343909411207
"76743",43,4.15888308335967,"unpaired",3.91202300542815,4.47733681447821,4.18514571087903,0.246860077931526,0.318453731118535,0.0262626275193547,3.68887945411394,4.29045944114839,4.43081679884331
"76743",45,4.79579054559674,"paired",4.57471097850338,4.69134788222914,4.63266237284914,0.221079567093359,0.104442663367598,0.163128172747597,4.8283137373023,4.65396035015752,4.7361984483945
"76743",46,4.67282883446191,"paired",4.69134788222914,4.70953020131233,4.70043025011762,0.0185190477672377,0.0367013668504281,0.0276014156557158,4.57471097850338,4.79579054559674,4.70953020131233
"76743",47,4.79579054559674,"unpaired",4.7361984483945,4.71849887129509,4.72734037625587,0.0595920972022457,0.0772916743016472,0.0684501693408697,4.71849887129509,4.74493212836325,4.89034912822175
"76743",48,4.90527477843843,"unpaired",4.83628190695148,4.77912349311153,4.80761775527361,0.0689928714869517,0.1261512853269,0.0976570231648219,4.87519732320115,4.68213122712422,4.7361984483945
"76743",49,4.35670882668959,"paired",4.45434729625351,4.43081679884331,4.44256646862175,0.0976384695639156,0.0741079721537217,0.085857641932158,4.40671924726425,4.40671924726425,4.64439089914137
"76743",51,5.01063529409626,"unpaired",4.84418708645859,4.75359019110636,4.79867483979418,0.166448207637664,0.257045102989891,0.211960454302078,5.11198778835654,4.70953020131233,4.89783979995091
"76743",52,4.35670882668959,"unpaired",4.53259949315326,4.29045944114839,4.40986783116499,0.175890666463665,0.0662493855412007,0.0531590044753969,4.21950770517611,4.71849887129509,4.64439089914137
"76743",53,3.91202300542815,"paired",3.8286413964891,3.73766961828337,3.78288205300658,0.0833816089390509,0.174353387144778,0.129140952421563,4.52178857704904,3.52636052461616,3.2188758248682
"76743",54,4.52178857704904,"paired",4.70048036579242,4.66343909411207,4.68192309835847,0.178691788743376,0.141650517063026,0.160134521309426,4.77912349311153,4.39444915467244,4.61512051684126
"76743",55,4.79579054559674,"unpaired",4.47733681447821,4.70953020131233,4.59196613110688,0.318453731118534,0.0862603442844074,0.203824414489863,4.40671924726425,5.01727983681492,4.57471097850338
"76743",57,4.15888308335967,"paired",4.17438726989564,4.21950770517611,4.19688685214573,0.0155041865359653,0.0606246218164355,0.0380037687860586,3.87120101090789,4.84418708645859,4.46590811865458
"76743",58,4.79579054559674,"paired",4.47733681447821,4.76217393479776,4.61755960169639,0.318453731118534,0.033616610798985,0.17823094390035,4.67282883446191,4.59511985013459,4.80402104473326
"76743",59,4.90527477843843,"unpaired",4.44265125649032,4.78749174278205,4.61184954291743,0.462623521948113,0.117783035656384,0.293425235521004,4.8283137373023,4.70953020131233,4.69134788222914
"76743",60,5.01063529409626,"unpaired",4.98360662170834,4.83628190695148,4.90939166658473,0.0270286723879192,0.174353387144778,0.101243627511524,5.00394630594546,4.68213122712422,4.89783979995091
"76743",61,3.91202300542815,"paired",3.58351893845611,3.91202300542815,3.74416993840127,0.328504066972036,0,0.167853067026879,3.98898404656427,3.98898404656427,4.43081679884331
"76743",63,4.15888308335967,"unpaired",4.43081679884331,4.07753744390572,4.2505083701094,0.271933715483642,0.0813456394539518,0.0916252867497311,4.20469261939097,4.29045944114839,4.55387689160054
"76743",64,4.90527477843843,"unpaired",4.96284463025991,4.85203026391962,4.90712465107134,0.0575698518214773,0.0532445145188127,0.00184987263291081,4.74493212836325,4.44265125649032,4.69134788222914
"76743",65,4.67282883446191,"paired",4.89783979995091,4.87519732320115,4.88650544685962,0.225010965489005,0.202368488739245,0.213676612397716,4.66343909411207,4.36944785246702,4.69134788222914
"76743",66,4.15888308335967,"paired",4.43081679884331,4.24849524204936,4.33869843251155,0.271933715483642,0.0896121586896879,0.179815349151879,4.11087386417331,4.48863636973214,4.55387689160054
"76743",67,4.67282883446191,"unpaired",4.77068462446567,4.70048036579242,4.73545239746834,0.0978557900037593,0.0276515313305108,0.0626235630064329,4.64439089914137,4.85203026391962,4.64439089914137
"76743",69,4.79579054559674,"paired",4.80402104473326,4.78749174278205,4.79574927240902,0.00823049913651541,0.00829880281469553,4.12731877208472e-05,4.4188406077966,4.78749174278205,4.89034912822175
"76743",70,4.52178857704904,"paired",4.38202663467388,4.40671924726425,4.39435559701784,0.139761942375159,0.115069329784787,0.127432980031203,4.29045944114839,4.39444915467244,4.26267987704132
"76743",71,4.67282883446191,"unpaired",4.82028156560504,4.68213122712422,4.75070424693546,0.147452731143131,0.00930239266231414,0.0778754124735492,4.94875989037817,4.74493212836325,4.17438726989564
"76743",72,3.91202300542815,"unpaired",3.71357206670431,3.25809653802148,3.4783870247893,0.198450938723838,0.653926467406664,0.433635980638842,4.04305126783455,3.80666248977032,3.87120101090789
"76743",73,4.35670882668959,"paired",4.66343909411207,4.17438726989564,4.41214242612306,0.306730267422475,0.182321556793955,0.0554335994334654,4.76217393479776,4.39444915467244,4.39444915467244
"76743",75,4.52178857704904,"unpaired",4.68213122712422,4.65396035015752,4.66802453777511,0.160342650075179,0.132171773108483,0.146235960726068,4.72738781871234,4.21950770517611,4.77068462446567
"76743",76,4.15888308335967,"unpaired",3.52636052461616,4.71849887129509,4.07910874520169,0.63252255874351,0.559615787935423,0.0797743381579785,3.87120101090789,4.39444915467244,4.55387689160054
"76743",77,4.90527477843843,"paired",4.7361984483945,4.79579054559674,4.76590135660405,0.169076330043934,0.109484232841688,0.139373421834384,4.53259949315326,4.67282883446191,4.69134788222914
"76743",78,4.15888308335967,"paired",4.51085950651685,4.56434819146784,4.53752503359879,0.351976423157178,0.405465108108165,0.378641950239117,4.52178857704904,3.93182563272433,3.91202300542815
"76743",79,3.91202300542815,"unpaired",3.2188758248682,3.80666248977032,3.50045337945733,0.693147180559945,0.105360515657826,0.411569625970811,3.80666248977032,4.63472898822964,4.44265125649032
"76743",81,4.79579054559674,"paired",4.89783979995091,4.77068462446567,4.83384412519909,0.10204925435417,0.0251059211310762,0.0380535796023533,4.70048036579242,4.51085950651685,4.57471097850338
"76743",82,4.15888308335967,"paired",3.91202300542815,4.26267987704132,4.08358932114399,0.246860077931526,0.103796793681644,0.0752937622156802,4.55387689160054,4.18965474202643,3.91202300542815
"76743",83,4.79579054559674,"unpaired",4.7361984483945,4.68213122712422,4.70908724203376,0.0595920972022457,0.113659318472521,0.0867033035629792,4.70953020131233,4.38202663467388,4.80402104473326
"76743",84,3.91202300542815,"unpaired",3.2188758248682,3.68887945411394,3.44587360413878,0.693147180559945,0.22314355131421,0.466149401289371,3.61091791264422,4.14313472639153,3.29583686600433
"76743",85,4.15888308335967,"paired",4.04305126783455,3.91202300542815,3.97699755744132,0.115831815525121,0.246860077931526,0.181885525918356,4.04305126783455,4.43081679884331,4.31748811353631
"76743",87,3.91202300542815,"unpaired",4.11087386417331,3.8286413964891,3.96724865015026,0.198850858745165,0.0833816089390509,0.05522564472211,4.04305126783455,4.90527477843843,3.63758615972639
"76743",88,4.90527477843843,"unpaired",4.77912349311153,4.81218435537242,4.79562543428322,0.1261512853269,0.0930904230660126,0.109649344155214,4.81218435537242,4.58496747867057,4.72738781871234
"76743",89,3.91202300542815,"paired",3.87120101090789,3.98898404656427,3.9296512661501,0.0408219945202548,0.0769610411361286,0.0176282607219518,3.55534806148941,3.93182563272433,3.58351893845611
"76743",90,5.01063529409626,"paired",4.67282883446191,4.7361984483945,4.70440694194194,0.33780645963435,0.27443684570176,0.306228352154313,5.13579843705026,4.86753445045558,4.77068462446567
"76743",91,4.52178857704904,"unpaired",4.61512051684126,4.35670882668959,4.48405355587537,0.0933319397922192,0.165079750359449,0.0377350211736713,4.17438726989564,4.4188406077966,4.26267987704132
"76743",93,4.35670882668959,"paired",4.4188406077966,4.46590811865458,4.44231202701919,0.0621317811070066,0.109199291964992,0.0856032003296026,4.47733681447821,4.39444915467244,4.34380542185368
"76743",94,4.35670882668959,"paired",4.31748811353631,4.11087386417331,4.21291455465398,0.0392207131532816,0.24583496251628,0.14379427203561,4.57471097850338,4.8283137373023,4.64439089914137
"76743",95,4.15888308335967,"unpaired",4.46590811865458,3.71357206670431,4.07240366883044,0.307025035294912,0.445311016655364,0.0864794145292285,4.29045944114839,4.33073334028633,4.43081679884331
"76743",96,4.52178857704904,"unpaired",4.26267987704132,4.72738781871234,4.48902449601195,0.259108700007725,0.2055992416633,0.032764081037091,4.9272536851572,4.70048036579242,4.68213122712422
"77061",1,4.52178857704904,"paired",4.68213122712422,4.85203026391962,4.76632378397123,0.160342650075179,0.330241686870576,0.244535206922187,4.70953020131233,4.06044301054642,4.76217393479776
"77061",3,3.91202300542815,"unpaired",4.81218435537242,4.67282883446191,4.74199470819303,0.900161349944271,0.76080582903376,0.829971702764886,4.18965474202643,3.80666248977032,4.31748811353631
"77061",4,4.67282883446191,"unpaired",5.01063529409626,4.82028156560504,4.91453689986169,0.33780645963435,0.147452731143131,0.241708065399784,4.48863636973214,4.95582705760126,4.81218435537242
"77061",5,3.91202300542815,"paired",4.59511985013459,4.46590811865458,4.53005331590114,0.683096844706444,0.553885113226438,0.618030310472993,3.55534806148941,4.58496747867057,4.38202663467388
"77061",6,4.35670882668959,"paired",4.70048036579242,4.75359019110636,4.72696068952545,0.343771539102825,0.396881364416773,0.370251862835856,4.12713438504509,4.71849887129509,4.75359019110636
"77061",7,3.91202300542815,"unpaired",4.47733681447821,4.51085950651685,4.49406690353703,0.565313809050061,0.598836501088704,0.582043898108882,4.0943445622221,4.31748811353631,4.20469261939097
"77061",9,4.90527477843843,"paired",4.84418708645859,4.89783979995091,4.87093957162939,0.0610876919798384,0.00743497848751851,0.034335206809037,4.89034912822175,4.84418708645859,4.969813299576
"77061",10,3.91202300542815,"paired",4.53259949315326,4.4188406077966,4.47535861124267,0.62057648772511,0.506817602368452,0.56333560581452,4.48863636973214,4.23410650459726,4.59511985013459
"77061",11,4.67282883446191,"unpaired",4.81218435537242,4.77068462446567,4.79138955985311,0.139355520910511,0.0978557900037593,0.118560725391207,4.49980967033027,4.7361984483945,4.94875989037817
"77061",12,4.52178857704904,"unpaired",4.85981240436167,4.75359019110636,4.80640786617102,0.338023827312631,0.231801614057324,0.284619289121981,4.49980967033027,4.54329478227,4.71849887129509
"77061",13,4.67282883446191,"paired",4.81218435537242,4.83628190695148,4.8242180849131,0.139355520910511,0.163453072489572,0.151389250451191,4.88280192258637,4.82028156560504,5.01063529409626
"77061",15,4.79579054559674,"unpaired",4.85203026391962,4.82028156560504,4.83612986146252,0.0562397183228756,0.0244910200082957,0.0403393158657757,4.64439089914137,5.03695260241363,4.969813299576
"77061",16,4.15888308335967,"unpaired",4.57471097850338,4.49980967033027,4.53710576249172,0.415827895143711,0.340926586970594,0.378222679132046,4.18965474202643,3.73766961828337,4.24849524204936
"77061",17,4.52178857704904,"paired",4.76217393479776,4.79579054559674,4.77895268160193,0.240385357748716,0.274001968547701,0.257164104552894,4.02535169073515,4.54329478227,4.85981240436167
"77061",18,4.67282883446191,"paired",4.81218435537242,4.87519732320115,4.84358836897419,0.139355520910511,0.202368488739245,0.170759534512285,4.85203026391962,4.95582705760126,5.03695260241363
"77061",19,4.90527477843843,"unpaired",4.86753445045558,5.01063529409626,4.93856658481812,0.0377403279828474,0.105360515657826,0.0332918063796948,4.71849887129509,4.76217393479776,4.91998092582813
"77061",21,4.52178857704904,"paired",4.78749174278205,4.84418708645859,4.8157559818695,0.265703165733005,0.322398509409551,0.293967404820464,4.69134788222914,4.69134788222914,4.76217393479776
"77061",22,4.52178857704904,"paired",4.82028156560504,4.77912349311153,4.79965841217846,0.298492988555997,0.257334916062489,0.27786983512942,4.969813299576,4.54329478227,4.68213122712422
"77061",23,5.01063529409626,"unpaired",4.99721227376411,5.01063529409626,5.00391928302341,0.0134230203321408,0,0.00671601107285014,4.44265125649032,4.95582705760126,4.96284463025991
"77061",24,4.67282883446191,"unpaired",5.03695260241363,4.96284463025991,4.99976131187901,0.364123767951724,0.290015795798001,0.326932477417107,4.79579054559674,4.71849887129509,4.81218435537242
"77061",25,4.67282883446191,"paired",4.97673374242057,5.01063529409626,4.9936557489571,0.303904907958668,0.33780645963435,0.320826914495192,4.53259949315326,4.45434729625351,4.78749174278205
"77061",27,4.79579054559674,"unpaired",5.02388052084628,4.9416424226093,4.98259180627256,0.228089975249535,0.145851877012563,0.186801260675822,4.82028156560504,4.56434819146784,5.08759633523238
"77061",28,5.01063529409626,"unpaired",3.2188758248682,5.05624580534831,4.03428152059656,1.79175946922805,0.0456105112520522,0.976353773499693,4.9272536851572,5.0998664278242,4.96284463025991
"77061",29,4.15888308335967,"paired",4.48863636973214,4.35670882668959,4.42218064893463,0.329753286372468,0.19782574332992,0.263297565574962,4.12713438504509,4.35670882668959,4.24849524204936
"77061",30,4.67282883446191,"paired",5.05624580534831,4.969813299576,5.01284326997617,0.383416970886402,0.296984465114095,0.340014435514266,4.7361984483945,4.69134788222914,4.81218435537242
"77061",31,5.01063529409626,"unpaired",4.90527477843843,4.99721227376411,4.95103012806407,0.105360515657826,0.0134230203321408,0.0596051660321901,4.80402104473326,5.01063529409626,5.04985600724954
"77061",33,4.79579054559674,"paired",4.99043258677874,5.02388052084628,5.00712862460255,0.194642041181995,0.228089975249535,0.211338079005805,4.78749174278205,4.80402104473326,4.85203026391962
"77061",34,3.91202300542815,"paired",4.49980967033027,4.36944785246702,4.43414971562022,0.587786664902119,0.457424847038876,0.522126710192077,3.36729582998647,3.52636052461616,4.40671924726425
"77061",35,4.35670882668959,"unpaired",4.65396035015752,4.87519732320115,4.76329455748563,0.297251523467931,0.51848849651156,0.40658573079604,4.49980967033027,4.43081679884331,4.85203026391962
"77061",36,3.91202300542815,"unpaired",4.51085950651685,4.36944785246702,4.43959067747585,0.598836501088704,0.457424847038876,0.527567672047706,3.78418963391826,3.66356164612965,4.38202663467388
"77061",37,4.90527477843843,"paired",4.66343909411207,4.8283137373023,4.7451603809749,0.241835684326363,0.0769610411361281,0.160114397463525,4.27666611901606,5.13579843705026,4.86753445045558
"77061",39,4.35670882668959,"unpaired",4.75359019110636,4.79579054559674,4.77464374546932,0.396881364416773,0.43908171890715,0.41793491877973,4.60517018598809,4.31748811353631,4.70048036579242
"77061",40,4.79579054559674,"unpaired",4.88280192258637,5.06259503302697,4.97188583542908,0.0870113769896292,0.266804487430226,0.176095289832334,4.56434819146784,4.89783979995091,4.99043258677874
"77061",41,3.91202300542815,"paired",4.52178857704904,4.38202663467388,4.45135911615689,0.609765571620895,0.470003629245735,0.539336110728739,3.43398720448515,4.31748811353631,4.24849524204936
"77061",42,4.35670882668959,"paired",4.85203026391962,4.89783979995091,4.87488122288039,0.495321437230025,0.541130973261319,0.5181723961908,4.39444915467244,4.46590811865458,4.74493212836325
"77061",43,4.15888308335967,"unpaired",4.24849524204936,4.61512051684126,4.4280150809685,0.0896121586896879,0.456237433481588,0.269131997608828,4.35670882668959,4.34380542185368,4.43081679884331
"77061",45,4.79579054559674,"paired",5.02388052084628,5.01063529409626,5.01725353665479,0.228089975249535,0.214844748499514,0.221462991058051,4.85203026391962,4.96284463025991,4.84418708645859
"77061",46,4.67282883446191,"paired",5.03043792139244,5.02388052084628,5.02715815193931,0.35760908693053,0.351051686384371,0.354329317477408,4.65396035015752,4.56434819146784,4.97673374242057
"77061",47,4.79579054559674,"unpaired",4.969813299576,5.06890420222023,5.01911421651976,0.174022753979259,0.27311365662349,0.223323670923021,5.02388052084628,4.74493212836325,5.06259503302697
"77061",48,4.90527477843843,"unpaired",5.04985600724954,5.01063529409626,5.03020742514944,0.144581228811107,0.105360515657826,0.124932646711007,4.98360662170834,4.8283137373023,4.91998092582813
"77061",49,4.35670882668959,"paired",4.56434819146784,4.49980967033027,4.53196404781872,0.207639364778244,0.143100843640673,0.175255221129127,4.29045944114839,4.53259949315326,4.70048036579242
"77061",51,5.01063529409626,"unpaired",4.969813299576,5.08140436498446,5.02529909494185,0.0408219945202548,0.0707690708882076,0.0146638008455895,4.84418708645859,5.04342511691925,3.2188758248682
"77061",52,4.35670882668959,"unpaired",4.77068462446567,4.85203026391962,4.81118552723998,0.413975797776073,0.495321437230025,0.454476700550384,4.68213122712422,3.91202300542815,4.70048036579242
"77061",53,3.91202300542815,"paired",4.38202663467388,4.30406509320417,4.34287092552735,0.470003629245735,0.392042087776024,0.430847920099206,3.91202300542815,3.55534806148941,4.81218435537242
"77061",54,4.52178857704904,"paired",4.9272536851572,4.96284463025991,4.9450171378177,0.405465108108165,0.441056053210866,0.423228560768662,4.43081679884331,3.87120101090789,4.85981240436167
"77061",55,4.79579054559674,"unpaired",4.84418708645859,5.09375020080676,4.96740162906061,0.0483965408618499,0.297959655210021,0.171611083463866,4.78749174278205,4.43081679884331,4.99043258677874
"77061",57,4.15888308335967,"paired",4.43081679884331,4.33073334028633,4.38048924612896,0.271933715483642,0.17185025692666,0.221606162769292,4.38202663467388,4.60517018598809,4.48863636973214
"77061",58,4.79579054559674,"paired",4.90527477843843,4.93447393313069,4.91985269383626,0.109484232841688,0.13868338753395,0.124062148239514,4.9416424226093,4.40671924726425,4.99043258677874
"77061",59,4.90527477843843,"unpaired",4.91998092582813,5.04342511691925,4.98132064578111,0.0147061473896954,0.138150338480817,0.0760458673426854,4.70953020131233,4.82028156560504,4.84418708645859
"77061",60,5.01063529409626,"unpaired",5.04985600724954,4.99721227376411,5.02346518054707,0.0392207131532816,0.0134230203321408,0.0128298864508167,4.76217393479776,4.74493212836325,3.2188758248682
"77061",61,3.91202300542815,"paired",4.39444915467244,4.20469261939097,4.29852392420236,0.482426149244293,0.29266961396282,0.386500918774216,3.95124371858143,3.95124371858143,4.47733681447821
"77061",63,4.15888308335967,"unpaired",4.55387689160054,4.7361984483945,4.64414304992622,0.394993808240869,0.577315365034824,0.48525996656655,4.40671924726425,4.53259949315326,4.24849524204936
"77061",64,4.90527477843843,"unpaired",4.98360662170834,4.969813299576,4.97670518198749,0.0783318432699067,0.0645385211375711,0.0714304035490576,4.96284463025991,4.70953020131233,4.84418708645859
"77061",65,4.67282883446191,"paired",4.78749174278205,4.91265488573605,4.84966954550506,0.11466290832014,0.239826051274147,0.176840711043152,4.79579054559674,4.38202663467388,5.05624580534831
"77061",66,4.15888308335967,"paired",4.56434819146784,4.46590811865458,4.51485986987886,0.405465108108165,0.307025035294912,0.355976786519191,3.95124371858143,4.14313472639153,4.20469261939097
"77061",67,4.67282883446191,"unpaired",4.78749174278205,4.79579054559674,4.79163934756745,0.11466290832014,0.122961711134836,0.118810513105543,4.26267987704132,4.54329478227,4.78749174278205
"77061",69,4.79579054559674,"paired",4.99043258677874,5.01727983681492,5.00383820628016,0.194642041181995,0.221489291218183,0.208047660683423,4.39444915467244,4.77068462446567,4.88280192258637
"77061",70,4.52178857704904,"paired",4.85981240436167,4.97673374242057,4.91792561702806,0.338023827312631,0.454945165371534,0.396137039979016,4.29045944114839,4.31748811353631,4.82028156560504
"77061",71,4.67282883446191,"unpaired",4.94875989037817,4.969813299576,4.9592754228425,0.275931055916263,0.296984465114095,0.286446588380597,4.7361984483945,4.79579054559674,4.81218435537242
"77061",72,3.91202300542815,"unpaired",4.39444915467244,4.47733681447821,4.4356993788542,0.482426149244293,0.565313809050061,0.523676373426055,3.43398720448515,4.17438726989564,4.31748811353631
"77061",73,4.35670882668959,"paired",4.52178857704904,4.35670882668959,4.43848129499874,0.165079750359449,0,0.0817724683091514,4.52178857704904,3.8286413964891,4.75359019110636
"77061",75,4.52178857704904,"unpaired",4.83628190695148,4.87519732320115,4.85570062987989,0.314493329902438,0.353408746152111,0.333912052830853,4.40671924726425,4.43081679884331,4.85981240436167
"77061",76,4.15888308335967,"unpaired",4.48863636973214,4.55387689160054,4.52113895372847,0.329753286372468,0.394993808240869,0.362255870368794,3.68887945411394,4.24849524204936,4.43081679884331
"77061",77,4.90527477843843,"paired",4.969813299576,4.97673374242057,4.97327231725053,0.0645385211375711,0.0714589639821446,0.0679975388120955,4.66343909411207,4.70048036579242,5.04985600724954
"77061",78,4.15888308335967,"paired",4.69134788222914,4.70048036579242,4.69591190393516,0.532464798869472,0.541597282432745,0.537028820575487,4.40671924726425,4.8283137373023,4.20469261939097
"77061",79,3.91202300542815,"unpaired",4.24849524204936,4.4188406077966,4.33283086418087,0.336472236621213,0.506817602368452,0.420807858752724,4.31748811353631,3.89182029811063,4.40671924726425
"77061",81,4.79579054559674,"paired",5.06259503302697,5.10594547390058,5.0842240504403,0.266804487430226,0.310154928303839,0.288433504843562,4.89034912822175,4.9272536851572,5.08759633523238
"77061",82,4.15888308335967,"paired",4.56434819146784,4.45434729625351,4.50901231156274,0.405465108108165,0.295464212893836,0.350129228203066,4.48863636973214,4.00733318523247,4.56434819146784
"77061",83,4.79579054559674,"unpaired",5.08759633523238,4.93447393313069,5.01045022912067,0.291805789635642,0.13868338753395,0.214659683523934,4.54329478227,4.74493212836325,4.99043258677874
"77061",84,3.91202300542815,"unpaired",4.31748811353631,4.20469261939097,4.26071712336014,0.405465108108164,0.29266961396282,0.348694117931999,4.27666611901606,4.18965474202643,4.49980967033027
"77061",85,4.15888308335967,"paired",4.20469261939097,4.24849524204936,4.22653718636931,0.0458095360312942,0.0896121586896879,0.0676541030096356,3.40119738166216,4.07753744390572,4.48863636973214
"77061",87,3.91202300542815,"unpaired",4.20469261939097,4.48863636973214,4.34434531488262,0.29266961396282,0.576613364303994,0.432322309454476,3.52636052461616,3.8286413964891,4.24849524204936
"77061",88,4.90527477843843,"unpaired",4.91998092582813,4.83628190695148,4.87795189953006,0.0147061473896954,0.0689928714869517,0.0273228789083664,4.79579054559674,4.78749174278205,5.04985600724954
"77061",89,3.91202300542815,"paired",4.40671924726425,4.29045944114839,4.34820080020636,0.494696241836107,0.378436435720245,0.436177794778215,4.46590811865458,4.0943445622221,4.31748811353631
"77061",90,5.01063529409626,"paired",4.96284463025991,4.99043258677874,4.97661949178043,0.0477906638363486,0.0202027073175195,0.0340158023158255,4.9272536851572,4.77912349311153,4.969813299576
"77061",91,4.52178857704904,"unpaired",4.71849887129509,4.88280192258637,4.79994743309563,0.196710294246054,0.36101334553733,0.278158856046587,4.40671924726425,4.51085950651685,4.9272536851572
"77061",93,4.35670882668959,"paired",4.74493212836325,4.71849887129509,4.73169704144864,0.388223301673658,0.361790044605502,0.37498821475905,4.87519732320115,4.33073334028633,4.77068462446567
"77061",94,4.35670882668959,"paired",4.70048036579242,4.74493212836325,4.72265394734667,0.343771539102825,0.388223301673658,0.365945120657078,4.27666611901606,4.0943445622221,4.52178857704904
"77061",95,4.15888308335967,"unpaired",4.70953020131233,4.53259949315326,4.6202179822448,0.550647117952662,0.373716409793585,0.461334898885131,4.36944785246702,3.93182563272433,4.24849524204936
"77061",96,4.52178857704904,"unpaired",4.83628190695148,4.84418708645859,4.84023288284021,0.314493329902438,0.322398509409551,0.318444305791172,4.51085950651685,4.80402104473326,4.76217393479776
"77167",1,4.52178857704904,"paired",4.48863636973214,4.68213122712422,4.58436304342581,0.0331522073169008,0.160342650075179,0.0625744663767689,4.68213122712422,4.53259949315326,4.65396035015752
"77167",3,3.91202300542815,"unpaired",4.04305126783455,4.11087386417331,4.07682153012047,0.131028262406404,0.198850858745165,0.164798524692325,3.68887945411394,3.63758615972639,4.06044301054642
"77167",4,4.67282883446191,"unpaired",4.59511985013459,4.4188406077966,4.5061183064215,0.077708984327316,0.253988226665308,0.166710528040408,4.75359019110636,4.86753445045558,4.54329478227
"77167",5,3.91202300542815,"paired",3.80666248977032,3.97029191355212,3.88761640349936,0.105360515657826,0.058268908123976,0.0244066019287881,4.34380542185368,3.80666248977032,4.18965474202643
"77167",6,4.35670882668959,"paired",4.39444915467244,4.33073334028633,4.36247492443602,0.0377403279828474,0.0259754864032606,0.00576609774642378,4.33073334028633,4.60517018598809,4.23410650459726
"77167",7,3.91202300542815,"unpaired",4.23410650459726,3.91202300542815,4.06987985736894,0.322083499169114,0,0.157856851940795,4.14313472639153,4.51085950651685,3.63758615972639
"77167",9,4.90527477843843,"paired",4.88280192258637,4.9272536851572,4.90497744815981,0.022472855852059,0.0219789067187754,0.000297330278614893,4.83628190695148,4.44265125649032,4.62497281328427
"77167",10,3.91202300542815,"paired",4.18965474202643,3.98898404656427,4.08808829730423,0.277631736598279,0.0769610411361286,0.176065291876081,3.76120011569356,4.31748811353631,4.06044301054642
"77167",11,4.67282883446191,"unpaired",4.9272536851572,4.70048036579242,4.81253147567471,0.254424850695299,0.0276515313305108,0.139702641212801,4.49980967033027,4.87519732320115,4.59511985013459
"77167",12,4.52178857704904,"unpaired",4.66343909411207,4.70048036579242,4.68192309835847,0.141650517063026,0.178691788743376,0.160134521309426,4.77068462446567,4.60517018598809,4.69134788222914
"77167",13,4.67282883446191,"paired",4.85203026391962,4.82028156560504,4.83612986146252,0.179201429457711,0.147452731143131,0.163301027000611,4.70048036579242,4.69134788222914,4.72738781871234
"77167",15,4.79579054559674,"unpaired",4.86753445045558,4.72738781871234,4.79694935018564,0.0717439048588409,0.0684027268844005,0.00115880458889439,4.85203026391962,4.69134788222914,4.52178857704904
"77167",16,4.15888308335967,"unpaired",4.21950770517611,4.45434729625351,4.3353376729007,0.0606246218164355,0.295464212893836,0.176454589541025,4.53259949315326,4.0943445622221,4.06044301054642
"77167",17,4.52178857704904,"paired",4.4188406077966,4.4188406077966,4.4188406077966,0.102947969252442,0.102947969252442,0.102947969252442,4.47733681447821,4.35670882668959,4.48863636973214
"77167",18,4.67282883446191,"paired",4.65396035015752,4.66343909411207,4.65869731141358,0.0188684843043827,0.00938974034983886,0.0141315230483299,4.65396035015752,4.4188406077966,4.67282883446191
"77167",19,4.90527477843843,"unpaired",4.7361984483945,4.70953020131233,4.72284550161473,0.169076330043934,0.195744577126096,0.182429276823699,4.67282883446191,5.08759633523238,4.45434729625351
"77167",21,4.52178857704904,"paired",4.69134788222914,4.77068462446567,4.73084994580996,0.169559305180103,0.248896047416625,0.209061368760922,4.14313472639153,4.36944785246702,4.75359019110636
"77167",22,4.52178857704904,"paired",4.65396035015752,4.57471097850338,4.61416552665648,0.132171773108483,0.0529224014543423,0.0923769496074396,4.65396035015752,4.23410650459726,4.69134788222914
"77167",23,5.01063529409626,"unpaired",4.85203026391962,4.74493212836325,4.79818239410123,0.158605030176639,0.265703165733005,0.212452899995025,5.06890420222023,4.84418708645859,4.80402104473326
"77167",24,4.67282883446191,"unpaired",4.67282883446191,4.74493212836325,4.70874247193245,0,0.0721032939013444,0.0359136374705411,4.46590811865458,4.4188406077966,4.65396035015752
"77167",25,4.67282883446191,"paired",4.72738781871234,4.76217393479776,4.74474899757114,0.054558984250435,0.0893451003358505,0.0719201631092341,4.52178857704904,4.38202663467388,4.52178857704904
"77167",27,4.79579054559674,"unpaired",4.93447393313069,4.70953020131233,4.82069020117114,0.13868338753395,0.0862603442844074,0.0248996555743979,4.89034912822175,4.7361984483945,4.33073334028633
"77167",28,5.01063529409626,"unpaired",4.80402104473326,4.88280192258637,4.84325130396606,0.206614249362999,0.127833371509885,0.167383990130197,4.969813299576,4.98360662170834,4.82028156560504
"77167",29,4.15888308335967,"paired",4.07753744390572,4.14313472639153,4.11020522383099,0.0813456394539518,0.0157483569681389,0.0486778595286825,4.53259949315326,4.74493212836325,4.44265125649032
"77167",30,4.67282883446191,"paired",4.79579054559674,4.7361984483945,4.76590135660405,0.122961711134836,0.0633696139325899,0.0930725221421396,4.80402104473326,4.44265125649032,4.54329478227
"77167",31,5.01063529409626,"unpaired",4.72738781871234,4.76217393479776,4.74474899757114,0.283247475383915,0.248461359298499,0.265886296525116,4.82028156560504,4.9416424226093,4.82028156560504
"77167",33,4.79579054559674,"paired",4.7361984483945,4.77068462446567,4.75341026171461,0.0595920972022457,0.0251059211310762,0.0423802838821308,3.89182029811063,4.23410650459726,4.93447393313069
"77167",34,3.91202300542815,"paired",4.18965474202643,4.30406509320417,4.24647462346512,0.277631736598279,0.392042087776024,0.334451618036977,4.45434729625351,3.58351893845611,4.04305126783455
"77167",35,4.35670882668959,"unpaired",4.74493212836325,4.72738781871234,4.73615184978704,0.388223301673658,0.370678992022749,0.379443023097453,4.0943445622221,4.74493212836325,4.23410650459726
"77167",36,3.91202300542815,"unpaired",3.63758615972639,4.11087386417331,3.86699597526268,0.27443684570176,0.198850858745165,0.0450270301654663,3.71357206670431,4.48863636973214,4.18965474202643
"77167",37,4.90527477843843,"paired",4.02535169073515,4.34380542185368,4.18154809838213,0.87992308770328,0.561469356584746,0.723726680056296,4.60517018598809,4.89783979995091,4.7361984483945
"77167",39,4.35670882668959,"unpaired",4.0943445622221,4.43081679884331,4.25925940352856,0.262364264467491,0.0741079721537217,0.0974494231610334,3.91202300542815,4.65396035015752,4.31748811353631
"77167",40,4.79579054559674,"unpaired",4.33073334028633,4.48863636973214,4.40897801977066,0.46505720531041,0.307154175864602,0.386812525826085,4.38202663467388,4.79579054559674,4.56434819146784
"77167",41,3.91202300542815,"paired",3.8286413964891,4.0943445622221,3.95926471486987,0.0833816089390509,0.182321556793954,0.0472417094417192,3.29583686600433,3.8286413964891,3.85014760171006
"77167",42,4.35670882668959,"paired",4.53259949315326,4.47733681447821,4.50488341424951,0.175890666463665,0.120627987788615,0.148174587559919,4.70048036579242,4.56434819146784,4.56434819146784
"77167",43,4.15888308335967,"unpaired",4.06044301054642,4.26267987704132,4.16033276468713,0.0984400728132524,0.103796793681644,0.00144968132746115,4.29045944114839,4.38202663467388,4.07753744390572
"77167",45,4.79579054559674,"paired",4.70048036579242,4.9416424226093,4.81955321396516,0.0953101798043248,0.145851877012563,0.0237626683684189,4.7361984483945,4.9416424226093,4.33073334028633
"77167",46,4.67282883446191,"paired",4.76217393479776,4.71849887129509,4.74028610278474,0.0893451003358505,0.0456700368331884,0.0674572683228334,4.72738781871234,4.54329478227,4.59511985013459
"77167",47,4.79579054559674,"unpaired",4.82028156560504,4.44265125649032,4.62761601195176,0.0244910200082957,0.353139289106425,0.168174533644979,4.88280192258637,4.61512051684126,4.70953020131233
"77167",48,4.90527477843843,"unpaired",4.82028156560504,4.80402104473326,4.81214443701624,0.0849932128333926,0.101253733705173,0.0931303414221869,4.60517018598809,4.74493212836325,4.45434729625351
"77167",49,4.35670882668959,"paired",4.31748811353631,4.43081679884331,4.37378541566262,0.0392207131532816,0.0741079721537217,0.0170765889730244,4.24849524204936,4.78749174278205,4.23410650459726
"77167",51,5.01063529409626,"unpaired",4.95582705760126,4.54329478227,4.74507989528441,0.0548082364949947,0.467340511826252,0.265555398811844,4.85981240436167,5.01063529409626,4.82028156560504
"77167",52,4.35670882668959,"unpaired",4.56434819146784,4.40671924726425,4.48484124875754,0.207639364778244,0.0500104205746617,0.128132422067949,4.33073334028633,3.76120011569356,4.74493212836325
"77167",53,3.91202300542815,"paired",3.85014760171006,3.95124371858143,3.90036812709624,0.0618754037180875,0.0392207131532816,0.0116548783319077,3.29583686600433,4.29045944114839,3.63758615972639
"77167",54,4.52178857704904,"paired",4.49980967033027,4.39444915467244,4.44681737897675,0.0219789067187754,0.127339422376601,0.0749711980722862,4.77912349311153,4.15888308335967,4.4188406077966
"77167",55,4.79579054559674,"unpaired",4.52178857704904,4.43081679884331,4.47607157985735,0.274001968547701,0.364973746753428,0.31971896573939,4.48863636973214,4.79579054559674,4.70953020131233
"77167",57,4.15888308335967,"paired",4.45434729625351,4.49980967033027,4.47702077711183,0.295464212893836,0.340926586970594,0.318137693752157,4.4188406077966,4.14313472639153,4.34380542185368
"77167",58,4.79579054559674,"paired",4.55387689160054,4.52178857704904,4.53780437102867,0.241913653996201,0.274001968547701,0.257986174568071,4.57471097850338,5.00394630594546,4.7361984483945
"77167",59,4.90527477843843,"unpaired",4.74493212836325,4.70953020131233,4.72719802438019,0.160342650075179,0.195744577126096,0.178076754058243,4.70048036579242,4.53259949315326,4.82028156560504
"77167",60,5.01063529409626,"unpaired",4.82028156560504,4.69134788222914,4.75537776780661,0.190353728491218,0.319287411867112,0.255257526289646,4.70048036579242,5.06259503302697,4.85203026391962
"77167",61,3.91202300542815,"paired",3.8286413964891,4.00733318523247,3.91696843521945,0.0833816089390509,0.0953101798043252,0.00494542979130852,4.40671924726425,4.40671924726425,4.06044301054642
"77167",63,4.15888308335967,"unpaired",4.34380542185368,4.26267987704132,4.30305147093533,0.184922338494013,0.103796793681644,0.144168387575654,4.49980967033027,4.04305126783455,4.44265125649032
"77167",64,4.90527477843843,"unpaired",4.45434729625351,4.70953020131233,4.58016190967523,0.450927482184922,0.195744577126096,0.325112868763203,4.4188406077966,4.83628190695148,4.68213122712422
"77167",65,4.67282883446191,"paired",4.64439089914137,4.68213122712422,4.66322288335453,0.0284379353205333,0.00930239266231414,0.00960595110737295,4.63472898822964,4.98360662170834,4.85203026391962
"77167",66,4.15888308335967,"paired",4.44265125649032,4.4188406077966,4.4307299374322,0.283768173130645,0.259957524436927,0.271846854072534,4.43081679884331,4.36944785246702,4.44265125649032
"77167",67,4.67282883446191,"unpaired",4.52178857704904,4.70048036579242,4.61026880178189,0.151040257412865,0.0276515313305108,0.0625600326800138,4.62497281328427,4.53259949315326,4.85203026391962
"77167",69,4.79579054559674,"paired",4.77068462446567,4.76217393479776,4.76642738010041,0.0251059211310762,0.033616610798985,0.0293631654963358,4.95582705760126,4.75359019110636,4.7361984483945
"77167",70,4.52178857704904,"paired",4.46590811865458,4.70048036579242,4.58169329256868,0.0558804583944568,0.178691788743376,0.0599047155196386,4.65396035015752,4.21950770517611,4.4188406077966
"77167",71,4.67282883446191,"unpaired",4.54329478227,4.7361984483945,4.63874397853406,0.129534052191902,0.0633696139325899,0.034084855927845,4.44265125649032,4.74493212836325,4.67282883446191
"77167",72,3.91202300542815,"unpaired",3.76120011569356,4.36944785246702,4.0539323832812,0.150822889734584,0.457424847038876,0.141909377853049,4.39444915467244,4.21950770517611,4.04305126783455
"77167",73,4.35670882668959,"paired",4.23410650459726,4.0943445622221,4.16363914658403,0.122602322092332,0.262364264467491,0.193069680105559,4.00733318523247,4.04305126783455,4.31748811353631
"77167",75,4.52178857704904,"unpaired",4.54329478227,4.69134788222914,4.61672788402621,0.0215062052209634,0.169559305180103,0.0949393069771665,4.57471097850338,4.75359019110636,4.69134788222914
"77167",76,4.15888308335967,"unpaired",4.29045944114839,4.40671924726425,4.34820080020636,0.131576357788719,0.247836163904582,0.18931771684669,3.68887945411394,4.26267987704132,4.07753744390572
"77167",77,4.90527477843843,"paired",4.62497281328427,4.68213122712422,4.65346426156673,0.280301965154159,0.22314355131421,0.251810516871695,3.76120011569356,4.96284463025991,4.68213122712422
"77167",78,4.15888308335967,"paired",4.45434729625351,4.56434819146784,4.50901231156274,0.295464212893836,0.405465108108165,0.350129228203066,4.72738781871234,4.02535169073515,4.29045944114839
"77167",79,3.91202300542815,"unpaired",4.38202663467388,4.0943445622221,4.23574396336575,0.470003629245735,0.182321556793954,0.323720957937607,3.80666248977032,4.69134788222914,3.63758615972639
"77167",81,4.79579054559674,"paired",4.70953020131233,4.81218435537242,4.76058059021262,0.0862603442844074,0.0163938097756757,0.035209955384123,4.72738781871234,4.75359019110636,4.55387689160054
"77167",82,4.15888308335967,"paired",4.46590811865458,4.46590811865458,4.46590811865458,0.307025035294912,0.307025035294912,0.307025035294912,4.23410650459726,4.11087386417331,4.21950770517611
"77167",83,4.79579054559674,"unpaired",4.56434819146784,4.75359019110636,4.65800824298923,0.231442354128905,0.0422003544903768,0.137782302607516,4.49980967033027,4.95582705760126,4.52178857704904
"77167",84,3.91202300542815,"unpaired",4.26267987704132,4.34380542185368,4.30305147093533,0.35065687161317,0.431782416425538,0.391028465507179,4.18965474202643,4.40671924726425,3.85014760171006
"77167",85,4.15888308335967,"paired",3.97029191355212,4.0943445622221,4.03184115593441,0.18859116980755,0.0645385211375711,0.127041927425263,3.78418963391826,4.14313472639153,4.45434729625351
"77167",87,3.91202300542815,"unpaired",4.06044301054642,3.97029191355212,4.01511445044991,0.148420005118273,0.058268908123976,0.103091445021764,3.61091791264422,4.27666611901606,3.80666248977032
"77167",88,4.90527477843843,"unpaired",4.68213122712422,4.82028156560504,4.75070424693546,0.22314355131421,0.0849932128333926,0.154570531502975,4.82028156560504,4.79579054559674,4.7361984483945
"77167",89,3.91202300542815,"paired",3.71357206670431,3.97029191355212,3.83978712259276,0.198450938723838,0.058268908123976,0.0722358828353902,3.78418963391826,3.43398720448515,4.04305126783455
"77167",90,5.01063529409626,"paired",4.76217393479776,4.81218435537242,4.78711383890085,0.248461359298499,0.198450938723838,0.223521455195402,5.0998664278242,4.99721227376411,4.80402104473326
"77167",91,4.52178857704904,"unpaired",4.75359019110636,4.56434819146784,4.65800824298923,0.231801614057324,0.0425596144187956,0.136219665940185,4.36944785246702,4.60517018598809,4.48863636973214
"77167",93,4.35670882668959,"paired",4.75359019110636,4.68213122712422,4.71772541324,0.396881364416773,0.325422400434628,0.361016586550404,4.45434729625351,4.31748811353631,4.39444915467244
"77167",94,4.35670882668959,"paired",4.70048036579242,4.66343909411207,4.68192309835847,0.343771539102825,0.306730267422475,0.325214271668875,4.48863636973214,4.48863636973214,4.0943445622221
"77167",95,4.15888308335967,"unpaired",4.44265125649032,4.43081679884331,4.43673008178993,0.283768173130645,0.271933715483642,0.277846998430254,3.58351893845611,4.84418708645859,4.44265125649032
"77167",96,4.52178857704904,"unpaired",4.69134788222914,4.74493212836325,4.71806393467892,0.169559305180103,0.22314355131421,0.196275357629882,4.65396035015752,3.98898404656427,4.4188406077966
"77271",1,4.52178857704904,"paired",4.53259949315326,4.46590811865458,4.49913023539915,0.0108109161042158,0.0558804583944568,0.022658341649894,4.78749174278205,4.80402104473326,4.81218435537242
"77271",3,3.91202300542815,"unpaired",4.54329478227,4.70953020131233,4.62566578889627,0.631271776841858,0.797507195884188,0.713642783468121,4.53259949315326,3.80666248977032,4.69134788222914
"77271",4,4.67282883446191,"unpaired",4.67282883446191,4.75359019110636,4.71303652778303,0,0.0807613566444587,0.040207693321122,4.52178857704904,4.69134788222914,4.77068462446567
"77271",5,3.91202300542815,"paired",4.56434819146784,4.60517018598809,4.58471375440347,0.65232518603969,0.693147180559946,0.672690748975322,4.57471097850338,3.89182029811063,3.80666248977032
"77271",6,4.35670882668959,"paired",4.77068462446567,4.77912349311153,4.77490219449674,0.413975797776073,0.422414666421938,0.418193367807151,4.39444915467244,4.38202663467388,4.68213122712422
"77271",7,3.91202300542815,"unpaired",4.70048036579242,4.72738781871234,4.71391489351936,0.788457360364271,0.815364813284195,0.801891888091209,3.46573590279973,3.89182029811063,4.53259949315326
"77271",9,4.90527477843843,"paired",4.81218435537242,4.86753445045558,4.83978027721493,0.0930904230660126,0.0377403279828474,0.0654945012235002,4.38202663467388,4.70048036579242,4.8283137373023
"77271",10,3.91202300542815,"paired",4.53259949315326,4.62497281328427,4.57855320263289,0.62057648772511,0.712949807856125,0.666530197204742,3.80666248977032,3.68887945411394,4.27666611901606
"77271",11,4.67282883446191,"unpaired",4.85203026391962,4.69134788222914,4.77101267061313,0.179201429457711,0.0185190477672377,0.0981838361512208,4.90527477843843,4.76217393479776,4.68213122712422
"77271",12,4.52178857704904,"unpaired",4.81218435537242,4.70953020131233,4.76058059021262,0.290395778323377,0.187741624263293,0.238792013163578,4.63472898822964,4.60517018598809,4.35670882668959
"77271",13,4.67282883446191,"paired",4.84418708645859,4.83628190695148,4.84023288284021,0.171358251996685,0.163453072489572,0.167404048378307,4.78749174278205,4.79579054559674,4.87519732320115
"77271",15,4.79579054559674,"unpaired",4.9416424226093,4.86753445045558,4.90444846378097,0.145851877012563,0.0717439048588409,0.108657918184234,4.71849887129509,4.80402104473326,4.78749174278205
"77271",16,4.15888308335967,"unpaired",4.57471097850338,4.72738781871234,4.65042287904084,0.415827895143711,0.568504735352669,0.491539795681169,3.80666248977032,4.49980967033027,4.62497281328427
"77271",17,4.52178857704904,"paired",4.69134788222914,4.71849887129509,4.70490379148722,0.169559305180103,0.196710294246054,0.183115214438183,4.33073334028633,4.74493212836325,4.56434819146784
"77271",18,4.67282883446191,"paired",4.87519732320115,4.74493212836325,4.80962372862656,0.202368488739245,0.0721032939013444,0.136794894164654,4.48863636973214,4.38202663467388,4.72738781871234
"77271",19,4.90527477843843,"unpaired",4.84418708645859,4.72738781871234,4.78543112207124,0.0610876919798384,0.177886959726089,0.119843656367194,4.70048036579242,4.87519732320115,4.65396035015752
"77271",21,4.52178857704904,"paired",4.79579054559674,4.75359019110636,4.77464374546932,0.274001968547701,0.231801614057324,0.252855168420282,4.83628190695148,4.33073334028633,4.35670882668959
"77271",22,4.52178857704904,"paired",4.61512051684126,4.61512051684126,4.61512051684126,0.0933319397922192,0.0933319397922192,0.0933319397922192,4.77068462446567,4.4188406077966,4.81218435537242
"77271",23,5.01063529409626,"unpaired",4.89783979995091,4.69134788222914,4.79348207183435,0.112795494145344,0.319287411867112,0.217153222261907,4.77912349311153,4.67282883446191,4.90527477843843
"77271",24,4.67282883446191,"unpaired",4.90527477843843,4.70048036579242,4.80178589535879,0.232445943976524,0.0276515313305108,0.128957060896881,4.52178857704904,4.77912349311153,4.87519732320115
"77271",25,4.67282883446191,"paired",4.72738781871234,4.72738781871234,4.72738781871234,0.054558984250435,0.054558984250435,0.054558984250435,4.39444915467244,4.53259949315326,4.85203026391962
"77271",27,4.79579054559674,"unpaired",4.7361984483945,4.64439089914137,4.69007003894941,0.0595920972022457,0.151399646455369,0.105720506647335,4.71849887129509,4.7361984483945,4.55387689160054
"77271",28,5.01063529409626,"unpaired",4.90527477843843,4.70048036579242,4.80178589535879,0.105360515657826,0.310154928303839,0.208849398737469,4.30406509320417,5.02388052084628,4.72738781871234
"77271",29,4.15888308335967,"paired",4.56434819146784,4.60517018598809,4.58471375440347,0.405465108108165,0.44628710262842,0.425830671043797,4.84418708645859,4.00733318523247,4.4188406077966
"77271",30,4.67282883446191,"paired",4.68213122712422,4.66343909411207,4.67277581404608,0.00930239266231414,0.00938974034983886,5.30204158266656e-05,4.76217393479776,4.67282883446191,4.72738781871234
"77271",31,5.01063529409626,"unpaired",4.71849887129509,4.7361984483945,4.72734037625587,0.292136422801161,0.27443684570176,0.283294917840384,4.68213122712422,4.70048036579242,4.93447393313069
"77271",33,4.79579054559674,"paired",4.78749174278205,4.82028156560504,4.80385867748195,0.00829880281469553,0.0244910200082957,0.00806813188520827,4.9272536851572,4.49980967033027,4.9416424226093
"77271",34,3.91202300542815,"paired",4.30406509320417,4.24849524204936,4.27618990106247,0.392042087776024,0.336472236621213,0.364166895634324,4.51085950651685,4.39444915467244,4.69134788222914
"77271",35,4.35670882668959,"unpaired",4.75359019110636,4.70953020131233,4.73150891045103,0.396881364416773,0.352821374622742,0.374800083761438,4.74493212836325,4.12713438504509,4.53259949315326
"77271",36,3.91202300542815,"unpaired",4.69134788222914,4.45434729625351,4.57131192930345,0.779324876800997,0.542324290825361,0.659288923875302,3.91202300542815,4.27666611901606,4.17438726989564
"77271",37,4.90527477843843,"paired",4.68213122712422,4.77068462446567,4.7262005305501,0.22314355131421,0.134590153972765,0.179074247888327,4.60517018598809,4.85981240436167,4.8283137373023
"77271",39,4.35670882668959,"unpaired",4.77912349311153,4.60517018598809,4.69134064267694,0.422414666421938,0.2484613592985,0.334631815987349,4.4188406077966,4.24849524204936,4.75359019110636
"77271",40,4.79579054559674,"unpaired",4.84418708645859,4.64439089914137,4.74323712437892,0.0483965408618499,0.151399646455369,0.0525534212178176,4.64439089914137,4.85981240436167,4.78749174278205
"77271",41,3.91202300542815,"paired",4.49980967033027,4.56434819146784,4.53196404781872,0.587786664902119,0.65232518603969,0.619941042390572,3.43398720448515,3.87120101090789,4.59511985013459
"77271",42,4.35670882668959,"paired",4.53259949315326,4.45434729625351,4.49330304979836,0.175890666463665,0.0976384695639156,0.136594223108767,5.03695260241363,4.53259949315326,4.39444915467244
"77271",43,4.15888308335967,"unpaired",4.62497281328427,4.06044301054642,4.33352495477611,0.466089729924599,0.0984400728132524,0.174641871416442,4.57471097850338,4.39444915467244,4.43081679884331
"77271",45,4.79579054559674,"paired",4.78749174278205,4.89034912822175,4.83864713227603,0.00829880281469553,0.0945585826250124,0.0428565866792869,4.71849887129509,4.06044301054642,4.55387689160054
"77271",46,4.67282883446191,"paired",4.52178857704904,4.45434729625351,4.48794125656836,0.151040257412865,0.218481538208398,0.184887577893546,4.68213122712422,4.77912349311153,4.67282883446191
"77271",47,4.79579054559674,"unpaired",4.84418708645859,4.55387689160054,4.69678950258722,0.0483965408618499,0.241913653996201,0.099001043009519,4.88280192258637,4.86753445045558,4.81218435537242
"77271",48,4.90527477843843,"unpaired",4.96284463025991,4.63472898822964,4.79598163799085,0.0575698518214773,0.270545790208794,0.109293140447581,4.80402104473326,4.49980967033027,4.65396035015752
"77271",49,4.35670882668959,"paired",4.64439089914137,4.66343909411207,4.65390525122656,0.287682072451781,0.306730267422475,0.29719642453697,4.94875989037817,4.48863636973214,4.77068462446567
"77271",51,5.01063529409626,"unpaired",4.93447393313069,4.54329478227,4.73484631996013,0.076161360965564,0.467340511826252,0.275788974136123,4.99043258677874,4.969813299576,4.90527477843843
"77271",52,4.35670882668959,"unpaired",4.68213122712422,4.48863636973214,4.58436304342581,0.325422400434628,0.131927543042548,0.227654216736218,4.61512051684126,4.56434819146784,4.75359019110636
"77271",53,3.91202300542815,"paired",4.59511985013459,4.59511985013459,4.59511985013459,0.683096844706444,0.683096844706444,0.683096844706445,4.18965474202643,3.66356164612965,4.56434819146784
"77271",54,4.52178857704904,"paired",4.35670882668959,4.44265125649032,4.399470188904,0.165079750359449,0.0791373205587238,0.122318388145044,4.72738781871234,4.47733681447821,4.68213122712422
"77271",55,4.79579054559674,"unpaired",4.78749174278205,4.34380542185368,4.56025575920654,0.00829880281469553,0.451985123743057,0.235534786390203,4.06044301054642,4.89034912822175,4.7361984483945
"77271",57,4.15888308335967,"paired",4.74493212836325,4.66343909411207,4.70400913969324,0.586049045003579,0.504556010752395,0.54512605633357,4.35670882668959,4.0943445622221,4.67282883446191
"77271",58,4.79579054559674,"paired",4.55387689160054,4.56434819146784,4.55910953524305,0.241913653996201,0.231442354128905,0.236681010353691,4.66343909411207,4.76217393479776,4.81218435537242
"77271",59,4.90527477843843,"unpaired",4.8283137373023,4.66343909411207,4.7451603809749,0.0769610411361281,0.241835684326363,0.160114397463525,4.77912349311153,4.63472898822964,4.84418708645859
"77271",60,5.01063529409626,"unpaired",4.84418708645859,4.76217393479776,4.80300546308423,0.166448207637664,0.248461359298499,0.207629831012023,5.0998664278242,4.54329478227,4.89783979995091
"77271",61,3.91202300542815,"paired",4.38202663467388,4.35670882668959,4.36934939299578,0.470003629245735,0.444685821261446,0.457326387567634,3.89182029811063,4.36944785246702,4.49980967033027
"77271",63,4.15888308335967,"unpaired",4.49980967033027,4.46590811865458,4.48282684688226,0.340926586970594,0.307025035294912,0.323943763522586,4.24849524204936,3.52636052461616,4.57471097850338
"77271",64,4.90527477843843,"unpaired",4.77912349311153,4.68213122712422,4.73037877398634,0.1261512853269,0.22314355131421,0.174896004452093,4.53259949315326,4.98360662170834,4.65396035015752
"77271",65,4.67282883446191,"paired",4.77068462446567,4.77068462446567,4.77068462446567,0.0978557900037593,0.0978557900037593,0.0978557900037593,4.70953020131233,4.64439089914137,4.67282883446191
"77271",66,4.15888308335967,"paired",4.43081679884331,4.29045944114839,4.36007336711163,0.271933715483642,0.131576357788719,0.201190283751963,4.46590811865458,4.35670882668959,4.62497281328427
"77271",67,4.67282883446191,"unpaired",4.70953020131233,4.38202663467388,4.54282805958488,0.0367013668504281,0.290802199788025,0.13000077487703,4.74493212836325,4.7361984483945,4.77912349311153
"77271",69,4.79579054559674,"paired",4.81218435537242,4.70953020131233,4.76058059021262,0.0163938097756757,0.0862603442844074,0.035209955384123,4.9272536851572,4.56434819146784,4.78749174278205
"77271",70,4.52178857704904,"paired",4.68213122712422,4.66343909411207,4.67277581404608,0.160342650075179,0.141650517063026,0.150987236997039,4.77068462446567,4.65396035015752,4.81218435537242
"77271",71,4.67282883446191,"unpaired",4.77912349311153,4.64439089914137,4.71127558706556,0.106294658649624,0.0284379353205333,0.0384467526036518,4.33073334028633,4.79579054559674,4.67282883446191
"77271",72,3.91202300542815,"unpaired",4.07753744390572,4.0943445622221,4.08593236125029,0.165514438477574,0.182321556793954,0.173909355822147,4.23410650459726,3.66356164612965,4.59511985013459
"77271",73,4.35670882668959,"paired",4.39444915467244,4.55387689160054,4.4734528562148,0.0377403279828474,0.197168064910949,0.116744029525208,4.34380542185368,4.40671924726425,4.53259949315326
"77271",75,4.52178857704904,"unpaired",4.56434819146784,4.67282883446191,4.61827000505763,0.0425596144187956,0.151040257412865,0.0964814280085848,4.0943445622221,4.54329478227,4.53259949315326
"77271",76,4.15888308335967,"unpaired",4.54329478227,4.67282883446191,4.60760663056772,0.384411698910332,0.513945751102234,0.448723547208046,4.04305126783455,4.4188406077966,4.4188406077966
"77271",77,4.90527477843843,"paired",4.65396035015752,4.74493212836325,4.6992261053913,0.251314428280907,0.160342650075179,0.206048673047127,4.35670882668959,4.49980967033027,4.65396035015752
"77271",78,4.15888308335967,"paired",4.67282883446191,4.66343909411207,4.66813160340663,0.513945751102234,0.504556010752395,0.509248520046961,4.36944785246702,4.74493212836325,4.49980967033027
"77271",79,3.91202300542815,"unpaired",3.80666248977032,4.70048036579242,4.23002863966237,0.105360515657826,0.788457360364271,0.318005634234221,3.71357206670431,4.31748811353631,4.49980967033027
"77271",81,4.79579054559674,"paired",4.74493212836325,4.8283137373023,4.78644136890272,0.0508584172334912,0.0325231917055602,0.00934917669402324,4.49980967033027,4.59511985013459,4.78749174278205
"77271",82,4.15888308335967,"paired",4.69134788222914,4.68213122712422,4.68673728906242,0.532464798869472,0.523248143764548,0.527854205702748,4.80402104473326,3.71357206670431,4.4188406077966
"77271",83,4.79579054559674,"unpaired",4.70048036579242,4.75359019110636,4.72696068952545,0.0953101798043248,0.0422003544903768,0.0688298560712939,4.65396035015752,4.85203026391962,4.74493212836325
"77271",84,3.91202300542815,"unpaired",4.27666611901606,4.31748811353631,4.29702864016698,0.364643113587909,0.405465108108164,0.385005634738834,4.24849524204936,3.29583686600433,4.56434819146784
"77271",85,4.15888308335967,"paired",4.43081679884331,4.44265125649032,4.43673008178993,0.271933715483642,0.283768173130645,0.277846998430254,4.31748811353631,4.24849524204936,4.54329478227
"77271",87,3.91202300542815,"unpaired",4.57471097850338,4.43081679884331,4.50218905127336,0.662687973075237,0.518793793415167,0.590166045845213,4.30406509320417,4.81218435537242,4.38202663467388
"77271",88,4.90527477843843,"unpaired",4.65396035015752,4.74493212836325,4.6992261053913,0.251314428280907,0.160342650075179,0.206048673047127,5.01727983681492,4.81218435537242,4.8283137373023
"77271",89,3.91202300542815,"paired",4.17438726989564,4.40671924726425,4.28898038323609,0.262364264467491,0.494696241836107,0.376957377807942,3.29583686600433,4.21950770517611,4.27666611901606
"77271",90,5.01063529409626,"paired",4.72738781871234,4.78749174278205,4.75734486315778,0.283247475383915,0.22314355131421,0.253290430938471,4.81218435537242,5.11198778835654,4.84418708645859
"77271",91,4.52178857704904,"unpaired",4.70048036579242,4.72738781871234,4.71391489351936,0.178691788743376,0.2055992416633,0.192126316470315,4.61512051684126,4.66343909411207,4.79579054559674
"77271",93,4.35670882668959,"paired",4.75359019110636,4.61512051684126,4.68384368010188,0.396881364416773,0.258411690151668,0.327134853412291,4.11087386417331,4.85203026391962,4.64439089914137
"77271",94,4.35670882668959,"paired",4.77068462446567,4.8283137373023,4.79941268371917,0.413975797776073,0.47160491061271,0.442703857029578,4.65396035015752,4.38202663467388,4.75359019110636
"77271",95,4.15888308335967,"unpaired",4.4188406077966,4.70048036579242,4.55748543788284,0.259957524436927,0.541597282432745,0.398602354523169,4.56434819146784,3.91202300542815,4.57471097850338
"77271",96,4.52178857704904,"unpaired",4.68213122712422,4.52178857704904,4.60126151170034,0.160342650075179,0,0.0794729346513003,4.89034912822175,4.64439089914137,4.35670882668959
"77277",1,4.52178857704904,"paired",4.46590811865458,4.70953020131233,4.58610173906878,0.0558804583944568,0.187741624263293,0.064313162019741,4.21950770517611,4.83628190695148,4.0943445622221
"77277",3,3.91202300542815,"unpaired",4.06044301054642,3.66356164612965,3.8569007350116,0.148420005118273,0.2484613592985,0.0551222704165415,4.29045944114839,4.27666611901606,3.8286413964891
"77277",4,4.67282883446191,"unpaired",4.69134788222914,4.33073334028633,4.50743571051784,0.0185190477672377,0.342095494175575,0.16539312394407,4.48863636973214,4.68213122712422,4.72738781871234
"77277",5,3.91202300542815,"paired",3.98898404656427,3.76120011569356,3.87341803287966,0.0769610411361286,0.150822889734584,0.0386049725484874,4.15888308335967,3.68887945411394,3.91202300542815
"77277",6,4.35670882668959,"paired",4.07753744390572,4.23410650459726,4.15508457362544,0.279171382783872,0.122602322092332,0.201624253064153,4.57471097850338,4.88280192258637,3.8286413964891
"77277",7,3.91202300542815,"unpaired",3.71357206670431,3.71357206670431,3.71357206670431,0.198450938723838,0.198450938723838,0.198450938723838,4.0943445622221,4.24849524204936,3.68887945411394
"77277",9,4.90527477843843,"paired",4.9416424226093,4.90527477843843,4.92342502123134,0.0363676441708742,0,0.0181502427929079,4.60517018598809,4.74493212836325,4.74493212836325
"77277",10,3.91202300542815,"paired",3.66356164612965,3.80666248977032,3.73442668923664,0.2484613592985,0.105360515657826,0.177596316191506,4.07753744390572,4.18965474202643,3.58351893845611
"77277",11,4.67282883446191,"unpaired",4.90527477843843,4.70048036579242,4.80178589535879,0.232445943976524,0.0276515313305108,0.128957060896881,4.54329478227,4.70953020131233,4.06044301054642
"77277",12,4.52178857704904,"unpaired",4.45434729625351,4.51085950651685,4.48251434427518,0.0674412807955331,0.0109290705321907,0.0392742327738587,4.63472898822964,4.65396035015752,4.23410650459726
"77277",13,4.67282883446191,"paired",4.72738781871234,4.59511985013459,4.66078465551129,0.054558984250435,0.077708984327316,0.0120441789506112,4.4188406077966,4.78749174278205,4.90527477843843
"77277",15,4.79579054559674,"unpaired",4.85203026391962,4.84418708645859,4.84810708912104,0.0562397183228756,0.0483965408618499,0.0523165435242978,4.70953020131233,4.67282883446191,4.7361984483945
"77277",16,4.15888308335967,"unpaired",3.76120011569356,3.97029191355212,3.86433207742159,0.397682967666109,0.18859116980755,0.294551005938082,4.18965474202643,4.18965474202643,3.89182029811063
"77277",17,4.52178857704904,"paired",3.98898404656427,4.35670882668959,4.16879383097684,0.532804530484766,0.165079750359449,0.352994746072203,3.91202300542815,4.54329478227,4.12713438504509
"77277",18,4.67282883446191,"paired",4.20469261939097,4.48863636973214,4.34434531488262,0.46813621507094,0.184192464729766,0.328483519579284,4.76217393479776,4.77912349311153,4.40671924726425
"77277",19,4.90527477843843,"unpaired",4.67282883446191,4.66343909411207,4.66813160340663,0.232445943976524,0.241835684326363,0.237143175031797,5.04342511691925,4.56434819146784,4.74493212836325
"77277",21,4.52178857704904,"paired",4.47733681447821,4.31748811353631,4.39668607894721,0.0444517625708336,0.20430046351273,0.125102498101832,4.89783979995091,4.43081679884331,4.12713438504509
"77277",22,4.52178857704904,"paired",4.12713438504509,4.27666611901606,4.20123503188628,0.394654192003949,0.245122458032985,0.320553545162761,4.80402104473326,4.30406509320417,4.47733681447821
"77277",23,5.01063529409626,"unpaired",4.91265488573605,4.80402104473326,4.85803432023567,0.0979804083602032,0.206614249362999,0.152600973860586,4.44265125649032,4.8283137373023,4.969813299576
"77277",24,4.67282883446191,"unpaired",4.40671924726425,4.65396035015752,4.5286528516816,0.266109587197652,0.0188684843043827,0.144175982780311,4.70048036579242,4.54329478227,4.06044301054642
"77277",25,4.67282883446191,"paired",4.27666611901606,4.71849887129509,4.49215363222177,0.39616271544585,0.0456700368331884,0.180675202240138,4.07753744390572,4.4188406077966,4.30406509320417
"77277",27,4.79579054559674,"unpaired",4.4188406077966,4.72738781871234,4.57051126922679,0.376949937800143,0.0684027268844005,0.225279276369951,4.79579054559674,4.70048036579242,4.8283137373023
"77277",28,5.01063529409626,"unpaired",4.969813299576,4.9416424226093,4.95570784385366,0.0408219945202548,0.0689928714869517,0.0549274502425972,5.08140436498446,4.87519732320115,4.91265488573605
"77277",29,4.15888308335967,"paired",3.58351893845611,3.40119738166216,3.49116817564174,0.575364144903562,0.757685701697516,0.667714907717933,3.95124371858143,4.48863636973214,4.0943445622221
"77277",30,4.67282883446191,"paired",4.36944785246702,4.40671924726425,4.38804397783157,0.303380981994884,0.266109587197652,0.284784856630339,4.77068462446567,4.46590811865458,4.40671924726425
"77277",31,5.01063529409626,"unpaired",4.78749174278205,4.70953020131233,4.74835097177593,0.22314355131421,0.301105092783922,0.262284322320321,4.65396035015752,4.97673374242057,4.91265488573605
"77277",33,4.79579054559674,"paired",4.7361984483945,4.31748811353631,4.52199961347769,0.0595920972022457,0.478302432060431,0.273790932119055,4.56434819146784,4.70953020131233,4.85203026391962
"77277",34,3.91202300542815,"paired",3.80666248977032,3.89182029811063,3.84900589058324,0.105360515657826,0.0202027073175195,0.0630171148449086,4.51085950651685,3.89182029811063,3.71357206670431
"77277",35,4.35670882668959,"unpaired",3.8286413964891,4.02535169073515,3.92576465399748,0.528067430200497,0.331357135954442,0.430944172692111,4.30406509320417,4.29045944114839,4.43081679884331
"77277",36,3.91202300542815,"unpaired",3.71357206670431,3.58351893845611,3.64796598536177,0.198450938723838,0.328504066972036,0.264057020066374,3.68887945411394,3.63758615972639,4.06044301054642
"77277",37,4.90527477843843,"paired",4.69134788222914,4.80402104473326,4.74735020347073,0.213926896209286,0.101253733705173,0.157924574967697,4.60517018598809,4.44265125649032,4.40671924726425
"77277",39,4.35670882668959,"unpaired",4.43081679884331,4.02535169073515,4.22322103288019,0.0741079721537217,0.331357135954442,0.1334877938094,4.59511985013459,4.60517018598809,4.17438726989564
"77277",40,4.79579054559674,"unpaired",4.56434819146784,4.69134788222914,4.62741236781412,0.231442354128905,0.104442663367598,0.168378177782624,4.97673374242057,4.43081679884331,4.71849887129509
"77277",41,3.91202300542815,"paired",3.55534806148941,3.58351893845611,3.56940570839888,0.356674943938732,0.328504066972036,0.342617297029263,4.15888308335967,3.55534806148941,3.98898404656427
"77277",42,4.35670882668959,"paired",4.04305126783455,4.24849524204936,4.14450046142556,0.313657558855041,0.108213584640232,0.212208365264027,4.55387689160054,4.40671924726425,4.43081679884331
"77277",43,4.15888308335967,"unpaired",3.80666248977032,3.98898404656427,3.89675710589568,0.352220593589352,0.169899036795397,0.262125977463995,4.62497281328427,4.35670882668959,3.58351893845611
"77277",45,4.79579054559674,"paired",4.77912349311153,4.78749174278205,4.78330578794699,0.0166670524852117,0.00829880281469553,0.012484757649756,4.60517018598809,4.46590811865458,4.70953020131233
"77277",46,4.67282883446191,"paired",4.76217393479776,4.69134788222914,4.72662824895509,0.0893451003358505,0.0185190477672377,0.0537994144931861,4.9416424226093,4.69134788222914,4.20469261939097
"77277",47,4.79579054559674,"unpaired",4.8283137373023,4.72738781871234,4.77758427938685,0.0325231917055602,0.0684027268844005,0.0182062662098925,4.48863636973214,4.81218435537242,4.77912349311153
"77277",48,4.90527477843843,"unpaired",4.40671924726425,4.89034912822175,4.6422403674494,0.498555531174176,0.0149256502166759,0.263034410989027,4.63472898822964,4.78749174278205,4.74493212836325
"77277",49,4.35670882668959,"paired",3.85014760171006,3.97029191355212,3.90975829036164,0.506561224979533,0.38641691313747,0.446950536327956,4.60517018598809,4.38202663467388,4.20469261939097
"77277",51,5.01063529409626,"unpaired",4.70048036579242,4.77068462446567,4.73545239746834,0.310154928303839,0.23995066963059,0.275182896627917,4.55387689160054,4.82028156560504,4.93447393313069
"77277",52,4.35670882668959,"unpaired",4.17438726989564,3.85014760171006,4.0089907876918,0.182321556793955,0.506561224979533,0.347718038997796,4.20469261939097,4.46590811865458,3.71357206670431
"77277",53,3.91202300542815,"paired",3.68887945411394,3.80666248977032,3.74730824022523,0.22314355131421,0.105360515657826,0.164714765202913,4.59511985013459,3.98898404656427,3.55534806148941
"77277",54,4.52178857704904,"paired",4.23410650459726,4.12713438504509,4.1802782856009,0.287682072451781,0.394654192003949,0.341510291448136,4.70048036579242,4.48863636973214,4.12713438504509
"77277",55,4.79579054559674,"unpaired",4.36944785246702,4.36944785246702,4.36944785246702,0.42634269312972,0.42634269312972,0.42634269312972,4.48863636973214,4.47733681447821,4.7361984483945
"77277",57,4.15888308335967,"paired",3.71357206670431,3.52636052461616,3.61875585544857,0.445311016655364,0.63252255874351,0.540127227911099,4.0943445622221,4.35670882668959,3.76120011569356
"77277",58,4.79579054559674,"paired",4.31748811353631,4.67282883446191,4.49164590650009,0.478302432060431,0.122961711134836,0.304144639096651,4.76217393479776,4.90527477843843,4.4188406077966
"77277",59,4.90527477843843,"unpaired",4.74493212836325,4.78749174278205,4.76616443113331,0.160342650075179,0.117783035656384,0.139110347305121,4.77068462446567,4.51085950651685,4.67282883446191
"77277",60,5.01063529409626,"unpaired",4.93447393313069,4.85981240436167,4.89700088107281,0.076161360965564,0.150822889734584,0.113634413023447,4.9416424226093,4.85981240436167,4.76217393479776
"77277",61,3.91202300542815,"paired",3.68887945411394,3.66356164612965,3.67619875486725,0.22314355131421,0.2484613592985,0.235824250560901,3.66356164612965,3.63758615972639,3.8286413964891
"77277",63,4.15888308335967,"unpaired",3.97029191355212,3.87120101090789,3.92043340325306,0.18859116980755,0.28768207245178,0.238449680106608,3.71357206670431,4.07753744390572,3.58351893845611
"77277",64,4.90527477843843,"unpaired",4.66343909411207,4.31748811353631,4.4871308045375,0.241835684326363,0.58778666490212,0.418143973900926,4.54329478227,4.8283137373023,4.67282883446191
"77277",65,4.67282883446191,"paired",4.30406509320417,4.20469261939097,4.25408870744063,0.368763741257736,0.46813621507094,0.418740127021278,4.66343909411207,4.52178857704904,4.72738781871234
"77277",66,4.15888308335967,"paired",3.93182563272433,3.8286413964891,3.87989051149968,0.227057450635346,0.330241686870576,0.278992571859987,4.24849524204936,4.21950770517611,4.30406509320417
"77277",67,4.67282883446191,"unpaired",4.06044301054642,4.17438726989564,4.11702096343481,0.612385823915487,0.498441564566269,0.555807871027096,4.64439089914137,4.71849887129509,4.44265125649032
"77277",69,4.79579054559674,"paired",4.70953020131233,4.67282883446191,4.6911436261813,0.0862603442844074,0.122961711134836,0.10464691941544,4.8283137373023,4.70048036579242,4.8283137373023
"77277",70,4.52178857704904,"paired",4.0943445622221,4.26267987704132,4.17766444021749,0.42744401482694,0.259108700007725,0.344124136831554,4.99043258677874,4.75359019110636,4.12713438504509
"77277",71,4.67282883446191,"unpaired",4.44265125649032,4.69134788222914,4.56530640413308,0.230177577971589,0.0185190477672377,0.107522430328828,4.76217393479776,4.77068462446567,4.36944785246702
"77277",72,3.91202300542815,"unpaired",3.91202300542815,3.71357206670431,3.81150617961753,0,0.198450938723838,0.100516825810619,4.15888308335967,4.04305126783455,4.06044301054642
"77277",73,4.35670882668959,"paired",3.71357206670431,4.14313472639153,3.92247745545085,0.643136759985284,0.213574100298059,0.43423137123874,4.33073334028633,4.06044301054642,4.17438726989564
"77277",75,4.52178857704904,"unpaired",4.44265125649032,4.43081679884331,4.43673008178993,0.0791373205587238,0.0909717782057271,0.0850584952591147,4.69134788222914,4.29045944114839,4.12713438504509
"77277",76,4.15888308335967,"unpaired",3.89182029811063,4.21950770517611,4.05235311085282,0.267062785249045,0.0606246218164355,0.106529972506848,4.0943445622221,4.56434819146784,3.76120011569356
"77277",77,4.90527477843843,"paired",4.7361984483945,4.77068462446567,4.75341026171461,0.169076330043934,0.134590153972765,0.151864516723819,4.90527477843843,5.09375020080676,4.74493212836325
"77277",78,4.15888308335967,"paired",4.30406509320417,4.11087386417331,4.20636050539581,0.145182009844499,0.0480092191863601,0.0474774220361383,4.17438726989564,4.4188406077966,3.80666248977032
"77277",79,3.91202300542815,"unpaired",3.58351893845611,3.58351893845611,3.58351893845611,0.328504066972036,0.328504066972036,0.328504066972036,3.68887945411394,3.66356164612965,3.71357206670431
"77277",81,4.79579054559674,"paired",4.70953020131233,4.4188406077966,4.56187059189577,0.0862603442844074,0.376949937800143,0.233919953700974,4.45434729625351,4.87519732320115,4.70953020131233
"77277",82,4.15888308335967,"paired",4.0943445622221,4.17438726989564,4.13417220482001,0.0645385211375711,0.0155041865359653,0.0247108785396595,4.24849524204936,4.57471097850338,3.93182563272433
"77277",83,4.79579054559674,"unpaired",4.71849887129509,4.70953020131233,4.7140124033802,0.0772916743016472,0.0862603442844074,0.081778142216538,4.64439089914137,5.01063529409626,4.8283137373023
"77277",84,3.91202300542815,"unpaired",3.87120101090789,3.71357206670431,3.79156747779926,0.0408219945202548,0.198450938723838,0.120455527628888,3.2188758248682,3.85014760171006,3.58351893845611
"77277",85,4.15888308335967,"paired",3.93182563272433,3.66356164612965,3.79532417420677,0.227057450635346,0.495321437230025,0.363558909152906,3.25809653802148,4.38202663467388,4.0943445622221
"77277",87,3.91202300542815,"unpaired",3.8286413964891,3.95124371858143,3.88945950854079,0.0833816089390509,0.0392207131532816,0.0225634968873565,3.78418963391826,3.63758615972639,3.68887945411394
"77277",88,4.90527477843843,"unpaired",4.67282883446191,4.68213122712422,4.67747771826233,0.232445943976524,0.22314355131421,0.2277970601761,4.83628190695148,4.57471097850338,4.40671924726425
"77277",89,3.91202300542815,"paired",3.71357206670431,3.73766961828337,3.72560135938166,0.198450938723838,0.174353387144778,0.186421646046486,4.51085950651685,4.17438726989564,3.87120101090789
"77277",90,5.01063529409626,"paired",4.76217393479776,4.51085950651685,4.63481364948681,0.248461359298499,0.499775787579406,0.37582164460945,4.64439089914137,4.64439089914137,4.78749174278205
"77277",91,4.52178857704904,"unpaired",4.12713438504509,4.17438726989564,4.15069358518318,0.394654192003949,0.347401307153404,0.371094991865862,4.54329478227,4.26267987704132,4.45434729625351
"77277",93,4.35670882668959,"paired",4.20469261939097,4.46590811865458,4.33333254036488,0.152016207298626,0.109199291964992,0.023376286324714,4.68213122712422,4.82028156560504,3.8286413964891
"77277",94,4.35670882668959,"paired",3.91202300542815,4.18965474202643,4.04845967444515,0.444685821261446,0.167054084663167,0.308249152244445,4.70048036579242,4.55387689160054,4.43081679884331
"77277",95,4.15888308335967,"unpaired",4.0943445622221,4.18965474202643,4.14172549918557,0.0645385211375711,0.0307716586667537,0.0171575841741047,4.30406509320417,3.93182563272433,3.58351893845611
"77277",96,4.52178857704904,"unpaired",4.33073334028633,4.65396035015752,4.48943885722902,0.191055236762709,0.132171773108483,0.0323497198200169,4.60517018598809,4.4188406077966,4.0943445622221
"77278",1,4.52178857704904,"paired",4.49980967033027,4.44265125649032,4.47113912620263,0.0219789067187754,0.0791373205587238,0.0506494508464099,4.43081679884331,4.06044301054642,4.23410650459726
"77278",3,3.91202300542815,"unpaired",3.78418963391826,4.0943445622221,3.93621344061148,0.127833371509885,0.182321556793954,0.0241904351833346,4.33073334028633,3.55534806148941,3.49650756146648
"77278",4,4.67282883446191,"unpaired",4.75359019110636,4.7361984483945,4.74488635137042,0.0807613566444587,0.0633696139325899,0.0720575169085098,4.67282883446191,4.69134788222914,4.7361984483945
"77278",5,3.91202300542815,"paired",3.58351893845611,3.71357206670431,3.64796598536177,0.328504066972036,0.198450938723838,0.264057020066374,3.66356164612965,3.73766961828337,3.78418963391826
"77278",6,4.35670882668959,"paired",4.43081679884331,4.39444915467244,4.41259551014881,0.0741079721537217,0.0377403279828474,0.0558866834592182,4.4188406077966,4.35670882668959,4.14313472639153
"77278",7,3.91202300542815,"unpaired",4.0943445622221,3.80666248977032,3.9478839731185,0.182321556793954,0.105360515657826,0.0358609676903585,3.91202300542815,4.51085950651685,3.49650756146648
"77278",9,4.90527477843843,"paired",4.70953020131233,4.68213122712422,4.69581073092273,0.195744577126096,0.22314355131421,0.209464047515697,4.64439089914137,4.80402104473326,4.86753445045558
"77278",10,3.91202300542815,"paired",4.04305126783455,4.0943445622221,4.06861708363463,0.131028262406404,0.182321556793954,0.156594078206484,4.0943445622221,4.60517018598809,3.66356164612965
"77278",11,4.67282883446191,"unpaired",4.45434729625351,4.77068462446567,4.60980326676387,0.218481538208398,0.0978557900037593,0.0630255676980394,4.56434819146784,4.70953020131233,4.75359019110636
"77278",12,4.52178857704904,"unpaired",4.70953020131233,4.71849887129509,4.7140124033802,0.187741624263293,0.196710294246054,0.192223826331163,4.8283137373023,4.43081679884331,4.66343909411207
"77278",13,4.67282883446191,"paired",4.44265125649032,4.77912349311153,4.60781716125915,0.230177577971589,0.106294658649624,0.0650116732027559,4.04305126783455,4.35670882668959,4.49980967033027
"77278",15,4.79579054559674,"unpaired",4.86753445045558,4.81218435537242,4.83978027721493,0.0717439048588409,0.0163938097756757,0.0439897316181881,5.04342511691925,5.03043792139244,4.71849887129509
"77278",16,4.15888308335967,"unpaired",3.80666248977032,4.14313472639153,3.97133674636381,0.352220593589352,0.0157483569681389,0.187546336995865,4.48863636973214,4.29045944114839,4.35670882668959
"77278",17,4.52178857704904,"paired",4.29045944114839,4.29045944114839,4.29045944114839,0.23132913590065,0.23132913590065,0.23132913590065,4.43081679884331,4.80402104473326,4.23410650459726
"77278",18,4.67282883446191,"paired",4.38202663467388,4.34380542185368,4.36287417356995,0.290802199788025,0.329023412608222,0.309954660891957,4.51085950651685,4.68213122712422,4.65396035015752
"77278",19,4.90527477843843,"unpaired",4.77912349311153,4.72738781871234,4.7531852673189,0.1261512853269,0.177886959726089,0.152089511119533,4.89783979995091,4.86753445045558,4.83628190695148
"77278",21,4.52178857704904,"paired",4.66343909411207,4.66343909411207,4.66343909411207,0.141650517063026,0.141650517063026,0.141650517063026,4.39444915467244,4.07753744390572,4.70953020131233
"77278",22,4.52178857704904,"paired",4.23410650459726,4.21950770517611,4.22680080210606,0.287682072451781,0.302280871872934,0.294987774942983,4.47733681447821,4.54329478227,4.72738781871234
"77278",23,5.01063529409626,"unpaired",4.85203026391962,4.93447393313069,4.89307846453259,0.158605030176639,0.076161360965564,0.117556829563669,4.89783979995091,4.8283137373023,4.74493212836325
"77278",24,4.67282883446191,"unpaired",4.82028156560504,4.80402104473326,4.81214443701624,0.147452731143131,0.131192210271351,0.139315602554337,4.53259949315326,4.17438726989564,4.49980967033027
"77278",25,4.67282883446191,"paired",4.76217393479776,4.81218435537242,4.78711383890085,0.0893451003358505,0.139355520910511,0.114285004438948,4.51085950651685,4.39444915467244,4.7361984483945
"77278",27,4.79579054559674,"unpaired",4.78749174278205,4.75359019110636,4.77051085194148,0.00829880281469553,0.0422003544903768,0.0252796936552597,4.969813299576,4.74493212836325,4.71849887129509
"77278",28,5.01063529409626,"unpaired",4.89783979995091,4.87519732320115,4.88650544685962,0.112795494145344,0.135437970895104,0.124129847236634,5.06259503302697,4.52178857704904,4.85203026391962
"77278",29,4.15888308335967,"paired",3.93182563272433,4.02535169073515,3.97831383356852,0.227057450635346,0.133531392624522,0.180569249791151,3.95124371858143,4.26267987704132,4.17438726989564
"77278",30,4.67282883446191,"paired",4.65396035015752,4.65396035015752,4.65396035015752,0.0188684843043827,0.0188684843043827,0.0188684843043818,4.94875989037817,4.86753445045558,4.44265125649032
"77278",31,5.01063529409626,"unpaired",4.74493212836325,4.86753445045558,4.8058423403064,0.265703165733005,0.143100843640673,0.20479295378986,4.57471097850338,4.9416424226093,4.85981240436167
"77278",33,4.79579054559674,"paired",4.75359019110636,4.76217393479776,4.75788012719919,0.0422003544903768,0.033616610798985,0.0379104183975478,5.03695260241363,5.05624580534831,4.71849887129509
"77278",34,3.91202300542815,"paired",3.63758615972639,3.61091791264422,3.62422750706171,0.27443684570176,0.301105092783922,0.287795498366438,4.51085950651685,3.95124371858143,3.63758615972639
"77278",35,4.35670882668959,"unpaired",4.30406509320417,4.29045944114839,4.29725688253042,0.0526437334854215,0.0662493855412007,0.0594519441591723,4.0943445622221,4.60517018598809,4.35670882668959
"77278",36,3.91202300542815,"unpaired",3.63758615972639,3.66356164612965,3.65055079943638,0.27443684570176,0.2484613592985,0.261472205991763,3.8286413964891,4.33073334028633,4.04305126783455
"77278",37,4.90527477843843,"paired",4.83628190695148,4.84418708645859,4.84023288284021,0.0689928714869517,0.0610876919798384,0.0650418955982168,4.80402104473326,4.70953020131233,4.85981240436167
"77278",39,4.35670882668959,"unpaired",4.14313472639153,4.54329478227,4.33860373676328,0.213574100298059,0.186585955580412,0.0181050899263102,4.11087386417331,4.68213122712422,4.29045944114839
"77278",40,4.79579054559674,"unpaired",4.91998092582813,4.86753445045558,4.89368742892849,0.124190380231384,0.0717439048588409,0.0978968833317495,5.03043792139244,4.7361984483945,4.86753445045558
"77278",41,3.91202300542815,"paired",3.68887945411394,3.89182029811063,3.78899141418978,0.22314355131421,0.0202027073175195,0.123031591238366,4.15888308335967,4.24849524204936,3.85014760171006
"77278",42,4.35670882668959,"paired",4.52178857704904,4.45434729625351,4.48794125656836,0.165079750359449,0.0976384695639156,0.131232429878768,4.44265125649032,4.11087386417331,4.35670882668959
"77278",43,4.15888308335967,"unpaired",4.06044301054642,4.26267987704132,4.16033276468713,0.0984400728132524,0.103796793681644,0.00144968132746115,3.93182563272433,3.91202300542815,4.4188406077966
"77278",45,4.79579054559674,"paired",4.65396035015752,4.68213122712422,4.66802453777511,0.141830195439218,0.113659318472521,0.127766007821632,4.70048036579242,4.89783979995091,4.91998092582813
"77278",46,4.67282883446191,"paired",4.7361984483945,4.72738781871234,4.73179108287173,0.0633696139325899,0.054558984250435,0.0589622484098253,3.93182563272433,4.70953020131233,4.44265125649032
"77278",47,4.79579054559674,"unpaired",4.83628190695148,4.85981240436167,4.84803287967323,0.0404913613547366,0.0640218587649306,0.0522423340764888,4.87519732320115,4.58496747867057,4.65396035015752
"77278",48,4.90527477843843,"unpaired",4.86753445045558,4.89783979995091,4.8826636131392,0.0377403279828474,0.00743497848751851,0.0226111652992307,4.969813299576,4.87519732320115,4.83628190695148
"77278",49,4.35670882668959,"paired",4.14313472639153,4.12713438504509,4.1351268168177,0.213574100298059,0.2295744416445,0.221582009871891,3.91202300542815,4.38202663467388,4.52178857704904
"77278",51,5.01063529409626,"unpaired",4.85981240436167,4.9272536851572,4.8934168613111,0.150822889734584,0.0833816089390504,0.117218432785158,5.03043792139244,4.969813299576,4.83628190695148
"77278",52,4.35670882668959,"unpaired",4.20469261939097,4.29045944114839,4.24735954988425,0.152016207298626,0.0662493855412007,0.109349276805343,4.60517018598809,4.36944785246702,4.35670882668959
"77278",53,3.91202300542815,"paired",3.63758615972639,3.61091791264422,3.62422750706171,0.27443684570176,0.301105092783922,0.287795498366438,4.33073334028633,3.66356164612965,3.91202300542815
"77278",54,4.52178857704904,"paired",4.31748811353631,4.33073334028633,4.32410565546006,0.20430046351273,0.191055236762709,0.197682921588985,4.52178857704904,4.76217393479776,4.70953020131233
"77278",55,4.79579054559674,"unpaired",4.71849887129509,4.71849887129509,4.71849887129509,0.0772916743016472,0.0772916743016472,0.0772916743016472,4.84418708645859,4.8283137373023,4.84418708645859
"77278",57,4.15888308335967,"paired",4.0943445622221,4.02535169073515,4.05970156612441,0.0645385211375711,0.133531392624522,0.0991815172352606,4.54329478227,4.21950770517611,3.80666248977032
"77278",58,4.79579054559674,"paired",4.78749174278205,4.79579054559674,4.79163934756745,0.00829880281469553,0,0.00415119802929276,4.66343909411207,4.38202663467388,4.71849887129509
"77278",59,4.90527477843843,"unpaired",4.83628190695148,4.80402104473326,4.82012448586731,0.0689928714869517,0.101253733705173,0.0851502925711216,4.46590811865458,4.72738781871234,4.70953020131233
"77278",60,5.01063529409626,"unpaired",4.83628190695148,4.89783979995091,4.86696353054442,0.174353387144778,0.112795494145344,0.143671763551832,4.93447393313069,4.48863636973214,4.89783979995091
"77278",61,3.91202300542815,"paired",3.66356164612965,3.68887945411394,3.67619875486725,0.2484613592985,0.22314355131421,0.235824250560901,4.29045944114839,3.80666248977032,3.63758615972639
"77278",63,4.15888308335967,"unpaired",4.11087386417331,4.12713438504509,4.11899610067949,0.0480092191863601,0.0317486983145798,0.03988698268018,4.23410650459726,4.39444915467244,4.06044301054642
"77278",64,4.90527477843843,"unpaired",4.7361984483945,4.70048036579242,4.71830560849706,0.169076330043934,0.204794412646013,0.186969169941366,4.70048036579242,4.81218435537242,4.86753445045558
"77278",65,4.67282883446191,"paired",4.44265125649032,4.24849524204936,4.34448877605682,0.230177577971589,0.424333592412546,0.328340058405082,4.60517018598809,4.85203026391962,4.45434729625351
"77278",66,4.15888308335967,"paired",4.02535169073515,4.06044301054642,4.04285927749616,0.133531392624522,0.0984400728132524,0.116023805863514,4.15888308335967,4.04305126783455,4.0943445622221
"77278",67,4.67282883446191,"unpaired",4.49980967033027,4.77912349311153,4.63736413385943,0.173019164131641,0.106294658649624,0.0354647006024775,4.83628190695148,4.78749174278205,4.38202663467388
"77278",69,4.79579054559674,"paired",4.71849887129509,4.7361984483945,4.72734037625587,0.0772916743016472,0.0595920972022457,0.0684501693408697,4.76217393479776,4.85981240436167,4.75359019110636
"77278",70,4.52178857704904,"paired",4.72738781871234,4.72738781871234,4.72738781871234,0.2055992416633,0.2055992416633,0.2055992416633,4.74493212836325,4.63472898822964,4.57471097850338
"77278",71,4.67282883446191,"unpaired",4.72738781871234,4.78749174278205,4.75734486315778,0.054558984250435,0.11466290832014,0.0845160286958784,4.23410650459726,4.46590811865458,4.7361984483945
"77278",72,3.91202300542815,"unpaired",3.49650756146648,3.85014760171006,3.66906939184056,0.415515443961666,0.0618754037180875,0.242953613587586,3.52636052461616,4.49980967033027,4.04305126783455
"77278",73,4.35670882668959,"paired",4.02535169073515,4.12713438504509,4.07592533969066,0.331357135954442,0.2295744416445,0.280783486998931,4.74493212836325,4.44265125649032,4.29045944114839
"77278",75,4.52178857704904,"unpaired",4.57471097850338,4.78749174278205,4.67989220337385,0.0529224014543423,0.265703165733005,0.158103626324807,4.39444915467244,3.95124371858143,4.23410650459726
"77278",76,4.15888308335967,"unpaired",4.06044301054642,4.0943445622221,4.07735855186216,0.0984400728132524,0.0645385211375711,0.0815245314975144,4.35670882668959,4.57471097850338,4.06044301054642
"77278",77,4.90527477843843,"paired",4.87519732320115,4.76217393479776,4.8183542438829,0.0300774552372784,0.143100843640673,0.0869205345555333,4.44265125649032,4.80402104473326,4.85981240436167
"77278",78,4.15888308335967,"paired",4.17438726989564,4.14313472639153,4.15873164069423,0.0155041865359653,0.0157483569681389,0.000151442665437429,4.14313472639153,4.02535169073515,3.93182563272433
"77278",79,3.91202300542815,"unpaired",3.46573590279973,3.85014760171006,3.6528885521358,0.446287102628419,0.0618754037180875,0.259134453292342,4.17438726989564,4.45434729625351,4.04305126783455
"77278",81,4.79579054559674,"paired",4.82028156560504,4.83628190695148,4.82827510837435,0.0244910200082957,0.0404913613547366,0.0324845627776131,4.55387689160054,4.71849887129509,4.71849887129509
"77278",82,4.15888308335967,"paired",4.35670882668959,4.29045944114839,4.32345724135268,0.19782574332992,0.131576357788719,0.164574157993004,3.91202300542815,3.68887945411394,3.93182563272433
"77278",83,4.79579054559674,"unpaired",4.84418708645859,4.82028156560504,4.83221954314974,0.0483965408618499,0.0244910200082957,0.0364289975530019,4.91998092582813,4.36944785246702,4.71849887129509
"77278",84,3.91202300542815,"unpaired",3.91202300542815,3.97029191355212,3.94104977183507,0,0.058268908123976,0.029026766406921,4.26267987704132,3.58351893845611,4.0943445622221
"77278",85,4.15888308335967,"paired",4.17438726989564,4.12713438504509,4.15069358518318,0.0155041865359653,0.0317486983145798,0.00818949817649273,4.07753744390572,4.39444915467244,4.11087386417331
"77278",87,3.91202300542815,"unpaired",3.85014760171006,3.87120101090789,3.86065995496684,0.0618754037180875,0.0408219945202548,0.0513630504613043,4.60517018598809,3.43398720448515,4.0943445622221
"77278",88,4.90527477843843,"unpaired",4.85981240436167,4.77912349311153,4.81929908117349,0.0454623740767577,0.1261512853269,0.085975697264935,4.82028156560504,4.76217393479776,4.83628190695148
"77278",89,3.91202300542815,"paired",4.68213122712422,4.27666611901606,4.47480859745188,0.770108221696074,0.364643113587909,0.56278559202373,4.45434729625351,3.8286413964891,3.63758615972639
"77278",90,5.01063529409626,"paired",4.82028156560504,4.77912349311153,4.79965841217846,0.190353728491218,0.231511800984726,0.210976881917795,4.64439089914137,4.89783979995091,4.85981240436167
"77278",91,4.52178857704904,"unpaired",4.23410650459726,4.44265125649032,4.3371256129795,0.287682072451781,0.0791373205587238,0.184662964069537,4.44265125649032,4.63472898822964,4.72738781871234
"77278",93,4.35670882668959,"paired",4.29045944114839,4.30406509320417,4.29725688253042,0.0662493855412007,0.0526437334854215,0.0594519441591723,4.38202663467388,4.52178857704904,4.02535169073515
"77278",94,4.35670882668959,"paired",4.35670882668959,4.26267987704132,4.30943790367816,0,0.0940289496482762,0.0472709230114328,4.45434729625351,3.61091791264422,4.30406509320417
"77278",95,4.15888308335967,"unpaired",4.4188406077966,4.17438726989564,4.2948750832689,0.259957524436927,0.0155041865359653,0.135991999909226,4.60517018598809,3.87120101090789,4.11087386417331
"77278",96,4.52178857704904,"unpaired",4.80402104473326,4.48863636973214,4.64365196610903,0.282232467684216,0.0331522073169008,0.121863389059992,4.51085950651685,4.7361984483945,4.23410650459726
"77475",1,4.52178857704904,"paired",4.15888308335967,4.34380542185368,4.25033867901763,0.362905493689369,0.177983155195356,0.271449898031413,4.27666611901606,4.89783979995091,4.54329478227
"77475",3,3.91202300542815,"unpaired",3.95124371858143,3.76120011569356,3.85505101541626,0.0392207131532816,0.150822889734584,0.0569719900118875,3.95124371858143,3.89182029811063,4.17438726989564
"77475",4,4.67282883446191,"unpaired",4.48863636973214,4.45434729625351,4.47145896519039,0.184192464729766,0.218481538208398,0.201369869271515,4.93447393313069,4.70953020131233,4.23410650459726
"77475",5,3.91202300542815,"paired",4.04305126783455,3.8286413964891,3.9343860324273,0.131028262406404,0.0833816089390509,0.0223630269991593,3.85014760171006,4.56434819146784,3.76120011569356
"77475",6,4.35670882668959,"paired",4.15888308335967,4.07753744390572,4.11800940956005,0.19782574332992,0.279171382783872,0.238699417129539,4.70048036579242,4.70953020131233,4.30406509320417
"77475",7,3.91202300542815,"unpaired",3.8286413964891,3.68887945411394,3.75811077333794,0.0833816089390509,0.22314355131421,0.153912232090203,4.70048036579242,4.33073334028633,3.63758615972639
"77475",9,4.90527477843843,"paired",4.43081679884331,4.45434729625351,4.44256646862175,0.474457979595116,0.450927482184922,0.46270830981668,4.70953020131233,4.38202663467388,4.43081679884331
"77475",10,3.91202300542815,"paired",3.8286413964891,4.12713438504509,3.97508711293944,0.0833816089390509,0.215111379616946,0.0630641075112925,4.4188406077966,3.61091791264422,3.43398720448515
"77475",11,4.67282883446191,"unpaired",4.30406509320417,4.45434729625351,4.37856148875554,0.368763741257736,0.218481538208398,0.294267345706369,4.85981240436167,4.40671924726425,4.36944785246702
"77475",12,4.52178857704904,"unpaired",4.24849524204936,4.39444915467244,4.32085597133874,0.273293334999681,0.127339422376601,0.200932605710296,4.26267987704132,4.68213122712422,4.27666611901606
"77475",13,4.67282883446191,"paired",4.23410650459726,4.31748811353631,4.27559405288264,0.438722329864646,0.355340720925596,0.397234781579261,4.4188406077966,4.85203026391962,4.38202663467388
"77475",15,4.79579054559674,"unpaired",4.43081679884331,4.51085950651685,4.47065902062514,0.364973746753428,0.284931039079892,0.325131524971604,4.76217393479776,4.84418708645859,4.46590811865458
"77475",16,4.15888308335967,"unpaired",4.33073334028633,4.23410650459726,4.28214738253865,0.17185025692666,0.0752234212375882,0.123264299178974,4.45434729625351,3.91202300542815,4.27666611901606
"77475",17,4.52178857704904,"paired",4.21950770517611,4.34380542185368,4.28120548996394,0.302280871872934,0.177983155195356,0.240583087085102,4.38202663467388,4.39444915467244,4.24849524204936
"77475",18,4.67282883446191,"paired",4.34380542185368,4.40671924726425,4.37514924989462,0.329023412608222,0.266109587197652,0.297679584567287,4.4188406077966,4.20469261939097,4.39444915467244
"77475",19,4.90527477843843,"unpaired",4.38202663467388,4.40671924726425,4.39435559701784,0.523248143764548,0.498555531174176,0.510919181420592,4.86753445045558,4.67282883446191,4.54329478227
"77475",21,4.52178857704904,"paired",4.34380542185368,4.38202663467388,4.36287417356995,0.177983155195356,0.139761942375159,0.158914403479092,4.61512051684126,4.0943445622221,4.24849524204936
"77475",22,4.52178857704904,"paired",4.44265125649032,4.49980967033027,4.47113912620263,0.0791373205587238,0.0219789067187754,0.0506494508464099,4.75359019110636,4.24849524204936,4.24849524204936
"77475",23,5.01063529409626,"unpaired",4.44265125649032,4.55387689160054,4.49792028546209,0.567984037605939,0.456758402495715,0.512715008634167,4.91265488573605,4.83628190695148,4.34380542185368
"77475",24,4.67282883446191,"unpaired",4.38202663467388,4.35670882668959,4.36934939299578,0.290802199788025,0.316120007772314,0.303479441466126,4.69134788222914,4.60517018598809,4.34380542185368
"77475",25,4.67282883446191,"paired",4.39444915467244,4.43081679884331,4.41259551014881,0.278379679789467,0.242012035618592,0.260233324313096,4.9416424226093,4.81218435537242,4.36944785246702
"77475",27,4.79579054559674,"unpaired",4.46590811865458,4.51085950651685,4.48832753843387,0.329882426942158,0.284931039079892,0.307463007162875,4.84418708645859,4.65396035015752,4.36944785246702
"77475",28,5.01063529409626,"unpaired",4.54329478227,4.60517018598809,4.57412785976355,0.467340511826252,0.405465108108164,0.436507434332706,4.78749174278205,4.66343909411207,4.52178857704904
"77475",29,4.15888308335967,"paired",3.93182563272433,3.85014760171006,3.89077229225455,0.227057450635346,0.308735481649613,0.268110791105125,4.56434819146784,4.00733318523247,4.27666611901606
"77475",30,4.67282883446191,"paired",4.38202663467388,4.43081679884331,4.40635418752191,0.290802199788025,0.242012035618592,0.266474646939997,4.70953020131233,4.51085950651685,4.49980967033027
"77475",31,5.01063529409626,"unpaired",4.34380542185368,4.54329478227,4.44243047309735,0.666829872242571,0.467340511826252,0.568204820998901,4.77912349311153,4.68213122712422,4.44265125649032
"77475",33,4.79579054559674,"paired",4.36944785246702,4.4188406077966,4.3940748291456,0.42634269312972,0.376949937800143,0.401715716451143,4.65396035015752,3.78418963391826,4.57471097850338
"77475",34,3.91202300542815,"paired",3.91202300542815,4.00733318523247,3.95939131825147,0,0.0953101798043252,0.0473683128233198,4.43081679884331,3.8286413964891,3.63758615972639
"77475",35,4.35670882668959,"unpaired",3.78418963391826,4.27666611901606,4.0228989044357,0.572519192771331,0.0800427076735364,0.333809922253887,4.52178857704904,4.11087386417331,4.36944785246702
"77475",36,3.91202300542815,"unpaired",3.2188758248682,3.58351893845611,3.39630718265497,0.693147180559945,0.328504066972036,0.515715822773178,4.31748811353631,3.73766961828337,4.0943445622221
"77475",37,4.90527477843843,"paired",4.43081679884331,4.57471097850338,4.50218905127336,0.474457979595116,0.330563799935047,0.40308572716507,5.07517381523383,4.80402104473326,4.54329478227
"77475",39,4.35670882668959,"unpaired",4.30406509320417,4.18965474202643,4.24647462346512,0.0526437334854215,0.167054084663167,0.110234203224469,4.56434819146784,4.39444915467244,4.0943445622221
"77475",40,4.79579054559674,"unpaired",4.48863636973214,4.52178857704904,4.50518197891957,0.307154175864602,0.274001968547701,0.290608566677171,4.88280192258637,4.77068462446567,4.53259949315326
"77475",41,3.91202300542815,"paired",3.43398720448515,3.68887945411394,3.55915226483996,0.478035800943,0.22314355131421,0.352870740588187,4.15888308335967,4.31748811353631,3.63758615972639
"77475",42,4.35670882668959,"paired",4.38202663467388,4.43081679884331,4.40635418752191,0.0253178079842895,0.0741079721537217,0.0496453608323169,4.29045944114839,4.39444915467244,4.27666611901606
"77475",43,4.15888308335967,"unpaired",4.04305126783455,4.35670882668959,4.19695093434905,0.115831815525121,0.19782574332992,0.0380678509893739,4.12713438504509,4.52178857704904,4.24849524204936
"77475",45,4.79579054559674,"paired",4.4188406077966,4.46590811865458,4.44231202701919,0.376949937800143,0.329882426942158,0.353478518577547,4.71849887129509,4.82028156560504,4.48863636973214
"77475",46,4.67282883446191,"paired",4.53259949315326,4.56434819146784,4.54844614118075,0.14022934130865,0.10848064299407,0.124382693281151,4.86753445045558,4.67282883446191,4.38202663467388
"77475",47,4.79579054559674,"unpaired",4.52178857704904,4.55387689160054,4.53780437102867,0.274001968547701,0.241913653996201,0.257986174568071,5.00394630594546,4.78749174278205,4.4188406077966
"77475",48,4.90527477843843,"unpaired",4.58496747867057,4.55387689160054,4.56939574231188,0.320307299767857,0.351397886837889,0.335879036126553,4.48863636973214,4.39444915467244,4.54329478227
"77475",49,4.35670882668959,"paired",4.36944785246702,4.29045944114839,4.32977352655109,0.0127390257774298,0.0662493855412007,0.0269353001384989,4.60517018598809,4.87519732320115,4.30406509320417
"77475",51,5.01063529409626,"unpaired",4.52178857704904,4.54329478227,4.53252892419177,0.488846717047215,0.467340511826252,0.478106369904485,4.77912349311153,4.85981240436167,4.44265125649032
"77475",52,4.35670882668959,"unpaired",4.45434729625351,4.30406509320417,4.37856148875554,0.0976384695639156,0.0526437334854215,0.0218526620659452,3.97029191355212,4.21950770517611,4.27666611901606
"77475",53,3.91202300542815,"paired",4.17438726989564,3.61091791264422,3.88244378802581,0.262364264467491,0.301105092783922,0.0295792174023397,4.35670882668959,3.97029191355212,3.76120011569356
"77475",54,4.52178857704904,"paired",4.33073334028633,4.36944785246702,4.35004752770834,0.191055236762709,0.152340724582019,0.171741049340701,4.31748811353631,4.0943445622221,4.44265125649032
"77475",55,4.79579054559674,"unpaired",4.57471097850338,4.47733681447821,4.525762021986,0.221079567093359,0.318453731118534,0.27002852361074,4.67282883446191,4.79579054559674,4.48863636973214
"77475",57,4.15888308335967,"paired",4.27666611901606,4.30406509320417,4.29034373426489,0.117783035656384,0.145182009844499,0.131460650905214,3.71357206670431,4.52178857704904,4.33073334028633
"77475",58,4.79579054559674,"paired",4.53259949315326,4.51085950651685,4.52171643437797,0.263191052443485,0.284931039079892,0.274074111218772,4.66343909411207,4.7361984483945,4.4188406077966
"77475",59,4.90527477843843,"unpaired",4.46590811865458,4.54329478227,4.50443526466755,0.439366659783846,0.361979996168426,0.40083951377088,4.70048036579242,4.74493212836325,4.54329478227
"77475",60,5.01063529409626,"unpaired",4.59511985013459,4.53259949315326,4.56375261201771,0.415515443961666,0.478035800942999,0.446882682078542,5.12396397940326,4.72738781871234,4.52178857704904
"77475",61,3.91202300542815,"paired",3.73766961828337,4.12713438504509,3.92757747238112,0.174353387144778,0.215111379616946,0.0155544669529721,3.25809653802148,4.39444915467244,3.55534806148941
"77475",63,4.15888308335967,"unpaired",4.23410650459726,4.0943445622221,4.16363914658403,0.0752234212375882,0.0645385211375711,0.00475606322436128,4.68213122712422,3.91202300542815,3.93182563272433
"77475",64,4.90527477843843,"unpaired",4.54329478227,4.54329478227,4.54329478227,0.361979996168426,0.361979996168426,0.361979996168426,4.86753445045558,4.64439089914137,4.43081679884331
"77475",65,4.67282883446191,"paired",4.36944785246702,4.45434729625351,4.41169335150996,0.303380981994884,0.218481538208398,0.261135482951947,4.44265125649032,4.40671924726425,4.49980967033027
"77475",66,4.15888308335967,"paired",3.93182563272433,4.02535169073515,3.97831383356852,0.227057450635346,0.133531392624522,0.180569249791151,3.89182029811063,4.31748811353631,3.98898404656427
"77475",67,4.67282883446191,"unpaired",4.49980967033027,3.98898404656427,4.2367049681944,0.173019164131641,0.683844787897631,0.43612386626751,4.06044301054642,4.38202663467388,4.53259949315326
"77475",69,4.79579054559674,"paired",4.39444915467244,4.45434729625351,4.42429686059138,0.401341390924302,0.341443249343234,0.371493685005366,4.4188406077966,4.75359019110636,4.57471097850338
"77475",70,4.52178857704904,"paired",4.24849524204936,4.33073334028633,4.2894172087582,0.273293334999681,0.191055236762709,0.232371368290838,4.40671924726425,4.67282883446191,4.27666611901606
"77475",71,4.67282883446191,"unpaired",4.23410650459726,4.46590811865458,4.34846301744985,0.438722329864646,0.206920715807322,0.324365817012052,4.7361984483945,4.70953020131233,4.36944785246702
"77475",72,3.91202300542815,"unpaired",3.63758615972639,3.46573590279973,3.55062148831597,0.27443684570176,0.446287102628419,0.361401517112175,4.30406509320417,4.24849524204936,4.0943445622221
"77475",73,4.35670882668959,"paired",4.0943445622221,4.0943445622221,4.0943445622221,0.262364264467491,0.262364264467491,0.262364264467491,4.40671924726425,4.11087386417331,4.38202663467388
"77475",75,4.52178857704904,"unpaired",4.27666611901606,4.44265125649032,4.35886867285953,0.245122458032985,0.0791373205587238,0.162919904189506,4.36944785246702,3.87120101090789,4.34380542185368
"77475",76,4.15888308335967,"unpaired",3.93182563272433,4.11087386417331,4.02035312280565,0.227057450635346,0.0480092191863601,0.138529960554024,4.29045944114839,3.66356164612965,4.33073334028633
"77475",77,4.90527477843843,"paired",4.35670882668959,4.44265125649032,4.399470188904,0.548565951748838,0.462623521948113,0.505804589534433,4.8283137373023,4.44265125649032,4.54329478227
"77475",78,4.15888308335967,"paired",4.18965474202643,4.02535169073515,4.10668160433855,0.0307716586667537,0.133531392624522,0.052201479021126,3.91202300542815,4.68213122712422,4.04305126783455
"77475",79,3.91202300542815,"unpaired",3.55534806148941,3.80666248977032,3.67885989183461,0.356674943938732,0.105360515657826,0.233163113593534,4.26267987704132,4.40671924726425,3.43398720448515
"77475",81,4.79579054559674,"paired",4.53259949315326,4.57471097850338,4.55360655552136,0.263191052443485,0.221079567093359,0.242183990075385,4.79579054559674,4.8283137373023,4.52178857704904
"77475",82,4.15888308335967,"paired",4.33073334028633,4.20469261939097,4.26724765070558,0.17185025692666,0.0458095360312942,0.108364567345912,4.48863636973214,4.7361984483945,4.24849524204936
"77475",83,4.79579054559674,"unpaired",4.53259949315326,4.53259949315326,4.53259949315326,0.263191052443485,0.263191052443485,0.263191052443485,4.59511985013459,4.47733681447821,4.52178857704904
"77475",84,3.91202300542815,"unpaired",3.63758615972639,4.14313472639153,3.88213981440695,0.27443684570176,0.231111720963387,0.0298831910211992,4.27666611901606,4.53259949315326,3.91202300542815
"77475",85,4.15888308335967,"paired",3.98898404656427,4.12713438504509,4.0574712839368,0.169899036795397,0.0317486983145798,0.101411799422873,3.25809653802148,4.17438726989564,4.24849524204936
"77475",87,3.91202300542815,"unpaired",4.0943445622221,4.35670882668959,4.22348991874511,0.182321556793954,0.444685821261446,0.311466913316962,3.97029191355212,3.25809653802148,3.8286413964891
"77475",88,4.90527477843843,"unpaired",4.54329478227,4.53259949315326,4.53794398680315,0.361979996168426,0.372675285285173,0.367330791635282,4.70048036579242,4.86753445045558,4.43081679884331
"77475",89,3.91202300542815,"paired",3.76120011569356,3.95124371858143,3.85505101541626,0.150822889734584,0.0392207131532816,0.0569719900118875,3.63758615972639,4.52178857704904,4.04305126783455
"77475",90,5.01063529409626,"paired",4.49980967033027,4.52178857704904,4.51078573711878,0.51082562376599,0.488846717047215,0.499849556977478,4.9272536851572,4.65396035015752,4.52178857704904
"77475",91,4.52178857704904,"unpaired",4.17438726989564,4.36944785246702,4.27080408024193,0.347401307153404,0.152340724582019,0.250984496807106,4.49980967033027,4.67282883446191,4.24849524204936
"77475",93,4.35670882668959,"paired",4.31748811353631,4.38202663467388,4.34963767553161,0.0392207131532816,0.0253178079842895,0.00707115115798462,4.68213122712422,4.53259949315326,4.15888308335967
"77475",94,4.35670882668959,"paired",4.27666611901606,4.36944785246702,4.32280806761683,0.0800427076735364,0.0127390257774298,0.0339007590727594,4.85203026391962,3.78418963391826,4.15888308335967
"77475",95,4.15888308335967,"unpaired",4.24849524204936,4.23410650459726,4.24129477154226,0.0896121586896879,0.0752234212375882,0.0824116881825878,3.58351893845611,4.47733681447821,4.23410650459726
"77475",96,4.52178857704904,"unpaired",4.54329478227,4.4188406077966,4.48063561083526,0.0215062052209634,0.102947969252442,0.041152966213776,4.80402104473326,4.77068462446567,4.44265125649032
"77522",1,4.52178857704904,"paired",4.46590811865458,4.31748811353631,4.39107107872743,0.0558804583944568,0.20430046351273,0.130717498321611,4.56434819146784,4.84418708645859,4.0943445622221
"77522",3,3.91202300542815,"unpaired",3.98898404656427,3.85014760171006,3.91895105355236,0.0769610411361286,0.0618754037180875,0.00692804812421111,3.97029191355212,4.04305126783455,3.98898404656427
"77522",4,4.67282883446191,"unpaired",4.38202663467388,4.14313472639153,4.26090679575252,0.290802199788025,0.529694108070373,0.411922038709389,4.84418708645859,4.39444915467244,4.40671924726425
"77522",5,3.91202300542815,"paired",3.80666248977032,3.85014760171006,3.82834330429088,0.105360515657826,0.0618754037180875,0.083679701137263,4.15888308335967,3.52636052461616,3.97029191355212
"77522",6,4.35670882668959,"paired",4.17438726989564,4.36944785246702,4.27080408024193,0.182321556793955,0.0127390257774298,0.0859047464476568,4.38202663467388,4.70048036579242,4.04305126783455
"77522",7,3.91202300542815,"unpaired",3.52636052461616,4.35670882668959,3.91960789157346,0.385662480811984,0.444685821261446,0.00758488614531716,4.38202663467388,3.80666248977032,3.76120011569356
"77522",9,4.90527477843843,"paired",4.69134788222914,4.75359019110636,4.72236649107543,0.213926896209286,0.151684587332065,0.182908287362999,4.64439089914137,4.78749174278205,4.53259949315326
"77522",10,3.91202300542815,"paired",4.15888308335967,4.07753744390572,4.11800940956005,0.246860077931526,0.165514438477574,0.205986404131906,4.43081679884331,3.89182029811063,3.52636052461616
"77522",11,4.67282883446191,"unpaired",4.51085950651685,4.48863636973214,4.49973421878487,0.161969327945056,0.184192464729766,0.173094615677034,4.62497281328427,4.70048036579242,4.36944785246702
"77522",12,4.52178857704904,"unpaired",4.65396035015752,4.35670882668959,4.50288242535764,0.132171773108483,0.165079750359449,0.0189061516914046,4.48863636973214,4.56434819146784,4.21950770517611
"77522",13,4.67282883446191,"paired",4.56434819146784,4.39444915467244,4.47859308841812,0.10848064299407,0.278379679789467,0.19423574604379,4.68213122712422,4.53259949315326,4.36944785246702
"77522",15,4.79579054559674,"unpaired",4.57471097850338,4.65396035015752,4.61416552665648,0.221079567093359,0.141830195439218,0.181625018940261,4.71849887129509,4.87519732320115,4.34380542185368
"77522",16,4.15888308335967,"unpaired",4.04305126783455,4.44265125649032,4.23814426312979,0.115831815525121,0.283768173130645,0.079261179770115,4.4188406077966,4.48863636973214,4.0943445622221
"77522",17,4.52178857704904,"paired",4.21950770517611,4.0943445622221,4.15645503138697,0.302280871872934,0.42744401482694,0.365333545662072,4.12713438504509,4.31748811353631,4.46590811865458
"77522",18,4.67282883446191,"paired",4.43081679884331,4.44265125649032,4.43673008178993,0.242012035618592,0.230177577971589,0.23609875267198,4.82028156560504,4.79579054559674,4.48863636973214
"77522",19,4.90527477843843,"unpaired",4.43081679884331,4.49980967033027,4.4651799828111,0.474457979595116,0.405465108108165,0.44009479562733,4.78749174278205,4.72738781871234,4.53259949315326
"77522",21,4.52178857704904,"paired",4.0943445622221,4.12713438504509,4.11070677949294,0.42744401482694,0.394654192003949,0.4110817975561,4.66343909411207,4.45434729625351,4.65396035015752
"77522",22,4.52178857704904,"paired",4.46590811865458,4.45434729625351,4.46012396169049,0.0558804583944568,0.0674412807955331,0.0616646153585547,4.33073334028633,4.7361984483945,4.65396035015752
"77522",23,5.01063529409626,"unpaired",4.31748811353631,4.75359019110636,4.53029459822698,0.693147180559945,0.257045102989891,0.48034069586928,4.80402104473326,4.87519732320115,4.75359019110636
"77522",24,4.67282883446191,"unpaired",4.40671924726425,4.7361984483945,4.56848956017228,0.266109587197652,0.0633696139325899,0.104339274289625,4.94875989037817,4.51085950651685,4.46590811865458
"77522",25,4.67282883446191,"paired",4.36944785246702,4.20469261939097,4.2862787049003,0.303380981994884,0.46813621507094,0.386550129561607,4.52178857704904,4.71849887129509,4.56434819146784
"77522",27,4.79579054559674,"unpaired",4.67282883446191,4.68213122712422,4.67747771826233,0.122961711134836,0.113659318472521,0.118312827334412,4.84418708645859,4.72738781871234,4.34380542185368
"77522",28,5.01063529409626,"unpaired",4.75359019110636,4.70953020131233,4.73150891045103,0.257045102989891,0.301105092783922,0.279126383645226,4.89783979995091,5.05624580534831,4.66343909411207
"77522",29,4.15888308335967,"paired",4.06044301054642,4.0943445622221,4.07735855186216,0.0984400728132524,0.0645385211375711,0.0815245314975144,3.80666248977032,4.18965474202643,4.23410650459726
"77522",30,4.67282883446191,"paired",4.70953020131233,4.72738781871234,4.71845056194741,0.0367013668504281,0.054558984250435,0.0456217274855018,4.26267987704132,4.38202663467388,4.36944785246702
"77522",31,5.01063529409626,"unpaired",4.48863636973214,4.70953020131233,4.59775690374801,0.521998924364116,0.301105092783922,0.412878390348248,4.89783979995091,4.68213122712422,4.66343909411207
"77522",33,4.79579054559674,"paired",4.48863636973214,4.44265125649032,4.46558462106795,0.307154175864602,0.353139289106425,0.330205924528787,4.9272536851572,4.39444915467244,4.34380542185368
"77522",34,3.91202300542815,"paired",4.34380542185368,4.36944785246702,4.3566077711969,0.431782416425538,0.457424847038876,0.44458476576875,3.93182563272433,4.81218435537242,3.80666248977032
"77522",35,4.35670882668959,"unpaired",4.00733318523247,4.33073334028633,4.16589623381597,0.34937564145712,0.0259754864032606,0.190812592873622,4.65396035015752,4.45434729625351,4.04305126783455
"77522",36,3.91202300542815,"unpaired",3.87120101090789,3.91202300542815,3.89155848129106,0.0408219945202548,0,0.020464524137088,4.17438726989564,4.60517018598809,3.76120011569356
"77522",37,4.90527477843843,"paired",4.31748811353631,4.4188406077966,4.36787039640296,0.58778666490212,0.486434170641831,0.537404382035467,4.72738781871234,5.02388052084628,4.69134788222914
"77522",39,4.35670882668959,"unpaired",3.8286413964891,4.18965474202643,4.0050824688537,0.528067430200497,0.167054084663167,0.351626357835896,4.59511985013459,3.78418963391826,4.17438726989564
"77522",40,4.79579054559674,"unpaired",4.46590811865458,4.30406509320417,4.38423987059995,0.329882426942158,0.491725452392571,0.411550674996787,5.03043792139244,5.07517381523383,4.48863636973214
"77522",41,3.91202300542815,"paired",3.97029191355212,3.73766961828337,3.85222526093684,0.058268908123976,0.174353387144778,0.0597977444913065,3.29583686600433,3.89182029811063,3.73766961828337
"77522",42,4.35670882668959,"paired",4.35670882668959,4.33073334028633,4.34370166674282,0,0.0259754864032606,0.0130071599467714,4.44265125649032,4.66343909411207,3.8286413964891
"77522",43,4.15888308335967,"unpaired",3.85014760171006,4.12713438504509,3.98623588796705,0.308735481649613,0.0317486983145798,0.172647195392619,4.47733681447821,3.91202300542815,4.0943445622221
"77522",45,4.79579054559674,"paired",4.30406509320417,4.33073334028633,4.31737862572903,0.491725452392571,0.46505720531041,0.47841191986771,4.75359019110636,4.77068462446567,4.46590811865458
"77522",46,4.67282883446191,"paired",4.46590811865458,4.47733681447821,4.47161881534297,0.206920715807322,0.195492019983699,0.201210019118935,4.52178857704904,3.85014760171006,4.38202663467388
"77522",47,4.79579054559674,"unpaired",4.26267987704132,4.64439089914137,4.4494439682823,0.533110668555426,0.151399646455369,0.346346577314439,4.65396035015752,4.94875989037817,4.46590811865458
"77522",48,4.90527477843843,"unpaired",4.53259949315326,4.67282883446191,4.60218009281188,0.372675285285173,0.232445943976524,0.30309468562655,5.05624580534831,4.9416424226093,4.69134788222914
"77522",49,4.35670882668959,"paired",3.71357206670431,3.80666248977032,3.75982918353775,0.643136759985284,0.550046336919272,0.596879643151843,4.17438726989564,4.11087386417331,4.04305126783455
"77522",51,5.01063529409626,"unpaired",4.66343909411207,4.64439089914137,4.65390525122656,0.347196199984189,0.366244394954883,0.356730042869693,5.06259503302697,4.89783979995091,4.48863636973214
"77522",52,4.35670882668959,"unpaired",3.97029191355212,4.24849524204936,4.10703862950828,0.38641691313747,0.108213584640232,0.249670197181313,4.21950770517611,4.49980967033027,3.71357206670431
"77522",53,3.91202300542815,"paired",3.76120011569356,3.76120011569356,3.76120011569356,0.150822889734584,0.150822889734584,0.150822889734584,4.11087386417331,4.20469261939097,3.98898404656427
"77522",54,4.52178857704904,"paired",4.31748811353631,4.33073334028633,4.32410565546006,0.20430046351273,0.191055236762709,0.197682921588985,4.77068462446567,4.54329478227,4.12713438504509
"77522",55,4.79579054559674,"unpaired",4.06044301054642,4.44265125649032,4.24724996235345,0.735347535050322,0.353139289106425,0.548540583243292,4.56434819146784,4.69134788222914,4.26267987704132
"77522",57,4.15888308335967,"paired",3.87120101090789,3.87120101090789,3.87120101090789,0.28768207245178,0.28768207245178,0.28768207245178,4.18965474202643,4.02535169073515,3.85014760171006
"77522",58,4.79579054559674,"paired",4.35670882668959,4.69134788222914,4.52093316999701,0.43908171890715,0.104442663367598,0.274857375599729,4.8283137373023,4.8283137373023,4.26267987704132
"77522",59,4.90527477843843,"unpaired",4.18965474202643,4.67282883446191,4.42465134049917,0.715620036412004,0.232445943976524,0.480623437939255,4.60517018598809,4.7361984483945,4.43081679884331
"77522",60,5.01063529409626,"unpaired",4.57471097850338,4.71849887129509,4.64604870708105,0.435924315592873,0.292136422801161,0.364586587015207,4.9416424226093,4.87519732320115,4.66343909411207
"77522",61,3.91202300542815,"paired",4.11087386417331,3.95124371858143,4.03026854362031,0.198850858745165,0.0392207131532816,0.118245538192161,3.95124371858143,4.34380542185368,4.34380542185368
"77522",63,4.15888308335967,"unpaired",4.14313472639153,4.18965474202643,4.16632980611001,0.0157483569681389,0.0307716586667537,0.00744672275033409,4.11087386417331,3.52636052461616,4.12713438504509
"77522",64,4.90527477843843,"unpaired",4.4188406077966,4.35670882668959,4.38766474103501,0.486434170641831,0.548565951748838,0.517610037403418,4.64439089914137,4.44265125649032,4.31748811353631
"77522",65,4.67282883446191,"paired",4.36944785246702,4.33073334028633,4.35004752770834,0.303380981994884,0.342095494175575,0.322781306753567,4.67282883446191,4.88280192258637,4.70953020131233
"77522",66,4.15888308335967,"paired",4.06044301054642,4.15888308335967,4.10936829056578,0.0984400728132524,0,0.0495147927938921,3.95124371858143,4.70953020131233,4.06044301054642
"77522",67,4.67282883446191,"unpaired",4.33073334028633,4.18965474202643,4.25961001449459,0.342095494175575,0.483174092435481,0.413218819967319,4.45434729625351,4.64439089914137,4.70953020131233
"77522",69,4.79579054559674,"paired",4.34380542185368,4.31748811353631,4.3306267763879,0.451985123743057,0.478302432060431,0.46516376920884,4.80402104473326,4.69134788222914,4.26267987704132
"77522",70,4.52178857704904,"paired",4.29045944114839,4.4188406077966,4.35417689175013,0.23132913590065,0.102947969252442,0.167611685298913,4.51085950651685,3.89182029811063,4.12713438504509
"77522",71,4.67282883446191,"unpaired",4.48863636973214,4.45434729625351,4.47145896519039,0.184192464729766,0.218481538208398,0.201369869271515,4.72738781871234,4.80402104473326,4.38202663467388
"77522",72,3.91202300542815,"unpaired",3.98898404656427,3.93182563272433,3.9603017211836,0.0769610411361286,0.0198026272961798,0.0482787157554587,4.07753744390572,4.36944785246702,4.34380542185368
"77522",73,4.35670882668959,"paired",4.04305126783455,4.0943445622221,4.06861708363463,0.313657558855041,0.262364264467491,0.288091743054962,4.76217393479776,4.71849887129509,4.35670882668959
"77522",75,4.52178857704904,"unpaired",4.26267987704132,4.04305126783455,4.15141340765344,0.259108700007725,0.47873730921449,0.370375169395604,4.15888308335967,4.74493212836325,4.31748811353631
"77522",76,4.15888308335967,"unpaired",4.12713438504509,4.11087386417331,4.11899610067949,0.0317486983145798,0.0480092191863601,0.03988698268018,4.33073334028633,3.97029191355212,4.06044301054642
"77522",77,4.90527477843843,"paired",4.44265125649032,4.46590811865458,4.45426450883994,0.462623521948113,0.439366659783846,0.451010269598491,4.72738781871234,5.14166355650266,4.69134788222914
"77522",78,4.15888308335967,"paired",4.0943445622221,4.26267987704132,4.17766444021749,0.0645385211375711,0.103796793681644,0.018781356857815,4.54329478227,4.24849524204936,4.14313472639153
"77522",79,3.91202300542815,"unpaired",3.73766961828337,4.15888308335967,3.94265531674608,0.174353387144778,0.246860077931526,0.0306323113179308,4.21950770517611,3.68887945411394,3.76120011569356
"77522",81,4.79579054559674,"paired",4.34380542185368,4.38202663467388,4.36287417356995,0.451985123743057,0.41376391092286,0.432916372026793,5.02388052084628,5.06259503302697,4.35670882668959
"77522",82,4.15888308335967,"paired",4.23410650459726,4.30406509320417,4.26894249286,0.0752234212375882,0.145182009844499,0.110059409500333,4.36944785246702,4.48863636973214,4.04305126783455
"77522",83,4.79579054559674,"unpaired",4.34380542185368,4.52178857704904,4.4319036245683,0.451985123743057,0.274001968547701,0.363886921028437,4.7361984483945,4.55387689160054,4.06044301054642
"77522",84,3.91202300542815,"unpaired",3.93182563272433,4.23410650459726,4.08016770322744,0.0198026272961798,0.322083499169114,0.168144697799296,4.26267987704132,3.91202300542815,3.52636052461616
"77522",85,4.15888308335967,"paired",3.8286413964891,3.80666248977032,3.81763612603361,0.330241686870576,0.352220593589352,0.341246957326064,3.66356164612965,4.60517018598809,4.12713438504509
"77522",87,3.91202300542815,"unpaired",3.97029191355212,4.04305126783455,4.00650642764493,0.058268908123976,0.131028262406404,0.0944834222167876,4.38202663467388,4.0943445622221,4.11087386417331
"77522",88,4.90527477843843,"unpaired",4.23410650459726,4.68213122712422,4.45248720201918,0.67116827384117,0.22314355131421,0.452787576419246,4.17438726989564,5.07517381523383,4.31748811353631
"77522",89,3.91202300542815,"paired",4.23410650459726,4.17438726989564,4.20414085065821,0.322083499169114,0.262364264467491,0.292117845230061,3.71357206670431,4.52178857704904,3.93182563272433
"77522",90,5.01063529409626,"paired",4.66343909411207,4.71849887129509,4.69088819968257,0.347196199984189,0.292136422801161,0.319747094413684,4.9272536851572,4.48863636973214,4.31748811353631
"77522",91,4.52178857704904,"unpaired",4.20469261939097,4.43081679884331,4.31627416784082,0.317095957658075,0.0909717782057271,0.205514409208218,4.20469261939097,4.77068462446567,4.31748811353631
"77522",93,4.35670882668959,"paired",4.21950770517611,4.18965474202643,4.20455472862563,0.137201121513485,0.167054084663167,0.152154098063965,4.68213122712422,4.52178857704904,4.17438726989564
"77522",94,4.35670882668959,"paired",4.33073334028633,4.36944785246702,4.35004752770834,0.0259754864032606,0.0127390257774298,0.00666129898125245,4.51085950651685,4.4188406077966,3.71357206670431
"77522",95,4.15888308335967,"unpaired",4.0943445622221,4.15888308335967,4.12648765141387,0.0645385211375711,0,0.0323954319458011,4.70953020131233,4.00733318523247,3.85014760171006
"77522",96,4.52178857704904,"unpaired",4.12713438504509,4.24849524204936,4.18737516806918,0.394654192003949,0.273293334999681,0.334413408979861,4.49980967033027,4.43081679884331,4.46590811865458
"77664",1,4.52178857704904,"paired",4.00733318523247,4.17438726989564,4.09000741254399,0.514455391816569,0.347401307153404,0.431781164505053,4.46590811865458,4.66343909411207,4.67282883446191
"77664",3,3.91202300542815,"unpaired",3.61091791264422,4.21950770517611,3.90336982044499,0.301105092783922,0.307484699747961,0.0086531849831597,4.04305126783455,4.11087386417331,4.14313472639153
"77664",4,4.67282883446191,"unpaired",4.31748811353631,4.85981240436167,4.58063121085379,0.355340720925596,0.186983569899766,0.0921976236081186,4.65396035015752,4.65396035015752,4.85203026391962
"77664",5,3.91202300542815,"paired",3.55534806148941,3.61091791264422,3.58302525820249,0.356674943938732,0.301105092783922,0.328997747225652,3.85014760171006,4.52178857704904,3.71357206670431
"77664",6,4.35670882668959,"paired",4.7361984483945,4.79579054559674,4.76590135660405,0.379489621704904,0.43908171890715,0.409192529914454,4.07753744390572,4.17438726989564,4.57471097850338
"77664",7,3.91202300542815,"unpaired",3.40119738166216,4.27666611901606,3.81389375917063,0.51082562376599,0.364643113587909,0.0981292462575181,4.17438726989564,3.97029191355212,3.8286413964891
"77664",9,4.90527477843843,"paired",4.60517018598809,4.78749174278205,4.69544611719952,0.300104592450338,0.117783035656384,0.20982866123891,5.01063529409626,4.67282883446191,4.9416424226093
"77664",10,3.91202300542815,"paired",4.48863636973214,4.53259949315326,4.51056436983191,0.576613364303994,0.62057648772511,0.598541364403767,4.34380542185368,4.17438726989564,3.80666248977032
"77664",11,4.67282883446191,"unpaired",4.70048036579242,4.80402104473326,4.75196870755924,0.0276515313305108,0.131192210271351,0.0791398730973354,4.65396035015752,4.52178857704904,4.46590811865458
"77664",12,4.52178857704904,"unpaired",4.60517018598809,4.89783979995091,4.7492510801683,0.0833816089390513,0.376051222901871,0.227462503119265,4.78749174278205,4.9272536851572,4.74493212836325
"77664",13,4.67282883446191,"paired",4.78749174278205,4.70048036579242,4.7437865612125,0.11466290832014,0.0276515313305108,0.0709577267505948,4.44265125649032,4.70953020131233,4.46590811865458
"77664",15,4.79579054559674,"unpaired",4.86753445045558,4.94875989037817,4.90797914150504,0.0717439048588409,0.152969344781427,0.112188595908297,4.69134788222914,4.99043258677874,4.94875989037817
"77664",16,4.15888308335967,"unpaired",4.0943445622221,4.40671924726425,4.24766135506067,0.0645385211375711,0.247836163904582,0.0887782717010008,4.24849524204936,4.31748811353631,4.60517018598809
"77664",17,4.52178857704904,"paired",4.07753744390572,4.11087386417331,4.09417172433449,0.444251133143321,0.410914712875729,0.427616852714547,4.70048036579242,4.77912349311153,4.60517018598809
"77664",18,4.67282883446191,"paired",4.79579054559674,4.87519732320115,4.83533093288625,0.122961711134836,0.202368488739245,0.162502098424345,3.85014760171006,4.35670882668959,4.35670882668959
"77664",19,4.90527477843843,"unpaired",4.52178857704904,4.94875989037817,4.73045937968718,0.383486201389389,0.0434851119397388,0.174815398751245,4.70048036579242,4.70953020131233,4.80402104473326
"77664",21,4.52178857704904,"paired",4.0943445622221,4.31748811353631,4.20443622619204,0.42744401482694,0.20430046351273,0.317352350857002,4.60517018598809,4.33073334028633,4.60517018598809
"77664",22,4.52178857704904,"paired",4.67282883446191,4.77912349311153,4.72567731251996,0.151040257412865,0.257334916062489,0.203888735470919,4.43081679884331,4.00733318523247,4.00733318523247
"77664",23,5.01063529409626,"unpaired",4.80402104473326,4.97673374242057,4.88961487569548,0.206614249362999,0.0339015516756813,0.121020418400773,4.77912349311153,4.98360662170834,5.01063529409626
"77664",24,4.67282883446191,"unpaired",4.72738781871234,4.91998092582813,4.82272307903501,0.054558984250435,0.247152091366219,0.149894244573106,4.65396035015752,4.53259949315326,4.31748811353631
"77664",25,4.67282883446191,"paired",4.74493212836325,4.8283137373023,4.78644136890272,0.0721032939013444,0.155484902840396,0.113612534440812,4.79579054559674,4.4188406077966,4.31748811353631
"77664",27,4.79579054559674,"unpaired",4.89034912822175,4.76217393479776,4.82583600534442,0.0945585826250124,0.033616610798985,0.0300454597476767,4.46590811865458,4.56434819146784,4.69134788222914
"77664",28,5.01063529409626,"unpaired",5.01063529409626,5.10594547390058,5.05806589530596,0,0.0953101798043248,0.0474306012097037,5.07517381523383,4.87519732320115,5.02388052084628
"77664",29,4.15888308335967,"paired",3.80666248977032,3.80666248977032,3.80666248977032,0.352220593589352,0.352220593589352,0.352220593589352,4.53259949315326,4.02535169073515,4.15888308335967
"77664",30,4.67282883446191,"paired",4.99043258677874,5.04342511691925,5.01685888305144,0.31760375231683,0.370596282457341,0.344030048589536,4.36944785246702,4.70048036579242,4.35670882668959
"77664",31,5.01063529409626,"unpaired",4.70953020131233,5.07517381523383,4.88893489011188,0.301105092783922,0.0645385211375711,0.121700403984377,4.78749174278205,4.96284463025991,4.82028156560504
"77664",33,4.79579054559674,"paired",4.69134788222914,4.7361984483945,4.71371982203996,0.104442663367598,0.0595920972022457,0.082070723556777,4.99043258677874,4.64439089914137,4.60517018598809
"77664",34,3.91202300542815,"paired",3.89182029811063,4.11087386417331,3.9998477905493,0.0202027073175195,0.198850858745165,0.0878247851211591,4.23410650459726,3.68887945411394,3.8286413964891
"77664",35,4.35670882668959,"unpaired",4.53259949315326,4.46590811865458,4.49913023539915,0.175890666463665,0.109199291964992,0.142421408709555,4.40671924726425,4.44265125649032,4.85981240436167
"77664",36,3.91202300542815,"unpaired",4.27666611901606,4.23410650459726,4.2553331047659,0.364643113587909,0.322083499169114,0.343310099337754,3.2188758248682,4.06044301054642,4.14313472639153
"77664",37,4.90527477843843,"paired",4.80402104473326,4.95582705760126,4.87933371258566,0.101253733705173,0.0505522791628312,0.0259410658527708,4.67282883446191,4.67282883446191,4.60517018598809
"77664",39,4.35670882668959,"unpaired",4.57471097850338,4.53259949315326,4.55360655552136,0.218002151813791,0.175890666463665,0.196897728831765,4.75359019110636,4.53259949315326,4.27666611901606
"77664",40,4.79579054559674,"unpaired",5.07517381523383,4.76217393479776,4.91618352560954,0.279383269637085,0.033616610798985,0.120392980012794,4.78749174278205,4.87519732320115,4.89034912822175
"77664",41,3.91202300542815,"paired",3.91202300542815,3.91202300542815,3.91202300542815,0,0,4.44089209850063e-16,3.68887945411394,3.58351893845611,3.80666248977032
"77664",42,4.35670882668959,"paired",4.66343909411207,4.72738781871234,4.69530458722459,0.306730267422475,0.370678992022749,0.338595760535,4.39444915467244,4.38202663467388,4.60517018598809
"77664",43,4.15888308335967,"unpaired",4.29045944114839,4.53259949315326,4.40986783116499,0.131576357788719,0.373716409793585,0.250984747805317,4.06044301054642,4.24849524204936,4.53259949315326
"77664",45,4.79579054559674,"paired",4.71849887129509,4.83628190695148,4.77702739360111,0.0772916743016472,0.0404913613547366,0.0187631519956302,4.69134788222914,5.00394630594546,4.77068462446567
"77664",46,4.67282883446191,"paired",4.85203026391962,4.91265488573605,4.88224847603887,0.179201429457711,0.239826051274147,0.209419641576967,4.54329478227,4.70953020131233,4.74493212836325
"77664",47,4.79579054559674,"unpaired",4.94875989037817,4.9416424226093,4.94519987600098,0.152969344781427,0.145851877012563,0.149409330404241,4.60517018598809,4.58496747867057,4.81218435537242
"77664",48,4.90527477843843,"unpaired",5.02388052084628,5.08140436498446,5.05256057932893,0.118605742407847,0.176129586546034,0.147285800890501,4.67282883446191,4.68213122712422,5.03695260241363
"77664",49,4.35670882668959,"paired",4.12713438504509,4.21950770517611,4.17306546054516,0.2295744416445,0.137201121513485,0.183643366144429,4.04305126783455,4.83628190695148,4.27666611901606
"77664",51,5.01063529409626,"unpaired",4.82028156560504,4.969813299576,4.89447642066493,0.190353728491218,0.0408219945202548,0.11615887343133,4.85981240436167,4.98360662170834,5.07517381523383
"77664",52,4.35670882668959,"unpaired",4.60517018598809,4.60517018598809,4.60517018598809,0.2484613592985,0.2484613592985,0.2484613592985,4.61512051684126,4.34380542185368,4.66343909411207
"77664",53,3.91202300542815,"paired",4.14313472639153,4.18965474202643,4.16632980611001,0.231111720963387,0.277631736598279,0.25430680068186,4.39444915467244,4.46590811865458,4.27666611901606
"77664",54,4.52178857704904,"paired",4.62497281328427,4.69134788222914,4.65804212228362,0.10318423623523,0.169559305180103,0.136253545234584,4.44265125649032,4.79579054559674,4.60517018598809
"77664",55,4.79579054559674,"unpaired",4.77068462446567,4.68213122712422,4.7262005305501,0.0251059211310762,0.113659318472521,0.0695900150466384,4.9272536851572,4.74493212836325,4.72738781871234
"77664",57,4.15888308335967,"paired",4.4188406077966,4.49980967033027,4.45914136338053,0.259957524436927,0.340926586970594,0.300258280020861,4.51085950651685,3.68887945411394,4.15888308335967
"77664",58,4.79579054559674,"paired",4.72738781871234,4.83628190695148,4.78152487965725,0.0684027268844005,0.0404913613547366,0.0142656659394893,4.72738781871234,4.70048036579242,4.69134788222914
"77664",59,4.90527477843843,"unpaired",4.85981240436167,4.9416424226093,4.90055661566281,0.0454623740767577,0.0363676441708742,0.00471816277561832,4.78749174278205,4.76217393479776,5.03695260241363
"77664",60,5.01063529409626,"unpaired",5.02388052084628,4.60517018598809,4.80997139207372,0.0132452267500209,0.405465108108164,0.200663902022535,4.95582705760126,5.06259503302697,4.80402104473326
"77664",61,3.91202300542815,"paired",3.87120101090789,3.85014760171006,3.86065995496684,0.0408219945202548,0.0618754037180875,0.0513630504613043,4.48863636973214,4.64439089914137,4.27666611901606
"77664",63,4.15888308335967,"unpaired",4.15888308335967,4.48863636973214,4.32061498694711,0,0.329753286372468,0.161731903587437,4.11087386417331,4.60517018598809,4.53259949315326
"77664",64,4.90527477843843,"unpaired",5.03695260241363,5.01727983681492,5.02710659635166,0.1316778239752,0.112005058376495,0.12183181791323,5.09375020080676,4.78749174278205,5.02388052084628
"77664",65,4.67282883446191,"paired",4.46590811865458,4.47733681447821,4.47161881534297,0.206920715807322,0.195492019983699,0.201210019118935,4.26267987704132,4.67282883446191,4.31748811353631
"77664",66,4.15888308335967,"paired",4.53259949315326,4.58496747867057,4.55870828963056,0.373716409793585,0.426084395310901,0.399825206270889,4.02535169073515,3.80666248977032,4.60517018598809
"77664",67,4.67282883446191,"unpaired",4.35670882668959,4.69134788222914,4.52093316999701,0.316120007772314,0.0185190477672377,0.151895664464893,4.20469261939097,4.67282883446191,4.46590811865458
"77664",69,4.79579054559674,"paired",4.60517018598809,4.81218435537242,4.70753947650356,0.19062035960865,0.0163938097756757,0.0882510690931841,4.63472898822964,4.48863636973214,4.89034912822175
"77664",70,4.52178857704904,"paired",4.74493212836325,4.74493212836325,4.74493212836325,0.22314355131421,0.22314355131421,0.22314355131421,4.67282883446191,4.12713438504509,4.0943445622221
"77664",71,4.67282883446191,"unpaired",4.75359019110636,4.89034912822175,4.82148479692724,0.0807613566444587,0.217520293759848,0.148655962465332,4.7361984483945,4.77912349311153,4.72738781871234
"77664",72,3.91202300542815,"unpaired",3.71357206670431,4.45434729625351,4.06712917114356,0.198450938723838,0.542324290825361,0.155106165715412,4.31748811353631,3.61091791264422,3.89182029811063
"77664",73,4.35670882668959,"paired",4.27666611901606,4.39444915467244,4.33515764552183,0.0800427076735364,0.0377403279828474,0.0215511811677622,4.39444915467244,4.78749174278205,4.85981240436167
"77664",75,4.52178857704904,"unpaired",4.49980967033027,4.65396035015752,4.57623598484305,0.0219789067187754,0.132171773108483,0.0544474077940107,4.44265125649032,4.52178857704904,4.80402104473326
"77664",76,4.15888308335967,"unpaired",4.47733681447821,4.60517018598809,4.54080367453405,0.318453731118535,0.44628710262842,0.381920591174379,3.87120101090789,4.21950770517611,4.15888308335967
"77664",77,4.90527477843843,"paired",4.9416424226093,4.83628190695148,4.88867833254441,0.0363676441708742,0.0689928714869517,0.0165964458940149,5.01727983681492,5.13579843705026,5.03695260241363
"77664",78,4.15888308335967,"paired",4.64439089914137,4.64439089914137,4.64439089914137,0.485507815781701,0.485507815781701,0.485507815781701,4.40671924726425,4.48863636973214,4.07753744390572
"77664",79,3.91202300542815,"unpaired",3.8286413964891,4.33073334028633,4.07195591132514,0.0833816089390509,0.418710334858185,0.159932905896993,3.58351893845611,3.55534806148941,3.91202300542815
"77664",81,4.79579054559674,"paired",4.60517018598809,4.82028156560504,4.71149837673667,0.19062035960865,0.0244910200082957,0.0842921688600669,4.80402104473326,4.97673374242057,5.07517381523383
"77664",82,4.15888308335967,"paired",4.60517018598809,4.59511985013459,4.60014227333046,0.44628710262842,0.436236766774918,0.441259189970784,4.60517018598809,4.21950770517611,4.4188406077966
"77664",83,4.79579054559674,"unpaired",4.81218435537242,4.85203026391962,4.83206623793874,0.0163938097756757,0.0562397183228756,0.0362756923420013,5.03043792139244,4.87519732320115,4.86753445045558
"77664",84,3.91202300542815,"unpaired",3.80666248977032,4.36944785246702,4.07835913585276,0.105360515657826,0.457424847038876,0.166336130424616,3.55534806148941,4.15888308335967,3.89182029811063
"77664",85,4.15888308335967,"paired",4.07753744390572,4.24849524204936,4.16213868458411,0.0813456394539518,0.0896121586896879,0.00325560122443935,3.66356164612965,4.48863636973214,4.60517018598809
"77664",87,3.91202300542815,"unpaired",4.14313472639153,4.23410650459726,4.1883736335763,0.231111720963387,0.322083499169114,0.276350628148159,4.27666611901606,3.87120101090789,3.89182029811063
"77664",88,4.90527477843843,"unpaired",4.82028156560504,5.04342511691925,4.93059115305612,0.0849932128333926,0.138150338480817,0.0253163746176908,4.91998092582813,4.74493212836325,4.85981240436167
"77664",89,3.91202300542815,"paired",3.91202300542815,3.91202300542815,3.91202300542815,0,0,4.44089209850063e-16,4.04305126783455,4.26267987704132,3.71357206670431
"77664",90,5.01063529409626,"paired",5.07517381523383,5.16478597392351,5.11978383685713,0.0645385211375711,0.154150679827259,0.109148542760878,4.97673374242057,4.91265488573605,4.80402104473326
"77664",91,4.52178857704904,"unpaired",4.60517018598809,4.78749174278205,4.69544611719952,0.0833816089390513,0.265703165733005,0.173657540150479,4.60517018598809,4.72738781871234,4.0943445622221
"77664",93,4.35670882668959,"paired",4.60517018598809,4.65396035015752,4.62950099376986,0.2484613592985,0.297251523467931,0.272792167080269,4.4188406077966,4.33073334028633,4.27666611901606
"77664",94,4.35670882668959,"paired",4.85981240436167,4.85203026391962,4.85591977517491,0.50310357767208,0.495321437230025,0.499210948485322,4.31748811353631,4.77912349311153,4.7361984483945
"77664",95,4.15888308335967,"unpaired",4.60517018598809,4.62497281328427,4.61506087833543,0.44628710262842,0.466089729924599,0.456177794975759,4.59511985013459,4.54329478227,4.29045944114839
"77664",96,4.52178857704904,"unpaired",4.80402104473326,4.85981240436167,4.83183620003919,0.282232467684216,0.338023827312631,0.310047622990154,4.80402104473326,4.52178857704904,4.0943445622221
"77668",1,4.52178857704904,"paired",4.55387689160054,4.34380542185368,4.44760105362302,0.0320883145515003,0.177983155195356,0.0741875234260165,4.27666611901606,4.49980967033027,4.14313472639153
"77668",3,3.91202300542815,"unpaired",3.89182029811063,3.49650756146648,3.68887233449635,0.0202027073175195,0.415515443961666,0.223150670931799,3.8286413964891,4.46590811865458,3.61091791264422
"77668",4,4.67282883446191,"unpaired",4.63472898822964,4.78749174278205,4.71049113800058,0.0380998462322699,0.11466290832014,0.0376623035386716,4.95582705760126,4.78749174278205,4.70953020131233
"77668",5,3.91202300542815,"paired",3.49650756146648,3.87120101090789,3.67908733337442,0.415515443961666,0.0408219945202548,0.232935672053722,3.80666248977032,4.0943445622221,3.3322045101752
"77668",6,4.35670882668959,"paired",3.61091791264422,3.71357206670431,3.66188529251775,0.745790914045367,0.643136759985284,0.69482353417184,4.35670882668959,4.77068462446567,3.55534806148941
"77668",7,3.91202300542815,"unpaired",3.46573590279973,3.49650756146648,3.48108773089463,0.446287102628419,0.415515443961666,0.430935274533519,3.80666248977032,3.66356164612965,3.89182029811063
"77668",9,4.90527477843843,"paired",4.71849887129509,4.72738781871234,4.72294125379179,0.186775907143335,0.177886959726089,0.182333524646641,4.81218435537242,4.99721227376411,4.76217393479776
"77668",10,3.91202300542815,"paired",3.78418963391826,3.8286413964891,3.80635062554468,0.127833371509885,0.0833816089390509,0.105672379883468,4.04305126783455,3.61091791264422,3.46573590279973
"77668",11,4.67282883446191,"unpaired",4.69134788222914,4.80402104473326,4.74735020347073,0.0185190477672377,0.131192210271351,0.0745213690088269,4.79579054559674,4.70953020131233,4.63472898822964
"77668",12,4.52178857704904,"unpaired",4.70953020131233,4.82028156560504,4.76458409643969,0.187741624263293,0.298492988555997,0.24279551939065,4.65396035015752,4.85981240436167,4.67282883446191
"77668",13,4.67282883446191,"paired",4.49980967033027,4.69134788222914,4.59458078254568,0.173019164131641,0.0185190477672377,0.0782480519162227,4.72738781871234,4.62497281328427,4.70953020131233
"77668",15,4.79579054559674,"unpaired",4.7361984483945,4.8283137373023,4.78203429838944,0.0595920972022457,0.0325231917055602,0.0137562472073007,4.43081679884331,4.89034912822175,4.8283137373023
"77668",16,4.15888308335967,"unpaired",3.49650756146648,3.78418963391826,3.63750569333139,0.662375521893191,0.37469344944141,0.521377390028283,4.34380542185368,4.31748811353631,4.18965474202643
"77668",17,4.52178857704904,"paired",4.14313472639153,4.20469261939097,4.1738001875031,0.378653850657508,0.317095957658075,0.347988389545944,4.36944785246702,4.80402104473326,4.83628190695148
"77668",18,4.67282883446191,"paired",4.62497281328427,4.57471097850338,4.59977324486884,0.0478560211776351,0.098117855958523,0.0730555895930642,4.64439089914137,4.87519732320115,4.63472898822964
"77668",19,4.90527477843843,"unpaired",4.71849887129509,4.49980967033027,4.60785707791552,0.186775907143335,0.405465108108165,0.297417700522915,4.96284463025991,4.77912349311153,4.81218435537242
"77668",21,4.52178857704904,"paired",4.67282883446191,4.81218435537242,4.74199470819303,0.151040257412865,0.290395778323377,0.220206131143992,4.7361984483945,4.18965474202643,4.33073334028633
"77668",22,4.52178857704904,"paired",4.12713438504509,4.51085950651685,4.31473329134643,0.394654192003949,0.0109290705321907,0.207055285702607,4.77068462446567,4.43081679884331,4.33073334028633
"77668",23,5.01063529409626,"unpaired",4.95582705760126,4.7361984483945,4.84476835573411,0.0548082364949947,0.27443684570176,0.165866938362149,4.54329478227,4.68213122712422,4.97673374242057
"77668",24,4.67282883446191,"unpaired",4.71849887129509,4.68213122712422,4.70027987575646,0.0456700368331884,0.00930239266231414,0.0274510412945528,4.71849887129509,4.76217393479776,4.69134788222914
"77668",25,4.67282883446191,"paired",4.74493212836325,4.82028156560504,4.78245845443496,0.0721032939013444,0.147452731143131,0.109629619973056,4.85981240436167,4.70048036579242,4.62497281328427
"77668",27,4.79579054559674,"unpaired",4.89783979995091,4.38202663467388,4.63275991777587,0.10204925435417,0.41376391092286,0.163030627820871,4.79579054559674,4.82028156560504,4.74493212836325
"77668",28,5.01063529409626,"unpaired",4.97673374242057,4.77912349311153,4.87692783905637,0.0339015516756813,0.231511800984726,0.133707455039886,4.9272536851572,4.89034912822175,4.969813299576
"77668",29,4.15888308335967,"paired",3.71357206670431,3.73766961828337,3.72560135938166,0.445311016655364,0.421213465076303,0.433281723978011,4.18965474202643,4.56434819146784,3.63758615972639
"77668",30,4.67282883446191,"paired",4.63472898822964,4.30406509320417,4.46633801393274,0.0380998462322699,0.368763741257736,0.206490820529164,4.67282883446191,4.4188406077966,4.63472898822964
"77668",31,5.01063529409626,"unpaired",4.65396035015752,4.74493212836325,4.6992261053913,0.356674943938732,0.265703165733005,0.311409188704953,4.48863636973214,4.98360662170834,4.969813299576
"77668",33,4.79579054559674,"paired",4.80402104473326,4.78749174278205,4.79574927240902,0.00823049913651541,0.00829880281469553,4.12731877208472e-05,4.9416424226093,4.89034912822175,4.72738781871234
"77668",34,3.91202300542815,"paired",3.49650756146648,3.49650756146648,3.49650756146648,0.415515443961666,0.415515443961666,0.415515443961666,3.63758615972639,3.71357206670431,3.46573590279973
"77668",35,4.35670882668959,"unpaired",4.4188406077966,3.55534806148941,3.96364937765191,0.0621317811070066,0.801360765200178,0.393059449037686,4.4188406077966,4.67282883446191,3.58351893845611
"77668",36,3.91202300542815,"unpaired",3.43398720448515,4.21950770517611,3.80653851534452,0.478035800943,0.307484699747961,0.10548449008363,3.73766961828337,3.68887945411394,3.52636052461616
"77668",37,4.90527477843843,"paired",4.81218435537242,4.7361984483945,4.77404022577346,0.0930904230660126,0.169076330043934,0.13123455266497,4.83628190695148,4.84418708645859,4.75359019110636
"77668",39,4.35670882668959,"unpaired",4.33073334028633,3.36729582998647,3.81875114632121,0.0259754864032606,0.989412996703118,0.537957680368382,4.38202663467388,4.40671924726425,4.4188406077966
"77668",40,4.79579054559674,"unpaired",4.8283137373023,4.78749174278205,4.80785941442716,0.0325231917055602,0.00829880281469553,0.0120688688304211,4.98360662170834,4.9416424226093,4.83628190695148
"77668",41,3.91202300542815,"paired",3.52636052461616,3.61091791264422,3.56838876592475,0.385662480811984,0.301105092783922,0.343634239503393,3.25809653802148,4.07753744390572,4.24849524204936
"77668",42,4.35670882668959,"paired",3.98898404656427,3.8286413964891,3.90799046193956,0.367724780125317,0.528067430200497,0.448718364750033,4.35670882668959,4.59511985013459,3.58351893845611
"77668",43,4.15888308335967,"unpaired",4.38202663467388,3.49650756146648,3.91430571911351,0.22314355131421,0.662375521893191,0.244577364246161,4.48863636973214,4.00733318523247,3.63758615972639
"77668",45,4.79579054559674,"paired",4.75359019110636,4.82028156560504,4.78681973429446,0.0422003544903768,0.0244910200082957,0.0089708113022775,5.08759633523238,4.90527477843843,4.72738781871234
"77668",46,4.67282883446191,"paired",4.8283137373023,4.74493212836325,4.78644136890272,0.155484902840396,0.0721032939013444,0.113612534440812,4.53259949315326,4.86753445045558,4.49980967033027
"77668",47,4.79579054559674,"unpaired",4.74493212836325,4.67282883446191,4.70874247193245,0.0508584172334912,0.122961711134836,0.0870480736642945,4.8283137373023,4.90527477843843,4.8283137373023
"77668",48,4.90527477843843,"unpaired",4.75359019110636,4.89783979995091,4.82517597924231,0.151684587332065,0.00743497848751851,0.0800987991961168,4.8283137373023,4.65396035015752,4.81218435537242
"77668",49,4.35670882668959,"paired",3.61091791264422,3.73766961828337,3.6737471573593,0.745790914045367,0.619039208406223,0.682961669330295,4.06044301054642,4.60517018598809,3.61091791264422
"77668",51,5.01063529409626,"unpaired",4.83628190695148,4.78749174278205,4.81182498593791,0.174353387144778,0.22314355131421,0.198810308158341,5.03695260241363,5.00394630594546,4.97673374242057
"77668",52,4.35670882668959,"unpaired",4.65396035015752,3.76120011569356,4.1838351075832,0.297251523467931,0.595508710996029,0.172873719106391,4.31748811353631,3.85014760171006,3.98898404656427
"77668",53,3.91202300542815,"paired",4.24849524204936,4.18965474202643,4.21897241485753,0.336472236621213,0.277631736598279,0.306949409429387,4.72738781871234,3.61091791264422,4.66343909411207
"77668",54,4.52178857704904,"paired",4.83628190695148,4.74493212836325,4.79038927459094,0.314493329902438,0.22314355131421,0.268600697541904,4.38202663467388,4.40671924726425,3.89182029811063
"77668",55,4.79579054559674,"unpaired",4.85203026391962,4.33073334028633,4.58397744671971,0.0562397183228756,0.46505720531041,0.211813098877029,4.48863636973214,4.89783979995091,4.72738781871234
"77668",57,4.15888308335967,"paired",4.18965474202643,4.15888308335967,4.17424055748244,0.0307716586667537,0,0.0153574741227702,4.60517018598809,3.52636052461616,3.40119738166216
"77668",58,4.79579054559674,"paired",4.0943445622221,4.68213122712422,4.37838537926784,0.701445983374641,0.113659318472521,0.417405166328906,4.79579054559674,4.94875989037817,4.85203026391962
"77668",59,4.90527477843843,"unpaired",4.83628190695148,4.79579054559674,4.8159936716319,0.0689928714869517,0.109484232841688,0.089281106806534,4.74493212836325,4.59511985013459,3.76120011569356
"77668",60,5.01063529409626,"unpaired",4.74493212836325,4.77068462446567,4.75779095262872,0.265703165733005,0.23995066963059,0.252844341467536,4.80402104473326,4.67282883446191,4.65396035015752
"77668",61,3.91202300542815,"paired",3.25809653802148,3.3322045101752,3.29494218137153,0.653926467406664,0.579818495252942,0.617080824056613,4.40671924726425,4.36944785246702,3.49650756146648
"77668",63,4.15888308335967,"unpaired",3.40119738166216,4.49980967033027,3.91212740956955,0.757685701697516,0.340926586970594,0.246755673790124,4.60517018598809,4.0943445622221,4.18965474202643
"77668",64,4.90527477843843,"unpaired",4.87519732320115,4.85203026391962,4.86359999946047,0.0300774552372784,0.0532445145188127,0.041674778977959,4.86753445045558,4.81218435537242,4.83628190695148
"77668",65,4.67282883446191,"paired",4.70953020131233,4.80402104473326,4.75654099087891,0.0367013668504281,0.131192210271351,0.0837121564170014,4.70953020131233,4.64439089914137,4.74493212836325
"77668",66,4.15888308335967,"paired",4.18965474202643,4.23410650459726,4.2118219804772,0.0307716586667537,0.0752234212375882,0.0529388971175235,3.95124371858143,3.95124371858143,4.38202663467388
"77668",67,4.67282883446191,"unpaired",4.74493212836325,4.04305126783455,4.3799547780049,0.0721032939013444,0.629777566627356,0.292874056457009,4.62497281328427,4.87519732320115,4.8283137373023
"77668",69,4.79579054559674,"paired",4.72738781871234,4.77912349311153,4.7531852673189,0.0684027268844005,0.0166670524852117,0.0426052782778443,4.79579054559674,4.76217393479776,4.83628190695148
"77668",70,4.52178857704904,"paired",4.33073334028633,3.87120101090789,4.09452552622266,0.191055236762709,0.650587566141149,0.42726305082638,4.65396035015752,4.31748811353631,3.89182029811063
"77668",71,4.67282883446191,"unpaired",4.7361984483945,4.30406509320417,4.51496471926664,0.0633696139325899,0.368763741257736,0.157864115195265,4.43081679884331,4.60517018598809,4.8283137373023
"77668",72,3.91202300542815,"unpaired",3.52636052461616,3.73766961828337,3.63047801204905,0.385662480811984,0.174353387144778,0.281544993379096,3.98898404656427,4.11087386417331,4.66343909411207
"77668",73,4.35670882668959,"paired",3.55534806148941,3.71357206670431,3.63359893887017,0.801360765200178,0.643136759985284,0.723109887819426,4.18965474202643,4.26267987704132,3.52636052461616
"77668",75,4.52178857704904,"unpaired",3.89182029811063,3.95124371858143,3.92141945049969,0.629968278938414,0.570544858467613,0.600369126549348,4.70953020131233,4.69134788222914,4.70953020131233
"77668",76,4.15888308335967,"unpaired",3.63758615972639,3.73766961828337,3.6872883360401,0.521296923633286,0.421213465076303,0.471594747319569,4.12713438504509,4.31748811353631,3.40119738166216
"77668",77,4.90527477843843,"paired",3.76120011569356,4.85981240436167,4.27536278899629,1.14407466274487,0.0454623740767577,0.62991198944214,4.70953020131233,4.60517018598809,4.83628190695148
"77668",78,4.15888308335967,"paired",3.61091791264422,3.76120011569356,3.68529305087091,0.547965170715447,0.397682967666109,0.473590032488762,4.45434729625351,4.77912349311153,3.40119738166216
"77668",79,3.91202300542815,"unpaired",3.43398720448515,3.46573590279973,3.44982503097462,0.478035800943,0.446287102628419,0.462197974453526,3.95124371858143,3.46573590279973,4.24849524204936
"77668",81,4.79579054559674,"paired",4.82028156560504,4.68213122712422,4.75070424693546,0.0244910200082957,0.113659318472521,0.0450862986612863,4.30406509320417,4.69134788222914,4.72738781871234
"77668",82,4.15888308335967,"paired",4.69134788222914,3.46573590279973,4.03224165793235,0.532464798869472,0.693147180559945,0.126641425427324,3.80666248977032,4.48863636973214,3.58351893845611
"77668",83,4.79579054559674,"unpaired",4.83628190695148,4.76217393479776,4.79908487512133,0.0404913613547366,0.033616610798985,0.0032943295245893,4.89034912822175,4.72738781871234,4.72738781871234
"77668",84,3.91202300542815,"unpaired",3.61091791264422,3.58351893845611,3.59719233919608,0.301105092783922,0.328504066972036,0.314830666232064,4.18965474202643,3.36729582998647,3.49650756146648
"77668",85,4.15888308335967,"paired",3.40119738166216,3.55534806148941,3.47741865722772,0.757685701697516,0.603535021870258,0.681464426131956,3.89182029811063,4.46590811865458,4.18965474202643
"77668",87,3.91202300542815,"unpaired",4.66343909411207,3.98898404656427,4.3130481273152,0.751416088683921,0.0769610411361286,0.401025121887058,3.78418963391826,3.8286413964891,3.43398720448515
"77668",88,4.90527477843843,"unpaired",4.76217393479776,4.93447393313069,4.84755847270499,0.143100843640673,0.0291991546922619,0.0577163057334387,4.67282883446191,4.9416424226093,3.76120011569356
"77668",89,3.91202300542815,"paired",3.3322045101752,3.49650756146648,3.41336758439233,0.579818495252942,0.415515443961666,0.498655421035819,4.46590811865458,3.8286413964891,3.52636052461616
"77668",90,5.01063529409626,"paired",4.969813299576,4.99721227376411,4.98349395695002,0.0408219945202548,0.0134230203321408,0.0271413371462401,5.0998664278242,4.93447393313069,4.65396035015752
"77668",91,4.52178857704904,"unpaired",4.38202663467388,4.78749174278205,4.58027470029388,0.139761942375159,0.265703165733005,0.0584861232448413,4.17438726989564,4.57471097850338,4.06044301054642
"77668",93,4.35670882668959,"paired",3.52636052461616,3.68887945411394,3.60670471303862,0.83034830207343,0.667829372575655,0.750004113650971,4.45434729625351,3.71357206670431,4.4188406077966
"77668",94,4.35670882668959,"paired",3.58351893845611,3.68887945411394,3.63581756768666,0.773189888233482,0.667829372575655,0.720891259002933,4.27666611901606,4.70953020131233,4.33073334028633
"77668",95,4.15888308335967,"unpaired",3.58351893845611,3.66356164612965,3.62331927120797,0.575364144903562,0.495321437230025,0.535563812151705,4.0943445622221,4.38202663467388,4.38202663467388
"77668",96,4.52178857704904,"unpaired",4.06044301054642,4.30406509320417,4.18047976010382,0.461345566502621,0.21772348384487,0.34130881694522,4.31748811353631,4.49980967033027,3.89182029811063
"77762",1,4.52178857704904,"paired",4.31748811353631,4.27666611901606,4.29702864016698,0.20430046351273,0.245122458032985,0.224759936882061,4.49980967033027,4.75359019110636,4.67282883446191
"77762",3,3.91202300542815,"unpaired",4.04305126783455,3.95124371858143,3.99688390198339,0.131028262406404,0.0392207131532816,0.0848608965552398,3.93182563272433,4.18965474202643,3.68887945411394
"77762",4,4.67282883446191,"unpaired",4.70953020131233,4.65396035015752,4.68166282689997,0.0367013668504281,0.0188684843043827,0.00883399243805982,4.31748811353631,4.51085950651685,4.79579054559674
"77762",5,3.91202300542815,"paired",3.8286413964891,3.78418963391826,3.80635062554468,0.0833816089390509,0.127833371509885,0.105672379883468,3.85014760171006,4.51085950651685,3.68887945411394
"77762",6,4.35670882668959,"paired",4.35670882668959,4.0943445622221,4.22348991874511,0,0.262364264467491,0.133218907944483,4.68213122712422,4.20469261939097,4.31748811353631
"77762",7,3.91202300542815,"unpaired",3.80666248977032,3.8286413964891,3.81763612603361,0.105360515657826,0.0833816089390509,0.0943868793945386,4.38202663467388,4.15888308335967,3.8286413964891
"77762",9,4.90527477843843,"paired",4.91265488573605,4.969813299576,4.9411514434753,0.00738010729762273,0.0645385211375711,0.0358766650368718,4.86753445045558,4.20469261939097,4.87519732320115
"77762",10,3.91202300542815,"paired",3.73766961828337,3.85014760171006,3.79349175784241,0.174353387144778,0.0618754037180875,0.11853124758574,4.27666611901606,4.64439089914137,3.80666248977032
"77762",11,4.67282883446191,"unpaired",4.71849887129509,4.77068462446567,4.74451999846624,0.0456700368331884,0.0978557900037593,0.0716911640043358,4.85203026391962,4.52178857704904,4.26267987704132
"77762",12,4.52178857704904,"unpaired",4.67282883446191,4.52178857704904,4.59668837818872,0.151040257412865,0,0.0748998011396784,4.69134788222914,4.44265125649032,4.51085950651685
"77762",13,4.67282883446191,"paired",4.68213122712422,4.67282883446191,4.67747771826233,0.00930239266231414,0,0.0046488838004235,4.56434819146784,4.70048036579242,4.76217393479776
"77762",15,4.79579054559674,"unpaired",4.85981240436167,4.83628190695148,4.84803287967323,0.0640218587649306,0.0404913613547366,0.0522423340764888,4.75359019110636,4.87519732320115,4.78749174278205
"77762",16,4.15888308335967,"unpaired",4.02535169073515,4.39444915467244,4.20585346090545,0.133531392624522,0.235566071312768,0.0469703775457786,3.80666248977032,3.95124371858143,4.46590811865458
"77762",17,4.52178857704904,"paired",4.06044301054642,4.36944785246702,4.2121127706291,0.461345566502621,0.152340724582019,0.309675806419938,4.60517018598809,4.7361984483945,4.52178857704904
"77762",18,4.67282883446191,"paired",4.78749174278205,4.74493212836325,4.76616443113331,0.11466290832014,0.0721032939013444,0.0933355966714027,4.43081679884331,4.34380542185368,4.70953020131233
"77762",19,4.90527477843843,"unpaired",4.76217393479776,4.81218435537242,4.78711383890085,0.143100843640673,0.0930904230660126,0.118160939537576,4.82028156560504,4.8283137373023,4.70953020131233
"77762",21,4.52178857704904,"paired",4.7361984483945,4.8283137373023,4.78203429838944,0.214409871345455,0.306525160253261,0.2602457213404,4.07753744390572,4.39444915467244,4.31748811353631
"77762",22,4.52178857704904,"paired",4.30406509320417,4.21950770517611,4.26157668291379,0.21772348384487,0.302280871872934,0.260211894135248,4.77068462446567,4.12713438504509,4.67282883446191
"77762",23,5.01063529409626,"unpaired",5.02388052084628,4.95582705760126,4.98973777060137,0.0132452267500209,0.0548082364949947,0.0208975234948889,4.80402104473326,5.04985600724954,4.8283137373023
"77762",24,4.67282883446191,"unpaired",4.88280192258637,4.77068462446567,4.82641772502072,0.209973088124465,0.0978557900037593,0.153588890558815,4.38202663467388,4.66343909411207,4.79579054559674
"77762",25,4.67282883446191,"paired",4.79579054559674,4.85981240436167,4.82769534894358,0.122961711134836,0.186983569899766,0.154866514481674,4.54329478227,4.63472898822964,4.78749174278205
"77762",27,4.79579054559674,"unpaired",4.89034912822175,4.80402104473326,4.84699289540126,0.0945585826250124,0.00823049913651541,0.0512023498045142,4.84418708645859,4.60517018598809,4.89034912822175
"77762",28,5.01063529409626,"unpaired",4.99043258677874,4.79579054559674,4.89214364242418,0.0202027073175195,0.214844748499514,0.118491651672072,5.11198778835654,4.89034912822175,5.02388052084628
"77762",29,4.15888308335967,"paired",3.80666248977032,3.95124371858143,3.87827941895172,0.352220593589352,0.207639364778244,0.280603664407949,4.31748811353631,4.21950770517611,4.07753744390572
"77762",30,4.67282883446191,"paired",4.67282883446191,4.70953020131233,4.6911436261813,0,0.0367013668504281,0.018314791719396,4.56434819146784,4.90527477843843,4.70953020131233
"77762",31,5.01063529409626,"unpaired",4.82028156560504,4.77912349311153,4.79965841217846,0.190353728491218,0.231511800984726,0.210976881917795,4.90527477843843,4.969813299576,4.91265488573605
"77762",33,4.79579054559674,"paired",4.78749174278205,4.87519732320115,4.83114550901322,0.00829880281469553,0.0794067776044098,0.0353549634164825,4.93447393313069,4.88280192258637,4.89034912822175
"77762",34,3.91202300542815,"paired",3.68887945411394,3.91202300542815,3.79881314212017,0.22314355131421,0,0.113209863307974,4.34380542185368,4.30406509320417,3.80666248977032
"77762",35,4.35670882668959,"unpaired",4.39444915467244,4.15888308335967,4.27504388866961,0.0377403279828474,0.19782574332992,0.0816649380199781,4.38202663467388,4.71849887129509,4.64439089914137
"77762",36,3.91202300542815,"unpaired",3.63758615972639,3.78418963391826,3.71016385596662,0.27443684570176,0.127833371509885,0.201859149461522,3.80666248977032,3.80666248977032,3.68887945411394
"77762",37,4.90527477843843,"paired",4.74493212836325,4.71849887129509,4.73169704144864,0.160342650075179,0.186775907143335,0.173577736989788,4.60517018598809,4.60517018598809,4.69134788222914
"77762",39,4.35670882668959,"unpaired",4.64439089914137,4.14313472639153,4.38660885162667,0.287682072451781,0.213574100298059,0.0299000249370742,4.59511985013459,4.18965474202643,4.31748811353631
"77762",40,4.79579054559674,"unpaired",4.74493212836325,4.72738781871234,4.73615184978704,0.0508584172334912,0.0684027268844005,0.0596386958096966,4.96284463025991,4.4188406077966,4.78749174278205
"77762",41,3.91202300542815,"paired",3.61091791264422,3.66356164612965,3.63714453549566,0.301105092783922,0.2484613592985,0.274878469932491,4.06044301054642,4.35670882668959,3.63758615972639
"77762",42,4.35670882668959,"paired",4.18965474202643,4.31748811353631,4.25309117566507,0.167054084663167,0.0392207131532816,0.103617651024518,4.77912349311153,4.52178857704904,4.64439089914137
"77762",43,4.15888308335967,"unpaired",3.98898404656427,4.00733318523247,3.9981480894484,0.169899036795397,0.1515498981272,0.160734993911267,3.40119738166216,3.97029191355212,4.4188406077966
"77762",45,4.79579054559674,"paired",4.78749174278205,4.81218435537242,4.79982217025698,0.00829880281469553,0.0163938097756757,0.00403162466023499,4.77912349311153,4.71849887129509,4.65396035015752
"77762",46,4.67282883446191,"paired",4.70953020131233,4.8283137373023,4.76855212483165,0.0367013668504281,0.155484902840396,0.0957232903697403,4.65396035015752,4.38202663467388,4.67282883446191
"77762",47,4.79579054559674,"unpaired",4.8283137373023,4.89034912822175,4.85923243691814,0.0325231917055602,0.0945585826250124,0.0634418913214017,4.94875989037817,5.00394630594546,4.74493212836325
"77762",48,4.90527477843843,"unpaired",4.87519732320115,4.91265488573605,4.8938902673386,0.0300774552372784,0.00738010729762273,0.0113845110998314,5.08759633523238,4.78749174278205,4.85203026391962
"77762",49,4.35670882668959,"paired",3.91202300542815,4.02535169073515,3.96828280482818,0.444685821261446,0.331357135954442,0.388426021861414,4.14313472639153,4.72738781871234,4.18965474202643
"77762",51,5.01063529409626,"unpaired",4.91265488573605,4.79579054559674,4.85387101752741,0.0979804083602032,0.214844748499514,0.156764276568843,4.74493212836325,5.16478597392351,4.82028156560504
"77762",52,4.35670882668959,"unpaired",4.07753744390572,4.55387689160054,4.30913025336183,0.279171382783872,0.197168064910949,0.0475785733277609,4.67282883446191,4.40671924726425,3.91202300542815
"77762",53,3.91202300542815,"paired",3.89182029811063,3.68887945411394,3.78899141418978,0.0202027073175195,0.22314355131421,0.123031591238366,4.35670882668959,4.51085950651685,3.80666248977032
"77762",54,4.52178857704904,"paired",4.52178857704904,4.48863636973214,4.50518197891957,0,0.0331522073169008,0.0166065981294699,4.69134788222914,4.91265488573605,4.4188406077966
"77762",55,4.79579054559674,"unpaired",4.65396035015752,4.66343909411207,4.65869731141358,0.141830195439218,0.132351451484674,0.137093234183165,4.81218435537242,4.70953020131233,4.78749174278205
"77762",57,4.15888308335967,"paired",4.07753744390572,4.18965474202643,4.13321594979622,0.0813456394539518,0.0307716586667537,0.0256671335634469,4.38202663467388,4.31748811353631,3.98898404656427
"77762",58,4.79579054559674,"paired",4.77912349311153,4.74493212836325,4.76199712388411,0.0166670524852117,0.0508584172334912,0.0337934217126348,4.66343909411207,4.35670882668959,4.89034912822175
"77762",59,4.90527477843843,"unpaired",4.85203026391962,4.83628190695148,4.84414968569051,0.0532445145188127,0.0689928714869517,0.0611250927479219,4.70048036579242,4.35670882668959,4.76217393479776
"77762",60,5.01063529409626,"unpaired",4.95582705760126,4.81218435537242,4.88347759639789,0.0548082364949947,0.198450938723838,0.127157697698366,5.02388052084628,5.01063529409626,4.91265488573605
"77762",61,3.91202300542815,"paired",3.68887945411394,3.93182563272433,3.80841578529909,0.22314355131421,0.0198026272961798,0.103607220129055,4.0943445622221,3.43398720448515,3.80666248977032
"77762",63,4.15888308335967,"unpaired",4.12713438504509,4.4188406077966,4.2704975136945,0.0317486983145798,0.259957524436927,0.111614430334827,4.55387689160054,4.04305126783455,4.46590811865458
"77762",64,4.90527477843843,"unpaired",4.87519732320115,4.79579054559674,4.83533093288625,0.0300774552372784,0.109484232841688,0.0699438455521788,4.70048036579242,4.52178857704904,4.91265488573605
"77762",65,4.67282883446191,"paired",4.7361984483945,4.06044301054642,4.385323692311,0.0633696139325899,0.612385823915487,0.287505142150901,4.55387689160054,4.64439089914137,4.88280192258637
"77762",66,4.15888308335967,"paired",4.46590811865458,4.36944785246702,4.41741470074639,0.307025035294912,0.21056476910735,0.258531617386716,3.36729582998647,4.18965474202643,4.02535169073515
"77762",67,4.67282883446191,"unpaired",4.26267987704132,4.51085950651685,4.38501425842492,0.41014895742059,0.161969327945056,0.287814576036981,4.83628190695148,4.72738781871234,4.76217393479776
"77762",69,4.79579054559674,"paired",4.59511985013459,4.7361984483945,4.6651258830169,0.200670695462152,0.0595920972022457,0.130664662579844,4.85203026391962,4.69134788222914,4.85981240436167
"77762",70,4.52178857704904,"paired",4.57471097850338,4.39444915467244,4.48367425136516,0.0529224014543423,0.127339422376601,0.038114325683881,4.68213122712422,4.0943445622221,4.51085950651685
"77762",71,4.67282883446191,"unpaired",4.76217393479776,4.40671924726425,4.58100027693662,0.0893451003358505,0.266109587197652,0.0918285575252833,4.85203026391962,4.97673374242057,4.68213122712422
"77762",72,3.91202300542815,"unpaired",3.80666248977032,4.06044301054642,3.93150557676027,0.105360515657826,0.148420005118273,0.0194825713321269,3.61091791264422,4.24849524204936,3.68887945411394
"77762",73,4.35670882668959,"paired",4.31748811353631,4.38202663467388,4.34963767553161,0.0392207131532816,0.0253178079842895,0.00707115115798462,4.76217393479776,4.27666611901606,4.18965474202643
"77762",75,4.52178857704904,"unpaired",4.4188406077966,4.40671924726425,4.41277576554374,0.102947969252442,0.115069329784787,0.1090128115053,4.55387689160054,4.59511985013459,4.30406509320417
"77762",76,4.15888308335967,"unpaired",4.29045944114839,4.31748811353631,4.30395256000433,0.131576357788719,0.158605030176639,0.145069476644657,4.40671924726425,3.98898404656427,4.46590811865458
"77762",77,4.90527477843843,"paired",4.70953020131233,4.70953020131233,4.70953020131233,0.195744577126096,0.195744577126096,0.195744577126097,4.68213122712422,4.70048036579242,4.69134788222914
"77762",78,4.15888308335967,"paired",4.30406509320417,4.24849524204936,4.27618990106247,0.145182009844499,0.0896121586896879,0.117306817702798,4.57471097850338,4.39444915467244,4.11087386417331
"77762",79,3.91202300542815,"unpaired",3.68887945411394,3.89182029811063,3.78899141418978,0.22314355131421,0.0202027073175195,0.123031591238366,3.2188758248682,3.80666248977032,3.63758615972639
"77762",81,4.79579054559674,"paired",4.78749174278205,4.82028156560504,4.80385867748195,0.00829880281469553,0.0244910200082957,0.00806813188520827,4.54329478227,4.53259949315326,4.77912349311153
"77762",82,4.15888308335967,"paired",4.4188406077966,4.39444915467244,4.40662800489944,0.259957524436927,0.235566071312768,0.247744921539767,4.91998092582813,4.74493212836325,4.12713438504509
"77762",83,4.79579054559674,"unpaired",4.89034912822175,4.71849887129509,4.80365557068295,0.0945585826250124,0.0772916743016472,0.00786502508620401,5.04985600724954,4.80402104473326,4.85981240436167
"77762",84,3.91202300542815,"unpaired",3.76120011569356,3.89182029811063,3.82595281668662,0.150822889734584,0.0202027073175195,0.0860701887415307,4.15888308335967,3.68887945411394,3.68887945411394
"77762",85,4.15888308335967,"paired",4.11087386417331,3.8286413964891,3.96724865015026,0.0480092191863601,0.330241686870576,0.191634433209416,4.04305126783455,4.23410650459726,4.30406509320417
"77762",87,3.91202300542815,"unpaired",3.85014760171006,4.33073334028633,4.08337637057242,0.0618754037180875,0.418710334858185,0.171353365144277,4.44265125649032,4.0943445622221,4.04305126783455
"77762",88,4.90527477843843,"unpaired",4.69134788222914,4.76217393479776,4.72662824895509,0.213926896209286,0.143100843640673,0.178646529483338,4.23410650459726,5.08759633523238,4.74493212836325
"77762",89,3.91202300542815,"paired",3.89182029811063,3.76120011569356,3.82595281668662,0.0202027073175195,0.150822889734584,0.0860701887415307,3.98898404656427,3.80666248977032,3.89182029811063
"77762",90,5.01063529409626,"paired",4.8283137373023,4.88280192258637,4.85548139728182,0.182321556793954,0.127833371509885,0.155153896814431,4.9272536851572,4.74493212836325,4.99043258677874
"77762",91,4.52178857704904,"unpaired",4.12713438504509,4.72738781871234,4.41707650126767,0.394654192003949,0.2055992416633,0.104712075781374,4.30406509320417,4.00733318523247,4.51085950651685
"77762",93,4.35670882668959,"paired",4.23410650459726,4.38202663467388,4.30743165670578,0.122602322092332,0.0253178079842895,0.0492771699838102,3.52636052461616,4.74493212836325,4.35670882668959
"77762",94,4.35670882668959,"paired",4.52178857704904,4.49980967033027,4.51078573711878,0.165079750359449,0.143100843640673,0.154076910429186,4.17438726989564,4.47733681447821,4.07753744390572
"77762",95,4.15888308335967,"unpaired",4.29045944114839,4.00733318523247,4.14648049536084,0.131576357788719,0.1515498981272,0.0124025879988272,4.4188406077966,4.35670882668959,4.30406509320417
"77762",96,4.52178857704904,"unpaired",4.51085950651685,4.36944785246702,4.43959067747585,0.0109290705321907,0.152340724582019,0.0821978995731882,4.74493212836325,4.27666611901606,4.67282883446191
"77791",1,4.52178857704904,"paired",4.38202663467388,4.33073334028633,4.35630449404135,0.139761942375159,0.191055236762709,0.165484083007687,4.40671924726425,4.12713438504509,4.29045944114839
"77791",3,3.91202300542815,"unpaired",3.85014760171006,3.93182563272433,3.89077229225455,0.0618754037180875,0.0198026272961798,0.0212507131735999,4.40671924726425,4.24849524204936,3.89182029811063
"77791",4,4.67282883446191,"unpaired",4.65396035015752,4.61512051684126,4.63449974609749,0.0188684843043827,0.0577083176206461,0.0383290883644136,4.49980967033027,4.76217393479776,4.61512051684126
"77791",5,3.91202300542815,"paired",3.73766961828337,3.95124371858143,3.84297327617234,0.174353387144778,0.0392207131532816,0.0690497292558017,4.14313472639153,3.68887945411394,4.56434819146784
"77791",6,4.35670882668959,"paired",4.31748811353631,4.36944785246702,4.34339028475949,0.0392207131532816,0.0127390257774298,0.0133185419301025,4.57471097850338,4.0943445622221,4.35670882668959
"77791",7,3.91202300542815,"unpaired",3.93182563272433,4.11087386417331,4.02035312280565,0.0198026272961798,0.198850858745165,0.108330117377502,4.66343909411207,4.33073334028633,4.56434819146784
"77791",9,4.90527477843843,"paired",5.02388052084628,5.06259503302697,5.04320062771226,0.118605742407847,0.157320254588537,0.137925849273826,4.59511985013459,4.87519732320115,4.63472898822964
"77791",10,3.91202300542815,"paired",3.89182029811063,4.15888308335967,4.0231362891764,0.0202027073175195,0.246860077931526,0.111113283748257,4.40671924726425,3.55534806148941,4.56434819146784
"77791",11,4.67282883446191,"unpaired",4.95582705760126,4.51085950651685,4.72811163102502,0.282998223139355,0.161969327945056,0.0552827965631142,4.86753445045558,5.00394630594546,4.58496747867057
"77791",12,4.52178857704904,"unpaired",4.48863636973214,4.43081679884331,4.45963288073225,0.0331522073169008,0.0909717782057271,0.0621556963167906,4.58496747867057,4.40671924726425,4.46590811865458
"77791",13,4.67282883446191,"paired",4.61512051684126,4.49980967033027,4.55710038636652,0.0577083176206461,0.173019164131641,0.115728448095383,4.40671924726425,4.87519732320115,4.95582705760126
"77791",15,4.79579054559674,"unpaired",4.9416424226093,4.77068462446567,4.85541115922735,0.145851877012563,0.0251059211310762,0.0596206136306074,4.85203026391962,4.70048036579242,4.47733681447821
"77791",16,4.15888308335967,"unpaired",4.31748811353631,4.17438726989564,4.24533478292015,0.158605030176639,0.0155041865359653,0.0864516995604818,4.39444915467244,4.06044301054642,4.31748811353631
"77791",17,4.52178857704904,"paired",4.43081679884331,4.34380542185368,4.38709539833088,0.0909717782057271,0.177983155195356,0.134693178718162,4.86753445045558,4.0943445622221,4.38202663467388
"77791",18,4.67282883446191,"paired",4.53259949315326,4.63472898822964,4.58337978602607,0.14022934130865,0.0380998462322699,0.0894490484358386,4.52178857704904,4.65396035015752,4.63472898822964
"77791",19,4.90527477843843,"unpaired",4.56434819146784,4.7361984483945,4.64947941412393,0.340926586970594,0.169076330043934,0.255795364314501,4.84418708645859,4.78749174278205,4.49980967033027
"77791",21,4.52178857704904,"paired",4.29045944114839,4.36944785246702,4.32977352655109,0.23132913590065,0.152340724582019,0.192015050497948,4.7361984483945,4.74493212836325,4.29045944114839
"77791",22,4.52178857704904,"paired",4.67282883446191,4.63472898822964,4.65373992140901,0.151040257412865,0.112940411180595,0.131951344359965,4.77068462446567,4.49980967033027,4.23410650459726
"77791",23,5.01063529409626,"unpaired",5.05624580534831,4.93447393313069,4.99498880138811,0.0456105112520522,0.076161360965564,0.0156464927081457,4.44265125649032,4.89783979995091,4.68213122712422
"77791",24,4.67282883446191,"unpaired",4.63472898822964,4.70953020131233,4.67197989560799,0.0380998462322699,0.0367013668504281,0.000848938853918568,4.90527477843843,4.57471097850338,4.60517018598809
"77791",25,4.67282883446191,"paired",4.51085950651685,4.62497281328427,4.56755980608742,0.161969327945056,0.0478560211776351,0.105269028374487,4.72738781871234,4.52178857704904,4.26267987704132
"77791",27,4.79579054559674,"unpaired",4.969813299576,4.62497281328427,4.79429362864203,0.174022753979259,0.170817732312471,0.0014969169547081,4.78749174278205,4.80402104473326,4.69134788222914
"77791",28,5.01063529409626,"unpaired",5.04985600724954,4.79579054559674,4.92118397300815,0.0392207131532816,0.214844748499514,0.0894513210881094,4.89783979995091,4.74493212836325,4.98360662170834
"77791",29,4.15888308335967,"paired",4.06044301054642,4.0943445622221,4.07735855186216,0.0984400728132524,0.0645385211375711,0.0815245314975144,3.80666248977032,4.51085950651685,4.31748811353631
"77791",30,4.67282883446191,"paired",4.58496747867057,4.59511985013459,4.59004085749361,0.0878613557913335,0.077708984327316,0.0827879769682944,4.49980967033027,4.97673374242057,4.61512051684126
"77791",31,5.01063529409626,"unpaired",4.89783979995091,4.76217393479776,4.8295305188125,0.112795494145344,0.248461359298499,0.18110477528376,4.83628190695148,4.7361984483945,4.68213122712422
"77791",33,4.79579054559674,"paired",4.39444915467244,4.55387689160054,4.4734528562148,0.401341390924302,0.241913653996201,0.322337689381942,4.64439089914137,4.969813299576,4.54329478227
"77791",34,3.91202300542815,"paired",4.0943445622221,3.93182563272433,4.01226231681707,0.182321556793954,0.0198026272961798,0.100239311388928,3.55534806148941,3.95124371858143,3.61091791264422
"77791",35,4.35670882668959,"unpaired",4.26267987704132,4.31748811353631,4.28999646863914,0.0940289496482762,0.0392207131532816,0.0667123580504505,4.0943445622221,4.53259949315326,4.4188406077966
"77791",36,3.91202300542815,"unpaired",3.76120011569356,3.91202300542815,3.83587035503186,0.150822889734584,0,0.0761526503962902,4.21950770517611,4.23410650459726,3.68887945411394
"77791",37,4.90527477843843,"paired",4.58496747867057,4.62497281328427,4.60492670285249,0.320307299767857,0.280301965154159,0.300348075585938,5.07517381523383,5.08759633523238,4.29045944114839
"77791",39,4.35670882668959,"unpaired",4.35670882668959,4.23410650459726,4.29497021895644,0,0.122602322092332,0.0617386077331554,4.82028156560504,4.11087386417331,4.23410650459726
"77791",40,4.79579054559674,"unpaired",4.64439089914137,4.64439089914137,4.64439089914137,0.151399646455369,0.151399646455369,0.151399646455369,4.69134788222914,4.52178857704904,4.9416424226093
"77791",41,3.91202300542815,"paired",4.4188406077966,3.71357206670431,4.05088669902432,0.506817602368452,0.198450938723838,0.138863693596172,3.25809653802148,3.8286413964891,3.89182029811063
"77791",42,4.35670882668959,"paired",4.4188406077966,4.47733681447821,4.44799255064562,0.0621317811070066,0.120627987788615,0.0912837239560327,4.43081679884331,4.0943445622221,4.31748811353631
"77791",43,4.15888308335967,"unpaired",3.87120101090789,4.40671924726425,4.13029006303391,0.28768207245178,0.247836163904582,0.0285930203257649,3.73766961828337,4.4188406077966,3.98898404656427
"77791",45,4.79579054559674,"paired",4.64439089914137,4.53259949315326,4.58815473098432,0.151399646455369,0.263191052443485,0.207635814612423,4.60517018598809,4.35670882668959,4.969813299576
"77791",46,4.67282883446191,"paired",4.60517018598809,4.67282883446191,4.63887616052525,0.067658648473814,0,0.0339526739366596,4.77068462446567,4.35670882668959,4.95582705760126
"77791",47,4.79579054559674,"unpaired",4.69134788222914,4.77068462446567,4.73084994580996,0.104442663367598,0.0251059211310762,0.0649405997867785,4.65396035015752,4.89034912822175,4.45434729625351
"77791",48,4.90527477843843,"unpaired",4.63472898822964,4.77912349311153,4.70637250882814,0.270545790208794,0.1261512853269,0.198902269610289,4.8283137373023,4.7361984483945,4.29045944114839
"77791",49,4.35670882668959,"paired",4.21950770517611,4.04305126783455,4.13033727158569,0.137201121513485,0.313657558855041,0.226371555103904,4.46590811865458,4.66343909411207,4.35670882668959
"77791",51,5.01063529409626,"unpaired",4.74493212836325,4.8283137373023,4.78644136890272,0.265703165733005,0.182321556793954,0.224193925193537,4.66343909411207,4.9416424226093,4.98360662170834
"77791",52,4.35670882668959,"unpaired",4.23410650459726,4.46590811865458,4.34846301744985,0.122602322092332,0.109199291964992,0.00824580923973794,4.62497281328427,4.39444915467244,4.35670882668959
"77791",53,3.91202300542815,"paired",3.8286413964891,3.95124371858143,3.88945950854079,0.0833816089390509,0.0392207131532816,0.0225634968873565,4.24849524204936,3.46573590279973,4.0943445622221
"77791",54,4.52178857704904,"paired",4.45434729625351,4.51085950651685,4.48251434427518,0.0674412807955331,0.0109290705321907,0.0392742327738587,4.78749174278205,4.26267987704132,4.67282883446191
"77791",55,4.79579054559674,"unpaired",4.45434729625351,4.64439089914137,4.54837663835514,0.341443249343234,0.151399646455369,0.247413907241605,4.88280192258637,4.60517018598809,4.64439089914137
"77791",57,4.15888308335967,"paired",4.00733318523247,4.23410650459726,4.11915956302754,0.1515498981272,0.0752234212375882,0.039723520332128,4.33073334028633,4.53259949315326,4.31748811353631
"77791",58,4.79579054559674,"paired",4.57471097850338,4.63472898822964,4.60462219784012,0.221079567093359,0.161061557367105,0.19116834775662,4.76217393479776,4.87519732320115,4.39444915467244
"77791",59,4.90527477843843,"unpaired",4.62497281328427,4.70953020131233,4.66706001080024,0.280301965154159,0.195744577126096,0.23821476763819,4.46590811865458,4.60517018598809,4.63472898822964
"77791",60,5.01063529409626,"unpaired",4.68213122712422,4.80402104473326,4.7426845719811,0.328504066972036,0.206614249362999,0.26795072211516,4.76217393479776,4.74493212836325,5.04985600724954
"77791",61,3.91202300542815,"paired",4.56434819146784,3.71357206670431,4.11704213562933,0.65232518603969,0.198450938723838,0.205019130201181,3.29583686600433,4.24849524204936,3.61091791264422
"77791",63,4.15888308335967,"unpaired",3.98898404656427,4.15888308335967,4.07304778649205,0.169899036795397,0,0.0858352968676241,3.85014760171006,4.53259949315326,4.15888308335967
"77791",64,4.90527477843843,"unpaired",4.29045944114839,4.74493212836325,4.51197726587185,0.614815337290039,0.160342650075179,0.393297512566577,4.91998092582813,4.70048036579242,4.49980967033027
"77791",65,4.67282883446191,"paired",4.24849524204936,4.35670882668959,4.30226181457907,0.424333592412546,0.316120007772314,0.370567019882838,4.67282883446191,4.56434819146784,4.95582705760126
"77791",66,4.15888308335967,"paired",4.06044301054642,4.15888308335967,4.10936829056578,0.0984400728132524,0,0.0495147927938921,4.18965474202643,4.23410650459726,3.87120101090789
"77791",67,4.67282883446191,"unpaired",4.4188406077966,4.65396035015752,4.53487695338598,0.253988226665308,0.0188684843043827,0.137951881075922,4.64439089914137,4.81218435537242,4.61512051684126
"77791",69,4.79579054559674,"paired",4.47733681447821,4.56434819146784,4.52063316270586,0.318453731118534,0.231442354128905,0.275157382890884,4.91998092582813,4.93447393313069,4.969813299576
"77791",70,4.52178857704904,"paired",4.46590811865458,4.47733681447821,4.47161881534297,0.0558804583944568,0.0444517625708336,0.0501697617060701,4.66343909411207,4.52178857704904,4.38202663467388
"77791",71,4.67282883446191,"unpaired",4.26267987704132,4.53259949315326,4.39556829660876,0.41014895742059,0.14022934130865,0.277260537853144,4.71849887129509,4.70048036579242,4.4188406077966
"77791",72,3.91202300542815,"unpaired",3.61091791264422,3.78418963391826,3.69653866934434,0.301105092783922,0.127833371509885,0.215484336083804,3.98898404656427,4.90527477843843,3.55534806148941
"77791",73,4.35670882668959,"paired",4.00733318523247,4.02535169073515,4.01633233342494,0.34937564145712,0.331357135954442,0.340376493264655,4.18965474202643,4.77912349311153,4.36944785246702
"77791",75,4.52178857704904,"unpaired",4.23410650459726,4.51085950651685,4.37029284806721,0.287682072451781,0.0109290705321907,0.151495728981833,4.64439089914137,4.72738781871234,4.45434729625351
"77791",76,4.15888308335967,"unpaired",4.04305126783455,4.24849524204936,4.14450046142556,0.115831815525121,0.0896121586896879,0.0143826219341072,4.06044301054642,3.58351893845611,4.45434729625351
"77791",77,4.90527477843843,"paired",4.49980967033027,4.31748811353631,4.40770629294043,0.405465108108165,0.58778666490212,0.497568485498001,4.51085950651685,4.9416424226093,4.78749174278205
"77791",78,4.15888308335967,"paired",4.31748811353631,4.38202663467388,4.34963767553161,0.158605030176639,0.22314355131421,0.190754592171936,4.27666611901606,4.43081679884331,3.98898404656427
"77791",79,3.91202300542815,"unpaired",3.55534806148941,4.07753744390572,3.80750112893492,0.356674943938732,0.165514438477574,0.104521876493224,3.76120011569356,4.04305126783455,3.73766961828337
"77791",81,4.79579054559674,"paired",4.54329478227,4.43081679884331,4.48670333801769,0.252495763326738,0.364973746753428,0.309087207579049,4.70953020131233,4.87519732320115,4.64439089914137
"77791",82,4.15888308335967,"paired",4.45434729625351,4.33073334028633,4.39210545696473,0.295464212893836,0.17185025692666,0.233222373605057,4.47733681447821,3.98898404656427,3.98898404656427
"77791",83,4.79579054559674,"unpaired",4.45434729625351,4.72738781871234,4.5888372327446,0.341443249343234,0.0684027268844005,0.206953312852146,4.85203026391962,4.74493212836325,4.64439089914137
"77791",84,3.91202300542815,"unpaired",3.71357206670431,4.26267987704132,3.97866421311012,0.198450938723838,0.35065687161317,0.0666412076819758,3.80666248977032,3.97029191355212,4.4188406077966
"77791",85,4.15888308335967,"paired",3.91202300542815,4.15888308335967,4.0335649615432,0.246860077931526,0,0.125318121816474,4.68213122712422,4.21950770517611,4.15888308335967
"77791",87,3.91202300542815,"unpaired",3.89182029811063,4.11087386417331,3.9998477905493,0.0202027073175195,0.198850858745165,0.0878247851211591,3.71357206670431,3.61091791264422,4.56434819146784
"77791",88,4.90527477843843,"unpaired",4.78749174278205,4.78749174278205,4.78749174278205,0.117783035656384,0.117783035656384,0.117783035656384,4.7361984483945,4.67282883446191,4.29045944114839
"77791",89,3.91202300542815,"paired",3.68887945411394,3.95124371858143,3.81780850379793,0.22314355131421,0.0392207131532816,0.0942145016302178,3.93182563272433,3.68887945411394,3.93182563272433
"77791",90,5.01063529409626,"paired",4.98360662170834,5.03695260241363,5.01020861268467,0.0270286723879192,0.026317308317374,0.000426681411589414,4.94875989037817,4.85203026391962,5.04985600724954
"77791",91,4.52178857704904,"unpaired",4.29045944114839,4.54329478227,4.41506760905318,0.23132913590065,0.0215062052209634,0.10672096799586,4.78749174278205,4.61512051684126,4.43081679884331
"77791",93,4.35670882668959,"paired",4.53259949315326,4.29045944114839,4.40986783116499,0.175890666463665,0.0662493855412007,0.0531590044753969,4.85981240436167,4.29045944114839,4.31748811353631
"77791",94,4.35670882668959,"paired",4.36944785246702,4.47733681447821,4.42306338738134,0.0127390257774298,0.120627987788615,0.066354560691753,4.47733681447821,4.21950770517611,4.23410650459726
"77791",95,4.15888308335967,"unpaired",4.15888308335967,4.38202663467388,4.26899712365524,0,0.22314355131421,0.110114040295569,4.36944785246702,4.56434819146784,3.98898404656427
"77791",96,4.52178857704904,"unpaired",4.40671924726425,4.56434819146784,4.48484124875754,0.115069329784787,0.0425596144187956,0.0369473282914994,4.7361984483945,4.12713438504509,4.46590811865458
"78052",1,4.52178857704904,"paired",4.14313472639153,4.30406509320417,4.2228333559713,0.378653850657508,0.21772348384487,0.298955221077744,4.45434729625351,4.45434729625351,3.87120101090789
"78052",3,3.91202300542815,"unpaired",3.68887945411394,4.45434729625351,4.05358486066809,0.22314355131421,0.542324290825361,0.141561855239943,4.18965474202643,4.02535169073515,3.2188758248682
"78052",4,4.67282883446191,"unpaired",4.38202663467388,4.74493212836325,4.55987049884178,0.290802199788025,0.0721032939013444,0.112958335620126,4.38202663467388,4.79579054559674,4.51085950651685
"78052",5,3.91202300542815,"paired",3.2188758248682,3.2188758248682,3.2188758248682,0.693147180559945,0.693147180559945,0.693147180559945,4.18965474202643,4.40671924726425,3.29583686600433
"78052",6,4.35670882668959,"paired",4.60517018598809,4.61512051684126,4.61014266687044,0.2484613592985,0.258411690151668,0.253433840180851,4.53259949315326,4.74493212836325,3.80666248977032
"78052",7,3.91202300542815,"unpaired",3.80666248977032,3.95124371858143,3.87827941895172,0.105360515657826,0.0392207131532816,0.0337435864764233,3.80666248977032,4.15888308335967,3.25809653802148
"78052",9,4.90527477843843,"paired",4.74493212836325,4.86753445045558,4.8058423403064,0.160342650075179,0.0377403279828474,0.099432438132034,4.79579054559674,4.70048036579242,4.31748811353631
"78052",10,3.91202300542815,"paired",3.55534806148941,3.61091791264422,3.58302525820249,0.356674943938732,0.301105092783922,0.328997747225652,4.20469261939097,4.60517018598809,3.2188758248682
"78052",11,4.67282883446191,"unpaired",4.85981240436167,4.46590811865458,4.6586989247833,0.186983569899766,0.206920715807322,0.0141299096786094,4.49980967033027,4.77068462446567,4.51085950651685
"78052",12,4.52178857704904,"unpaired",4.49980967033027,4.45434729625351,4.47702077711183,0.0219789067187754,0.0674412807955331,0.0447677999372118,4.53259949315326,4.52178857704904,4.24849524204936
"78052",13,4.67282883446191,"paired",4.60517018598809,4.60517018598809,4.60517018598809,0.067658648473814,0.067658648473814,0.067658648473814,4.44265125649032,4.67282883446191,4.85203026391962
"78052",15,4.79579054559674,"unpaired",4.70048036579242,4.52178857704904,4.61026880178189,0.0953101798043248,0.274001968547701,0.185521743814849,4.93447393313069,4.72738781871234,4.74493212836325
"78052",16,4.15888308335967,"unpaired",3.40119738166216,4.0943445622221,3.73171194020285,0.757685701697516,0.0645385211375711,0.427171143156825,4.35670882668959,4.46590811865458,3.91202300542815
"78052",17,4.52178857704904,"paired",3.91202300542815,3.91202300542815,3.91202300542815,0.609765571620895,0.609765571620895,0.609765571620895,4.07753744390572,4.00733318523247,3.87120101090789
"78052",18,4.67282883446191,"paired",4.34380542185368,4.23410650459726,4.28860522680458,0.329023412608222,0.438722329864646,0.38422360765733,4.77068462446567,4.81218435537242,4.20469261939097
"78052",19,4.90527477843843,"unpaired",4.60517018598809,4.70953020131233,4.65705787736142,0.300104592450338,0.195744577126096,0.248216901077011,4.96284463025991,5.03043792139244,4.61512051684126
"78052",21,4.52178857704904,"paired",4.44265125649032,4.43081679884331,4.43673008178993,0.0791373205587238,0.0909717782057271,0.0850584952591147,4.46590811865458,4.30406509320417,3.87120101090789
"78052",22,4.52178857704904,"paired",4.34380542185368,4.27666611901606,4.31010504225128,0.177983155195356,0.245122458032985,0.211683534797762,4.70048036579242,4.24849524204936,4.14313472639153
"78052",23,5.01063529409626,"unpaired",4.78749174278205,4.72738781871234,4.75734486315778,0.22314355131421,0.283247475383915,0.253290430938471,4.91265488573605,4.969813299576,4.86753445045558
"78052",24,4.67282883446191,"unpaired",4.51085950651685,4.67282883446191,4.59112996660501,0.161969327945056,0,0.0816988678568933,4.85981240436167,4.93447393313069,4.20469261939097
"78052",25,4.67282883446191,"paired",3.80666248977032,3.80666248977032,3.80666248977032,0.866166344691586,0.866166344691586,0.866166344691587,4.71849887129509,4.71849887129509,4.85203026391962
"78052",27,4.79579054559674,"unpaired",4.38202663467388,4.44265125649032,4.41223482313758,0.41376391092286,0.353139289106425,0.383555722459157,4.9416424226093,5.02388052084628,4.65396035015752
"78052",28,5.01063529409626,"unpaired",4.86753445045558,4.79579054559674,4.83152933322994,0.143100843640673,0.214844748499514,0.179105960866319,4.97673374242057,4.74493212836325,4.31748811353631
"78052",29,4.15888308335967,"paired",3.40119738166216,3.40119738166216,3.40119738166216,0.757685701697516,0.757685701697516,0.757685701697516,3.95124371858143,4.74493212836325,4.14313472639153
"78052",30,4.67282883446191,"paired",4.35670882668959,4.24849524204936,4.30226181457907,0.316120007772314,0.424333592412546,0.370567019882838,4.94875989037817,4.94875989037817,4.85203026391962
"78052",31,5.01063529409626,"unpaired",4.31748811353631,4.70048036579242,4.50491599335876,0.693147180559945,0.310154928303839,0.505719300737493,4.75359019110636,4.93447393313069,4.86753445045558
"78052",33,4.79579054559674,"paired",4.74493212836325,4.72738781871234,4.73615184978704,0.0508584172334912,0.0684027268844005,0.0596386958096966,4.48863636973214,4.54329478227,4.70048036579242
"78052",34,3.91202300542815,"paired",3.36729582998647,3.43398720448515,3.40047802432095,0.544727175441672,0.478035800943,0.511544981107192,3.49650756146648,4.40671924726425,3.2188758248682
"78052",35,4.35670882668959,"unpaired",3.55534806148941,3.98898404656427,3.76592972548141,0.801360765200178,0.367724780125317,0.590779101208181,4.43081679884331,4.58496747867057,3.91202300542815
"78052",36,3.91202300542815,"unpaired",3.2188758248682,3.2188758248682,3.2188758248682,0.693147180559945,0.693147180559945,0.693147180559945,3.87120101090789,3.61091791264422,3.43398720448515
"78052",37,4.90527477843843,"paired",4.61512051684126,4.61512051684126,4.61512051684126,0.29015426159717,0.29015426159717,0.29015426159717,4.44265125649032,4.38202663467388,4.60517018598809
"78052",39,4.35670882668959,"unpaired",3.91202300542815,3.76120011569356,3.83587035503186,0.444685821261446,0.595508710996029,0.520838471657736,4.4188406077966,3.93182563272433,3.80666248977032
"78052",40,4.79579054559674,"unpaired",4.65396035015752,4.68213122712422,4.66802453777511,0.141830195439218,0.113659318472521,0.127766007821632,4.69134788222914,4.36944785246702,4.38202663467388
"78052",41,3.91202300542815,"paired",3.25809653802148,3.25809653802148,3.25809653802148,0.653926467406664,0.653926467406664,0.653926467406664,4.12713438504509,3.85014760171006,3.29583686600433
"78052",42,4.35670882668959,"paired",4.0943445622221,4.0943445622221,4.0943445622221,0.262364264467491,0.262364264467491,0.262364264467491,4.70953020131233,4.15888308335967,3.80666248977032
"78052",43,4.15888308335967,"unpaired",3.40119738166216,3.80666248977032,3.59822324113976,0.757685701697516,0.352220593589352,0.560659842219907,4.36944785246702,4.38202663467388,3.98898404656427
"78052",45,4.79579054559674,"paired",4.60517018598809,4.60517018598809,4.60517018598809,0.19062035960865,0.19062035960865,0.19062035960865,5.08759633523238,4.85981240436167,4.74493212836325
"78052",46,4.67282883446191,"paired",4.38202663467388,4.38202663467388,4.38202663467388,0.290802199788025,0.290802199788025,0.290802199788025,4.74493212836325,4.71849887129509,4.85203026391962
"78052",47,4.79579054559674,"unpaired",4.65396035015752,4.70048036579242,4.67716252113307,0.141830195439218,0.0953101798043248,0.118628024463673,4.82028156560504,4.89034912822175,4.38202663467388
"78052",48,4.90527477843843,"unpaired",4.74493212836325,4.80402104473326,4.77438517512863,0.160342650075179,0.101253733705173,0.130889603309803,4.80402104473326,4.62497281328427,4.74493212836325
"78052",49,4.35670882668959,"paired",3.80666248977032,3.68887945411394,3.74730824022523,0.550046336919272,0.667829372575655,0.609400586464359,4.40671924726425,4.70048036579242,4.21950770517611
"78052",51,5.01063529409626,"unpaired",4.85981240436167,4.82028156560504,4.84000662654952,0.150822889734584,0.190353728491218,0.170628667546737,4.68213122712422,4.78749174278205,4.31748811353631
"78052",52,4.35670882668959,"unpaired",4.21950770517611,4.29045944114839,4.25483568080733,0.137201121513485,0.0662493855412007,0.101873145882258,3.97029191355212,3.91202300542815,3.61091791264422
"78052",53,3.91202300542815,"paired",3.29583686600433,3.2188758248682,3.25712904421834,0.616186139423817,0.693147180559945,0.654893961209801,4.33073334028633,3.63758615972639,3.40119738166216
"78052",54,4.52178857704904,"paired",4.24849524204936,4.24849524204936,4.24849524204936,0.273293334999681,0.273293334999681,0.273293334999681,4.54329478227,4.75359019110636,3.87120101090789
"78052",55,4.79579054559674,"unpaired",4.39444915467244,4.38202663467388,4.38823349885746,0.401341390924302,0.41376391092286,0.407557046739285,4.21950770517611,4.97673374242057,4.60517018598809
"78052",57,4.15888308335967,"paired",3.68887945411394,3.68887945411394,3.68887945411394,0.470003629245735,0.470003629245735,0.470003629245735,4.0943445622221,4.18965474202643,4.39444915467244
"78052",58,4.79579054559674,"paired",4.8283137373023,4.8283137373023,4.8283137373023,0.0325231917055602,0.0325231917055602,0.0325231917055611,4.36944785246702,4.38202663467388,4.74493212836325
"78052",59,4.90527477843843,"unpaired",4.78749174278205,4.9272536851572,4.85687001393722,0.117783035656384,0.0219789067187754,0.0484047645012096,4.70048036579242,5.03695260241363,4.74493212836325
"78052",60,5.01063529409626,"unpaired",4.86753445045558,4.91998092582813,4.89368742892849,0.143100843640673,0.0906543682681304,0.116947865167765,4.9416424226093,4.77912349311153,4.85981240436167
"78052",61,3.91202300542815,"paired",3.43398720448515,3.49650756146648,3.46510638025176,0.478035800943,0.415515443961666,0.446916625176387,4.34380542185368,3.97029191355212,3.8286413964891
"78052",63,4.15888308335967,"unpaired",3.91202300542815,4.34380542185368,4.12226475876976,0.246860077931526,0.184922338494013,0.0366183245899094,3.71357206670431,4.12713438504509,4.14313472639153
"78052",64,4.90527477843843,"unpaired",4.91265488573605,4.72738781871234,4.81913113168404,0.00738010729762273,0.177886959726089,0.0861436467543921,4.72738781871234,4.91265488573605,4.74493212836325
"78052",65,4.67282883446191,"paired",4.20469261939097,4.20469261939097,4.20469261939097,0.46813621507094,0.46813621507094,0.46813621507094,4.83628190695148,5.01063529409626,3.80666248977032
"78052",66,4.15888308335967,"paired",4.39444915467244,4.30406509320417,4.34902232811999,0.235566071312768,0.145182009844499,0.190139244760319,4.48863636973214,4.63472898822964,3.87120101090789
"78052",67,4.67282883446191,"unpaired",4.11087386417331,4.26267987704132,4.18608878284571,0.561954970288594,0.41014895742059,0.486740051616199,4.74493212836325,4.84418708645859,4.60517018598809
"78052",69,4.79579054559674,"paired",4.79579054559674,4.79579054559674,4.79579054559674,0,0,0,4.77068462446567,4.91265488573605,4.70048036579242
"78052",70,4.52178857704904,"paired",4.30406509320417,4.31748811353631,4.31077137874366,0.21772348384487,0.20430046351273,0.211017198305376,4.77068462446567,4.69134788222914,4.24849524204936
"78052",71,4.67282883446191,"unpaired",4.85203026391962,4.43081679884331,4.63664288056253,0.179201429457711,0.242012035618592,0.0361859538993761,4.8283137373023,4.63472898822964,4.34380542185368
"78052",72,3.91202300542815,"unpaired",3.40119738166216,3.46573590279973,3.43331499838494,0.51082562376599,0.446287102628419,0.478708007043209,4.57471097850338,4.18965474202643,3.2188758248682
"78052",73,4.35670882668959,"paired",3.61091791264422,3.52636052461616,3.56838876592475,0.745790914045367,0.83034830207343,0.788320060764839,4.40671924726425,4.4188406077966,3.55534806148941
"78052",75,4.52178857704904,"unpaired",4.0943445622221,3.97029191355212,4.03184115593441,0.42744401482694,0.551496663496919,0.489947421114632,4.70048036579242,4.07753744390572,4.44265125649032
"78052",76,4.15888308335967,"unpaired",3.87120101090789,4.23410650459726,4.04858955451014,0.28768207245178,0.0752234212375882,0.110293528849534,4.29045944114839,3.76120011569356,3.40119738166216
"78052",77,4.90527477843843,"paired",4.31748811353631,4.29045944114839,4.30395256000433,0.58778666490212,0.614815337290039,0.601322218434101,4.8283137373023,4.77912349311153,4.61512051684126
"78052",78,4.15888308335967,"paired",4.14313472639153,3.98898404656427,4.06532880912999,0.0157483569681389,0.169899036795397,0.0935542742296818,4.60517018598809,4.02535169073515,3.91202300542815
"78052",79,3.91202300542815,"unpaired",3.2188758248682,3.73766961828337,3.46858679805432,0.693147180559945,0.174353387144778,0.44343620737383,3.58351893845611,4.34380542185368,3.36729582998647
"78052",81,4.79579054559674,"paired",4.96284463025991,4.96284463025991,4.96284463025991,0.167054084663166,0.167054084663166,0.167054084663166,4.80402104473326,4.84418708645859,4.79579054559674
"78052",82,4.15888308335967,"paired",3.80666248977032,3.87120101090789,3.8387961236023,0.352220593589352,0.28768207245178,0.320086959757376,4.02535169073515,4.20469261939097,3.40119738166216
"78052",83,4.79579054559674,"unpaired",4.8283137373023,4.75359019110636,4.79080628091184,0.0325231917055602,0.0422003544903768,0.00498426468490187,4.71849887129509,4.72738781871234,4.65396035015752
"78052",84,3.91202300542815,"unpaired",3.8286413964891,3.97029191355212,3.8988234092315,0.0833816089390509,0.058268908123976,0.0131995961966438,3.87120101090789,3.93182563272433,3.61091791264422
"78052",85,4.15888308335967,"paired",3.98898404656427,3.97029191355212,3.9796270055575,0.169899036795397,0.18859116980755,0.17925607780217,4.17438726989564,4.0943445622221,3.91202300542815
"78052",87,3.91202300542815,"unpaired",3.61091791264422,3.71357206670431,3.66188529251775,0.301105092783922,0.198450938723838,0.250137712910395,4.38202663467388,3.55534806148941,3.2188758248682
"78052",88,4.90527477843843,"unpaired",4.74493212836325,4.9416424226093,4.84228849800605,0.160342650075179,0.0363676441708742,0.0629862804323791,4.52178857704904,4.83628190695148,4.31748811353631
"78052",89,3.91202300542815,"paired",3.2188758248682,3.2188758248682,3.2188758248682,0.693147180559945,0.693147180559945,0.693147180559945,3.8286413964891,4.47733681447821,3.29583686600433
"78052",90,5.01063529409626,"paired",4.98360662170834,4.99721227376411,4.9904048109961,0.0270286723879192,0.0134230203321408,0.0202304831001561,4.78749174278205,5.04342511691925,4.86753445045558
"78052",91,4.52178857704904,"unpaired",3.87120101090789,4.62497281328427,4.23133541925095,0.650587566141149,0.10318423623523,0.290453157798094,4.54329478227,4.65396035015752,3.91202300542815
"78052",93,4.35670882668959,"paired",4.31748811353631,3.89182029811063,4.09913257618145,0.0392207131532816,0.464888528578965,0.257576250508142,4.70953020131233,4.43081679884331,4.60517018598809
"78052",94,4.35670882668959,"paired",4.76217393479776,4.70048036579242,4.73122659349616,0.405465108108165,0.343771539102825,0.374517766806568,4.35670882668959,3.78418963391826,3.80666248977032
"78052",95,4.15888308335967,"unpaired",4.14313472639153,4.33073334028633,4.2358956187425,0.0157483569681389,0.17185025692666,0.0770125353828268,4.79579054559674,4.39444915467244,3.40119738166216
"78052",96,4.52178857704904,"unpaired",4.24849524204936,4.70048036579242,4.46877706642606,0.273293334999681,0.178691788743376,0.0530115106229792,4.55387689160054,4.76217393479776,4.0943445622221
"78091",1,4.52178857704904,"paired",4.18965474202643,4.24849524204936,4.21897241485753,0.332133835022615,0.273293334999681,0.302816162191507,4.14313472639153,4.52178857704904,4.77912349311153
"78091",3,3.91202300542815,"unpaired",3.97029191355212,4.57471097850338,4.26179985508354,0.058268908123976,0.662687973075237,0.349776849655395,4.04305126783455,3.2188758248682,4.12713438504509
"78091",4,4.67282883446191,"unpaired",4.79579054559674,5.01063529409626,4.90203604340688,0.122961711134836,0.33780645963435,0.229207208944973,4.65396035015752,4.70048036579242,4.61512051684126
"78091",5,3.91202300542815,"paired",4.18965474202643,4.17438726989564,4.18201403875848,0.277631736598279,0.262364264467491,0.269991033330333,4.35670882668959,4.34380542185368,3.73766961828337
"78091",6,4.35670882668959,"paired",4.71849887129509,4.79579054559674,4.75698773136592,0.361790044605502,0.43908171890715,0.400278904676331,4.60517018598809,4.85203026391962,4.63472898822964
"78091",7,3.91202300542815,"unpaired",4.0943445622221,4.78749174278205,4.42737402799254,0.182321556793954,0.8754687373539,0.515351022564393,3.66356164612965,4.47733681447821,3.93182563272433
"78091",9,4.90527477843843,"paired",4.70953020131233,4.77068462446567,4.74000878900635,0.195744577126096,0.134590153972765,0.16526598943208,4.80402104473326,5.07517381523383,5.02388052084628
"78091",10,3.91202300542815,"paired",4.72738781871234,4.49980967033027,4.61219529313789,0.815364813284195,0.587786664902119,0.700172287709742,4.48863636973214,4.40671924726425,4.17438726989564
"78091",11,4.67282883446191,"unpaired",4.76217393479776,4.85203026391962,4.80689214084193,0.0893451003358505,0.179201429457711,0.13406330638002,4.80402104473326,4.69134788222914,4.71849887129509
"78091",12,4.52178857704904,"unpaired",4.67282883446191,5.05624580534831,4.8607582940688,0.151040257412865,0.534457228299267,0.33896971701976,4.60517018598809,4.89783979995091,4.43081679884331
"78091",13,4.67282883446191,"paired",4.61512051684126,4.65396035015752,4.63449974609749,0.0577083176206461,0.0188684843043827,0.0383290883644136,4.49980967033027,4.49980967033027,4.79579054559674
"78091",15,4.79579054559674,"unpaired",4.83628190695148,5.02388052084628,4.92918882430515,0.0404913613547366,0.228089975249535,0.133398278708412,4.7361984483945,4.51085950651685,5.06259503302697
"78091",16,4.15888308335967,"unpaired",4.51085950651685,4.67282883446191,4.59112996660501,0.351976423157178,0.513945751102234,0.432246883245341,4.18965474202643,4.46590811865458,4.18965474202643
"78091",17,4.52178857704904,"paired",4.43081679884331,4.48863636973214,4.45963288073225,0.0909717782057271,0.0331522073169008,0.0621556963167906,4.54329478227,4.04305126783455,4.54329478227
"78091",18,4.67282883446191,"paired",4.88280192258637,4.98360662170834,4.93294678603891,0.209973088124465,0.310777787246431,0.260117951577006,4.43081679884331,4.70953020131233,5.04342511691925
"78091",19,4.90527477843843,"unpaired",4.70048036579242,5.12396397940326,4.9076564753671,0.204794412646013,0.218689200964829,0.00238169692866652,5.12989871492307,4.91998092582813,4.70953020131233
"78091",21,4.52178857704904,"paired",4.72738781871234,4.44265125649032,4.58280868384437,0.2055992416633,0.0791373205587238,0.0610201067953318,4.79579054559674,4.89034912822175,4.43081679884331
"78091",22,4.52178857704904,"paired",4.54329478227,4.72738781871234,4.63442730124473,0.0215062052209634,0.2055992416633,0.112638724195694,4.85203026391962,4.80402104473326,4.72738781871234
"78091",23,5.01063529409626,"unpaired",5.05624580534831,5.00394630594546,5.03002808338332,0.0456105112520522,0.00668898815079633,0.0193927892870658,4.77912349311153,4.74493212836325,5.12396397940326
"78091",24,4.67282883446191,"unpaired",4.71849887129509,5.06890420222023,4.89056425751458,0.0456700368331884,0.396075367758326,0.217735423052673,4.70953020131233,4.43081679884331,4.76217393479776
"78091",25,4.67282883446191,"paired",4.62497281328427,4.78749174278205,4.7055306984643,0.0478560211776351,0.11466290832014,0.0327018640023908,4.48863636973214,4.70048036579242,5.04342511691925
"78091",27,4.79579054559674,"unpaired",4.84418708645859,4.9272536851572,4.88554384622061,0.0483965408618499,0.131463139560464,0.0897533006238644,4.60517018598809,4.60517018598809,5.03043792139244
"78091",28,5.01063529409626,"unpaired",5.01063529409626,5.16478597392351,5.08712678114026,0,0.154150679827259,0.0764914870440041,4.80402104473326,4.70048036579242,5.0998664278242
"78091",29,4.15888308335967,"paired",4.17438726989564,4.31748811353631,4.24533478292015,0.0155041865359653,0.158605030176639,0.0864516995604818,4.55387689160054,4.45434729625351,4.69134788222914
"78091",30,4.67282883446191,"paired",5.04342511691925,4.97673374242057,5.00996845865754,0.370596282457341,0.303904907958668,0.337139624195639,4.48863636973214,4.7361984483945,4.90527477843843
"78091",31,5.01063529409626,"unpaired",4.89034912822175,5.01063529409626,4.95012686123505,0.120286165874502,0,0.0605084328612042,4.77912349311153,4.60517018598809,5.01063529409626
"78091",33,4.79579054559674,"paired",4.9416424226093,4.97673374242057,4.95915704405261,0.145851877012563,0.180943196823833,0.163366498455873,4.7361984483945,4.46590811865458,4.9272536851572
"78091",34,3.91202300542815,"paired",3.93182563272433,3.8286413964891,3.87989051149968,0.0198026272961798,0.0833816089390509,0.032132493928462,3.49650756146648,3.95124371858143,4.06044301054642
"78091",35,4.35670882668959,"unpaired",4.71849887129509,4.49980967033027,4.60785707791552,0.361790044605502,0.143100843640673,0.251148251225923,4.86753445045558,4.18965474202643,4.33073334028633
"78091",36,3.91202300542815,"unpaired",4.17438726989564,3.71357206670431,3.93724370100334,0.262364264467491,0.198450938723838,0.0252206955751966,3.2188758248682,3.93182563272433,4.06044301054642
"78091",37,4.90527477843843,"paired",4.86753445045558,5.01063529409626,4.93856658481812,0.0377403279828474,0.105360515657826,0.0332918063796948,4.80402104473326,4.91998092582813,4.70953020131233
"78091",39,4.35670882668959,"unpaired",4.8283137373023,4.54329478227,4.68363668636329,0.47160491061271,0.186585955580412,0.326927859673702,4.34380542185368,4.60517018598809,4.33073334028633
"78091",40,4.79579054559674,"unpaired",5.03043792139244,5.03695260241363,5.03369420797865,0.234647375795694,0.241162056816888,0.23790366238191,4.74493212836325,4.86753445045558,5.03043792139244
"78091",41,3.91202300542815,"paired",4.06044301054642,4.06044301054642,4.06044301054642,0.148420005118273,0.148420005118273,0.148420005118273,4.36944785246702,3.58351893845611,4.18965474202643
"78091",42,4.35670882668959,"paired",4.31748811353631,4.58496747867057,4.44921819987633,0.0392207131532816,0.228258651980981,0.0925093731867346,4.7361984483945,4.68213122712422,4.67282883446191
"78091",43,4.15888308335967,"unpaired",4.21950770517611,4.14313472639153,4.18114684047233,0.0606246218164355,0.0157483569681389,0.022263757112662,4.60517018598809,4.60517018598809,4.56434819146784
"78091",45,4.79579054559674,"paired",5.03695260241363,4.91998092582813,4.97812321343851,0.241162056816888,0.124190380231384,0.182332667841773,4.60517018598809,4.78749174278205,5.03043792139244
"78091",46,4.67282883446191,"paired",4.93447393313069,5.03043792139244,4.98222488405964,0.261645098668786,0.35760908693053,0.309396049597735,4.77068462446567,4.38202663467388,4.77912349311153
"78091",47,4.79579054559674,"unpaired",4.94875989037817,5.08140436498446,5.0146435674161,0.152969344781427,0.285613819387722,0.218853021819357,5.01063529409626,4.87519732320115,5.02388052084628
"78091",48,4.90527477843843,"unpaired",5.01063529409626,5.14166355650266,5.07572663631334,0.105360515657826,0.236388778064231,0.170451857874908,4.85981240436167,4.39444915467244,4.86753445045558
"78091",49,4.35670882668959,"paired",4.51085950651685,4.62497281328427,4.56755980608742,0.154150679827258,0.268263986594679,0.210850979397827,4.60517018598809,4.23410650459726,4.71849887129509
"78091",51,5.01063529409626,"unpaired",5.01727983681492,5.12396397940326,5.07034132563341,0.00664454271866877,0.113328685307003,0.0597060315371518,4.85981240436167,4.8283137373023,4.89034912822175
"78091",52,4.35670882668959,"unpaired",4.67282883446191,4.52178857704904,4.59668837818872,0.316120007772314,0.165079750359449,0.239979551499127,4.66343909411207,4.65396035015752,4.52178857704904
"78091",53,3.91202300542815,"paired",4.06044301054642,3.98898404656427,4.02455493080329,0.148420005118273,0.0769610411361286,0.112531925375145,3.97029191355212,3.55534806148941,4.72738781871234
"78091",54,4.52178857704904,"paired",4.77912349311153,4.39444915467244,4.58275192372216,0.257334916062489,0.127339422376601,0.0609633466731196,4.71849887129509,4.0943445622221,4.4188406077966
"78091",55,4.79579054559674,"unpaired",4.9272536851572,4.82028156560504,4.8734741312151,0.131463139560464,0.0244910200082957,0.0776835856183578,4.8283137373023,4.59511985013459,5.03043792139244
"78091",57,4.15888308335967,"paired",4.70048036579242,4.70048036579242,4.70048036579242,0.541597282432745,0.541597282432745,0.541597282432745,4.43081679884331,4.43081679884331,4.15888308335967
"78091",58,4.79579054559674,"paired",5.02388052084628,5.03043792139244,5.02715815193931,0.228089975249535,0.234647375795694,0.231367606342572,4.67282883446191,5.08140436498446,5.06259503302697
"78091",59,4.90527477843843,"unpaired",5.08140436498446,5.04342511691925,5.06237912483703,0.176129586546034,0.138150338480817,0.1571043463986,4.77912349311153,4.9416424226093,4.86753445045558
"78091",60,5.01063529409626,"unpaired",5.12396397940326,5.08140436498446,5.10263980023702,0.113328685307003,0.0707690708882076,0.0920045061407624,4.80402104473326,4.78749174278205,4.89034912822175
"78091",61,3.91202300542815,"paired",3.93182563272433,3.93182563272433,3.93182563272433,0.0198026272961798,0.0198026272961798,0.0198026272961793,4.36944785246702,3.36729582998647,4.18965474202643
"78091",63,4.15888308335967,"unpaired",4.18965474202643,4.55387689160054,4.36797114384914,0.0307716586667537,0.394993808240869,0.209088060489467,4.49980967033027,3.80666248977032,4.15888308335967
"78091",64,4.90527477843843,"unpaired",5.09375020080676,5.16478597392351,5.12914511315452,0.188475422368333,0.259511195485085,0.223870334716087,4.83628190695148,4.78749174278205,5.14166355650266
"78091",65,4.67282883446191,"paired",4.90527477843843,4.99721227376411,4.95103012806407,0.232445943976524,0.324383439302209,0.27820129360216,4.91265488573605,4.74493212836325,4.93447393313069
"78091",66,4.15888308335967,"paired",4.15888308335967,4.43081679884331,4.29269717429209,0,0.271933715483642,0.13381409093242,3.95124371858143,4.0943445622221,4.21950770517611
"78091",67,4.67282883446191,"unpaired",4.93447393313069,4.45434729625351,4.68826840341656,0.261645098668786,0.218481538208398,0.0154395689546591,4.26267987704132,4.72738781871234,4.61512051684126
"78091",69,4.79579054559674,"paired",5.06259503302697,5.02388052084628,5.04320062771226,0.266804487430226,0.228089975249535,0.247410082115515,4.95582705760126,4.74493212836325,5.03695260241363
"78091",70,4.52178857704904,"paired",4.84418708645859,4.9272536851572,4.88554384622061,0.322398509409551,0.405465108108165,0.363755269171565,4.72738781871234,4.44265125649032,4.67282883446191
"78091",71,4.67282883446191,"unpaired",4.77912349311153,4.87519732320115,4.82692138540344,0.106294658649624,0.202368488739245,0.154092550941535,4.23410650459726,4.55387689160054,5.04342511691925
"78091",72,3.91202300542815,"unpaired",3.97029191355212,4.26267987704132,4.11388909012852,0.058268908123976,0.35065687161317,0.201866084700378,3.63758615972639,4.47733681447821,3.76120011569356
"78091",73,4.35670882668959,"paired",4.52178857704904,4.51085950651685,4.51632073586907,0.165079750359449,0.154150679827258,0.159611909179481,4.34380542185368,4.31748811353631,4.63472898822964
"78091",75,4.52178857704904,"unpaired",4.70048036579242,4.90527477843843,4.80178589535879,0.178691788743376,0.383486201389389,0.279997318309746,4.70048036579242,4.49980967033027,4.4188406077966
"78091",76,4.15888308335967,"unpaired",4.35670882668959,4.91265488573605,4.62633839047318,0.19782574332992,0.753771802376381,0.467455307113513,4.60517018598809,4.79579054559674,4.15888308335967
"78091",77,4.90527477843843,"paired",5.14166355650266,5.14166355650266,5.14166355650266,0.236388778064231,0.236388778064231,0.236388778064231,4.81218435537242,4.89783979995091,4.86753445045558
"78091",78,4.15888308335967,"paired",4.89034912822175,4.81218435537242,4.85110931304767,0.731466044862082,0.653301272012746,0.692226229688002,4.45434729625351,3.91202300542815,4.21950770517611
"78091",79,3.91202300542815,"unpaired",3.76120011569356,4.36944785246702,4.0539323832812,0.150822889734584,0.457424847038876,0.141909377853049,3.55534806148941,3.66356164612965,3.73766961828337
"78091",81,4.79579054559674,"paired",5.0998664278242,5.05624580534831,5.07800927859755,0.304075882227457,0.260455259751566,0.282218733000804,4.89783979995091,4.93447393313069,4.84418708645859
"78091",82,4.15888308335967,"paired",4.69134788222914,4.71849887129509,4.70490379148722,0.532464798869472,0.559615787935423,0.546020708127552,4.91998092582813,4.4188406077966,4.21950770517611
"78091",83,4.79579054559674,"unpaired",5.03043792139244,4.9416424226093,4.98584250018544,0.234647375795694,0.145851877012563,0.190051954588702,4.33073334028633,4.69134788222914,5.02388052084628
"78091",84,3.91202300542815,"unpaired",3.73766961828337,4.20469261939097,3.96430975804338,0.174353387144778,0.29266961396282,0.0522867526152297,3.63758615972639,4.38202663467388,4.72738781871234
"78091",85,4.15888308335967,"paired",4.02535169073515,4.00733318523247,4.01633233342494,0.133531392624522,0.1515498981272,0.142550749934735,4.35670882668959,4.00733318523247,4.70048036579242
"78091",87,3.91202300542815,"unpaired",4.12713438504509,4.77068462446567,4.43725777410307,0.215111379616946,0.858661619037519,0.525234768674929,4.77068462446567,4.36944785246702,3.97029191355212
"78091",88,4.90527477843843,"unpaired",5.02388052084628,4.84418708645859,4.93321570002715,0.118605742407847,0.0610876919798384,0.0279409215887236,4.65396035015752,4.80402104473326,4.70048036579242
"78091",89,3.91202300542815,"paired",3.73766961828337,3.80666248977032,3.77200831588074,0.174353387144778,0.105360515657826,0.140014689547407,4.46590811865458,4.33073334028633,3.97029191355212
"78091",90,5.01063529409626,"paired",5.0998664278242,5.10594547390058,5.10290504562318,0.0892311337279432,0.0953101798043248,0.0922697515269233,4.87519732320115,4.74493212836325,5.05624580534831
"78091",91,4.52178857704904,"unpaired",4.4188406077966,4.74493212836325,4.5789844692956,0.102947969252442,0.22314355131421,0.0571958922465559,4.36944785246702,4.67282883446191,4.67282883446191
"78091",93,4.35670882668959,"paired",4.63472898822964,4.52178857704904,4.57791050553578,0.278020161540044,0.165079750359449,0.221201678846184,4.8283137373023,4.21950770517611,4.8283137373023
"78091",94,4.35670882668959,"paired",4.33073334028633,4.81218435537242,4.56511634325081,0.0259754864032606,0.455475528682825,0.208407516561214,4.31748811353631,4.60517018598809,4.63472898822964
"78091",95,4.15888308335967,"unpaired",4.56434819146784,4.72738781871234,4.64515274675728,0.405465108108165,0.568504735352669,0.486269663397613,4.35670882668959,3.55534806148941,4.89034912822175
"78091",96,4.52178857704904,"unpaired",4.90527477843843,4.77912349311153,4.84178829915172,0.383486201389389,0.257334916062489,0.319999722102684,4.80402104473326,4.46590811865458,4.54329478227
"78098",1,4.52178857704904,"paired",4.31748811353631,4.31748811353631,4.31748811353631,0.20430046351273,0.20430046351273,0.20430046351273,4.33073334028633,4.51085950651685,4.61512051684126
"78098",3,3.91202300542815,"unpaired",3.91202300542815,4.30406509320417,4.10336467566252,0,0.392042087776024,0.19134167023437,4.18965474202643,4.24849524204936,4.34380542185368
"78098",4,4.67282883446191,"unpaired",4.46590811865458,4.81218435537242,4.63581418751014,0.206920715807322,0.139355520910511,0.0370146469517705,4.75359019110636,4.44265125649032,4.8283137373023
"78098",5,3.91202300542815,"paired",3.85014760171006,3.91202300542815,3.88096199313827,0.0618754037180875,0,0.0310610122898782,4.00733318523247,3.61091791264422,4.38202663467388
"78098",6,4.35670882668959,"paired",4.60517018598809,4.60517018598809,4.60517018598809,0.2484613592985,0.2484613592985,0.2484613592985,4.17438726989564,4.18965474202643,4.52178857704904
"78098",7,3.91202300542815,"unpaired",4.26267987704132,4.36944785246702,4.31573370755108,0.35065687161317,0.457424847038876,0.40371070212293,3.71357206670431,3.68887945411394,4.34380542185368
"78098",9,4.90527477843843,"paired",4.71849887129509,4.78749174278205,4.75287012074301,0.186775907143335,0.117783035656384,0.152404657695421,4.81218435537242,4.49980967033027,4.94875989037817
"78098",10,3.91202300542815,"paired",4.30406509320417,4.23410650459726,4.26894249286,0.392042087776024,0.322083499169114,0.356919487431858,4.48863636973214,4.7361984483945,4.7361984483945
"78098",11,4.67282883446191,"unpaired",4.87519732320115,4.91998092582813,4.89753793653485,0.202368488739245,0.247152091366219,0.22470910207294,4.63472898822964,4.57471097850338,4.46590811865458
"78098",12,4.52178857704904,"unpaired",4.58496747867057,4.75359019110636,4.66851758411063,0.0631789016215318,0.231801614057324,0.146729007061585,4.65396035015752,4.29045944114839,4.72738781871234
"78098",13,4.67282883446191,"paired",4.51085950651685,4.49980967033027,4.50533120080264,0.161969327945056,0.173019164131641,0.16749763365927,4.27666611901606,4.77068462446567,4.46590811865458
"78098",15,4.79579054559674,"unpaired",4.67282883446191,4.91265488573605,4.791241530525,0.122961711134836,0.116864340139311,0.00454901507173666,4.57471097850338,4.35670882668959,4.85981240436167
"78098",16,4.15888308335967,"unpaired",4.12713438504509,4.51085950651685,4.31473329134643,0.0317486983145798,0.351976423157178,0.155850207986762,4.14313472639153,4.33073334028633,4.4188406077966
"78098",17,4.52178857704904,"paired",4.61512051684126,4.4188406077966,4.5159142983114,0.0933319397922192,0.102947969252442,0.00587427873763602,4.02535169073515,4.85981240436167,4.71849887129509
"78098",18,4.67282883446191,"paired",4.76217393479776,4.78749174278205,4.77481605829336,0.0893451003358505,0.11466290832014,0.101987223831454,4.46590811865458,4.83628190695148,4.60517018598809
"78098",19,4.90527477843843,"unpaired",4.76217393479776,4.77912349311153,4.7706411864733,0.143100843640673,0.1261512853269,0.134633591965135,4.74493212836325,4.88280192258637,4.94875989037817
"78098",21,4.52178857704904,"paired",4.49980967033027,4.48863636973214,4.49421954772092,0.0219789067187754,0.0331522073169008,0.0275690293281228,4.40671924726425,4.72738781871234,4.30406509320417
"78098",22,4.52178857704904,"paired",4.87519732320115,4.81218435537242,4.84358836897419,0.353408746152111,0.290395778323377,0.321799791925151,4.47733681447821,4.65396035015752,4.49980967033027
"78098",23,5.01063529409626,"unpaired",5.01063529409626,5.06259503302697,5.03654815843166,0,0.0519597389307114,0.0259128643354023,5.04342511691925,4.86753445045558,4.8283137373023
"78098",24,4.67282883446191,"unpaired",4.79579054559674,4.72738781871234,4.76146635043763,0.122961711134836,0.054558984250435,0.0886375159757247,4.51085950651685,4.78749174278205,4.60517018598809
"78098",25,4.67282883446191,"paired",4.70048036579242,4.60517018598809,4.6525812234038,0.0276515313305108,0.067658648473814,0.0202476110581022,4.65396035015752,4.79579054559674,4.76217393479776
"78098",27,4.79579054559674,"unpaired",4.86753445045558,4.80402104473326,4.83567347284251,0.0717439048588409,0.00823049913651541,0.0398829272457686,4.40671924726425,4.85203026391962,4.85981240436167
"78098",28,5.01063529409626,"unpaired",5.08140436498446,4.84418708645859,4.9613781760648,0.0707690708882076,0.166448207637664,0.0492571180314583,4.89783979995091,5.05624580534831,4.80402104473326
"78098",29,4.15888308335967,"paired",4.12713438504509,4.18965474202643,4.15827706475705,0.0317486983145798,0.0307716586667537,0.00060601860262377,4.46590811865458,3.95124371858143,4.60517018598809
"78098",30,4.67282883446191,"paired",4.76217393479776,4.78749174278205,4.77481605829336,0.0893451003358505,0.11466290832014,0.101987223831454,4.70953020131233,4.54329478227,4.46590811865458
"78098",31,5.01063529409626,"unpaired",4.8283137373023,4.85203026391962,4.84015747441027,0.182321556793954,0.158605030176639,0.170477819685986,4.77912349311153,5.0998664278242,4.969813299576
"78098",33,4.79579054559674,"paired",4.70953020131233,4.66343909411207,4.68642798469169,0.0862603442844074,0.132351451484674,0.109362560905052,4.75359019110636,4.77068462446567,4.969813299576
"78098",34,3.91202300542815,"paired",4.7361984483945,4.27666611901606,4.50057101234778,0.82417544296635,0.364643113587909,0.588548006919637,4.48863636973214,3.91202300542815,4.30406509320417
"78098",35,4.35670882668959,"unpaired",4.52178857704904,4.60517018598809,4.56328893917181,0.165079750359449,0.2484613592985,0.206580112482215,4.06044301054642,4.52178857704904,4.60517018598809
"78098",36,3.91202300542815,"unpaired",3.98898404656427,4.24849524204936,4.11669524527127,0.0769610411361286,0.336472236621213,0.204672239843128,3.85014760171006,3.93182563272433,4.38202663467388
"78098",37,4.90527477843843,"paired",4.72738781871234,4.69134788222914,4.70933337445885,0.177886959726089,0.213926896209286,0.195941403979578,4.72738781871234,4.83628190695148,4.89783979995091
"78098",39,4.35670882668959,"unpaired",4.54329478227,4.60517018598809,4.57412785976355,0.186585955580412,0.2484613592985,0.217419033073958,3.8286413964891,4.49980967033027,4.49980967033027
"78098",40,4.79579054559674,"unpaired",4.87519732320115,4.7361984483945,4.80519531317534,0.0794067776044098,0.0595920972022457,0.00940476757860331,5.04342511691925,4.7361984483945,4.99043258677874
"78098",41,3.91202300542815,"paired",4.11087386417331,4.11087386417331,4.11087386417331,0.198850858745165,0.198850858745165,0.198850858745165,3.43398720448515,4.33073334028633,3.91202300542815
"78098",42,4.35670882668959,"paired",4.60517018598809,4.60517018598809,4.60517018598809,0.2484613592985,0.2484613592985,0.2484613592985,4.79579054559674,4.11087386417331,4.68213122712422
"78098",43,4.15888308335967,"unpaired",4.0943445622221,4.60517018598809,4.3422521240835,0.0645385211375711,0.44628710262842,0.18336904072383,3.73766961828337,3.91202300542815,4.27666611901606
"78098",45,4.79579054559674,"paired",4.87519732320115,4.76217393479776,4.8183542438829,0.0794067776044098,0.033616610798985,0.022563698286155,4.65396035015752,4.84418708645859,4.69134788222914
"78098",46,4.67282883446191,"paired",4.99043258677874,4.87519732320115,4.93247844279927,0.31760375231683,0.202368488739245,0.259649608337362,4.68213122712422,4.60517018598809,4.66343909411207
"78098",47,4.79579054559674,"unpaired",4.969813299576,4.969813299576,4.969813299576,0.174022753979259,0.174022753979259,0.174022753979259,4.94875989037817,4.70953020131233,5.03043792139244
"78098",48,4.90527477843843,"unpaired",4.969813299576,4.98360662170834,4.97670518198749,0.0645385211375711,0.0783318432699067,0.0714304035490576,5.05624580534831,4.91998092582813,5.01727983681492
"78098",49,4.35670882668959,"paired",4.49980967033027,4.40671924726425,4.45302120849095,0.143100843640673,0.0500104205746617,0.0963123818013569,3.85014760171006,4.52178857704904,4.54329478227
"78098",51,5.01063529409626,"unpaired",4.80402104473326,4.97673374242057,4.88961487569548,0.206614249362999,0.0339015516756813,0.121020418400773,4.68213122712422,4.89034912822175,5.01063529409626
"78098",52,4.35670882668959,"unpaired",4.68213122712422,4.72738781871234,4.70470510539393,0.325422400434628,0.370678992022749,0.347996278704337,4.46590811865458,4.51085950651685,4.68213122712422
"78098",53,3.91202300542815,"paired",4.45434729625351,4.52178857704904,4.48794125656836,0.542324290825361,0.609765571620895,0.575918251140214,4.14313472639153,4.07753744390572,4.0943445622221
"78098",54,4.52178857704904,"paired",4.71849887129509,4.76217393479776,4.74028610278474,0.196710294246054,0.240385357748716,0.218497525735699,4.80402104473326,4.60517018598809,4.49980967033027
"78098",55,4.79579054559674,"unpaired",4.69134788222914,4.75359019110636,4.72236649107543,0.104442663367598,0.0422003544903768,0.0734240545213112,5.01727983681492,5.07517381523383,4.67282883446191
"78098",57,4.15888308335967,"paired",4.51085950651685,4.49980967033027,4.50533120080264,0.351976423157178,0.340926586970594,0.346448117442964,4.60517018598809,4.15888308335967,4.12713438504509
"78098",58,4.79579054559674,"paired",4.99043258677874,4.89783979995091,4.94391943123034,0.194642041181995,0.10204925435417,0.148128885633594,4.11087386417331,4.34380542185368,4.969813299576
"78098",59,4.90527477843843,"unpaired",5.01727983681492,5.08140436498446,5.04924030554497,0.112005058376495,0.176129586546034,0.143965527106543,4.71849887129509,4.89783979995091,4.969813299576
"78098",60,5.01063529409626,"unpaired",5.0998664278242,5.01727983681492,5.05840459026082,0.0892311337279432,0.00664454271866877,0.0477692961645628,4.89034912822175,5.01727983681492,5.08140436498446
"78098",61,3.91202300542815,"paired",4.07753744390572,4.06044301054642,4.06898125018392,0.165514438477574,0.148420005118273,0.156958244755773,4.40671924726425,3.87120101090789,4.34380542185368
"78098",63,4.15888308335967,"unpaired",4.4188406077966,4.26267987704132,4.34005794186064,0.259957524436927,0.103796793681644,0.181174858500964,4.49980967033027,4.04305126783455,4.48863636973214
"78098",64,4.90527477843843,"unpaired",4.94875989037817,4.77068462446567,4.85890653534306,0.0434851119397388,0.134590153972765,0.0463682430953671,4.70048036579242,4.9416424226093,4.76217393479776
"78098",65,4.67282883446191,"paired",4.60517018598809,4.60517018598809,4.60517018598809,0.067658648473814,0.067658648473814,0.067658648473814,4.63472898822964,4.77912349311153,4.8283137373023
"78098",66,4.15888308335967,"paired",4.46590811865458,4.48863636973214,4.47725782206866,0.307025035294912,0.329753286372468,0.318374738708989,4.53259949315326,4.35670882668959,4.12713438504509
"78098",67,4.67282883446191,"unpaired",4.66343909411207,4.66343909411207,4.66343909411207,0.00938974034983886,0.00938974034983886,0.00938974034983886,4.64439089914137,4.54329478227,4.99043258677874
"78098",69,4.79579054559674,"paired",4.76217393479776,4.82028156560504,4.79113965879836,0.033616610798985,0.0244910200082957,0.00465088679838566,4.83628190695148,4.65396035015752,4.85981240436167
"78098",70,4.52178857704904,"paired",4.88280192258637,4.8283137373023,4.85548139728182,0.36101334553733,0.306525160253261,0.333692820232784,4.04305126783455,4.24849524204936,4.87519732320115
"78098",71,4.67282883446191,"unpaired",4.8283137373023,4.95582705760126,4.89165492056733,0.155484902840396,0.282998223139355,0.218826086105429,4.66343909411207,4.53259949315326,4.99043258677874
"78098",72,3.91202300542815,"unpaired",4.24849524204936,4.21950770517611,4.23397666611795,0.336472236621213,0.307484699747961,0.321953660689808,4.51085950651685,3.25809653802148,4.06044301054642
"78098",73,4.35670882668959,"paired",4.60517018598809,4.61512051684126,4.61014266687044,0.2484613592985,0.258411690151668,0.253433840180851,4.56434819146784,4.43081679884331,4.68213122712422
"78098",75,4.52178857704904,"unpaired",4.72738781871234,4.51085950651685,4.61785472736319,0.2055992416633,0.0109290705321907,0.0960661503141447,4.57471097850338,4.46590811865458,4.49980967033027
"78098",76,4.15888308335967,"unpaired",4.48863636973214,4.49980967033027,4.49421954772092,0.329753286372468,0.340926586970594,0.335336464361246,4.4188406077966,3.80666248977032,4.46590811865458
"78098",77,4.90527477843843,"paired",4.94875989037817,4.91998092582813,4.9343494269421,0.0434851119397388,0.0147061473896954,0.0290746485036744,4.76217393479776,4.67282883446191,5.01727983681492
"78098",78,4.15888308335967,"paired",4.60517018598809,4.40671924726425,4.50485206144677,0.44628710262842,0.247836163904582,0.345968978087099,4.45434729625351,4.06044301054642,4.46590811865458
"78098",79,3.91202300542815,"unpaired",4.06044301054642,4.38202663467388,4.21817133611116,0.148420005118273,0.470003629245735,0.306148330683014,4.31748811353631,3.63758615972639,3.85014760171006
"78098",81,4.79579054559674,"paired",4.85981240436167,4.87519732320115,4.86749878531097,0.0640218587649306,0.0794067776044098,0.071708239714229,4.57471097850338,4.47733681447821,4.87519732320115
"78098",82,4.15888308335967,"paired",4.64439089914137,4.62497281328427,4.63467168662396,0.485507815781701,0.466089729924599,0.475788603264284,4.24849524204936,4.43081679884331,4.69134788222914
"78098",83,4.79579054559674,"unpaired",5.03043792139244,4.86753445045558,4.94831586332722,0.234647375795694,0.0717439048588409,0.152525317730483,4.7361984483945,4.72738781871234,4.87519732320115
"78098",84,3.91202300542815,"unpaired",4.38202663467388,4.43081679884331,4.40635418752191,0.470003629245735,0.518793793415167,0.494331182093763,3.71357206670431,4.21950770517611,4.0943445622221
"78098",85,4.15888308335967,"paired",4.27666611901606,4.51085950651685,4.39220218332013,0.117783035656384,0.351976423157178,0.233319099960457,4.00733318523247,3.87120101090789,4.51085950651685
"78098",87,3.91202300542815,"unpaired",4.0943445622221,4.36944785246702,4.22966015829421,0.182321556793954,0.457424847038876,0.317637152866062,3.73766961828337,3.2188758248682,4.45434729625351
"78098",88,4.90527477843843,"unpaired",4.89783979995091,4.74493212836325,4.82077975294073,0.00743497848751851,0.160342650075179,0.0844950254976959,4.67282883446191,4.91265488573605,5.01727983681492
"78098",89,3.91202300542815,"paired",4.34380542185368,4.23410650459726,4.28860522680458,0.431782416425538,0.322083499169114,0.37658222137643,3.87120101090789,4.39444915467244,4.24849524204936
"78098",90,5.01063529409626,"paired",4.969813299576,5.04985600724954,5.00967479441256,0.0408219945202548,0.0392207131532816,0.000960499683697158,4.98360662170834,4.78749174278205,5.01063529409626
"78098",91,4.52178857704904,"unpaired",4.30406509320417,4.77068462446567,4.53137254734683,0.21772348384487,0.248896047416625,0.00958397029779068,4.52178857704904,4.60517018598809,4.72738781871234
"78098",93,4.35670882668959,"paired",4.68213122712422,4.70048036579242,4.69129682530971,0.325422400434628,0.343771539102825,0.334587998620117,3.66356164612965,4.27666611901606,4.60517018598809
"78098",94,4.35670882668959,"paired",4.7361984483945,4.7361984483945,4.7361984483945,0.379489621704904,0.379489621704904,0.379489621704904,4.74493212836325,4.77912349311153,4.68213122712422
"78098",95,4.15888308335967,"unpaired",4.69134788222914,4.77912349311153,4.73503229960687,0.532464798869472,0.620240409751858,0.576149216247198,4.71849887129509,4.48863636973214,4.27666611901606
"78098",96,4.52178857704904,"unpaired",4.72738781871234,4.7361984483945,4.73179108287173,0.2055992416633,0.214409871345455,0.210002505822691,4.65396035015752,4.70048036579242,4.30406509320417
"78141",1,4.52178857704904,"paired",4.11087386417331,3.91202300542815,4.01021609505763,0.410914712875729,0.609765571620895,0.511572481991407,4.38202663467388,4.40671924726425,4.33073334028633
"78141",3,3.91202300542815,"unpaired",3.58351893845611,3.93182563272433,3.75363445444209,0.328504066972036,0.0198026272961798,0.158388550986052,4.29045944114839,4.35670882668959,4.0943445622221
"78141",4,4.67282883446191,"unpaired",4.35670882668959,4.33073334028633,4.34370166674282,0.316120007772314,0.342095494175575,0.329127167719085,4.64439089914137,4.89034912822175,4.46590811865458
"78141",5,3.91202300542815,"paired",4.14313472639153,3.98898404656427,4.06532880912999,0.231111720963387,0.0769610411361286,0.153305803701844,4.24849524204936,4.0943445622221,3.93182563272433
"78141",6,4.35670882668959,"paired",4.02535169073515,3.71357206670431,3.86632042093966,0.331357135954442,0.643136759985284,0.490388405749934,4.35670882668959,4.44265125649032,4.0943445622221
"78141",7,3.91202300542815,"unpaired",4.0943445622221,3.89182029811063,3.99179825075302,0.182321556793954,0.0202027073175195,0.0797752453248695,4.48863636973214,4.0943445622221,3.71357206670431
"78141",9,4.90527477843843,"paired",4.70953020131233,4.95582705760126,4.83110931363119,0.195744577126096,0.0505522791628312,0.0741654648072441,4.99721227376411,4.52178857704904,4.17438726989564
"78141",10,3.91202300542815,"paired",3.91202300542815,3.71357206670431,3.81150617961753,0,0.198450938723838,0.100516825810619,4.12713438504509,3.76120011569356,3.71357206670431
"78141",11,4.67282883446191,"unpaired",4.51085950651685,4.36944785246702,4.43959067747585,0.161969327945056,0.303380981994884,0.233238156986054,4.83628190695148,4.65396035015752,4.12713438504509
"78141",12,4.52178857704904,"unpaired",4.30406509320417,4.11087386417331,4.20636050539581,0.21772348384487,0.410914712875729,0.315428071653231,4.70953020131233,4.75359019110636,4.21950770517611
"78141",13,4.67282883446191,"paired",4.30406509320417,4.18965474202643,4.24647462346512,0.368763741257736,0.483174092435481,0.426354210996783,4.61512051684126,4.76217393479776,4.15888308335967
"78141",15,4.79579054559674,"unpaired",4.75359019110636,4.44265125649032,4.59549164239896,0.0422003544903768,0.353139289106425,0.200298903197777,4.86753445045558,4.66343909411207,3.89182029811063
"78141",16,4.15888308335967,"unpaired",4.00733318523247,3.97029191355212,3.98876955215986,0.1515498981272,0.18859116980755,0.170113531199815,4.24849524204936,4.36944785246702,4.23410650459726
"78141",17,4.52178857704904,"paired",4.30406509320417,4.38202663467388,4.34287092552735,0.21772348384487,0.139761942375159,0.178917651521688,4.29045944114839,4.60517018598809,4.11087386417331
"78141",18,4.67282883446191,"paired",4.46590811865458,4.49980967033027,4.48282684688226,0.206920715807322,0.173019164131641,0.190001987579648,4.20469261939097,4.36944785246702,4.07753744390572
"78141",19,4.90527477843843,"unpaired",4.70048036579242,4.56434819146784,4.63191418925639,0.204794412646013,0.340926586970594,0.273360589182039,4.65396035015752,4.39444915467244,4.4188406077966
"78141",21,4.52178857704904,"paired",4.36944785246702,4.18965474202643,4.27860700638954,0.152340724582019,0.332133835022615,0.243181570659504,4.45434729625351,4.91265488573605,4.21950770517611
"78141",22,4.52178857704904,"paired",4.33073334028633,4.18965474202643,4.25961001449459,0.191055236762709,0.332133835022615,0.262178562554454,4.78749174278205,4.06044301054642,4.43081679884331
"78141",23,5.01063529409626,"unpaired",4.54329478227,4.53259949315326,4.53794398680315,0.467340511826252,0.478035800942999,0.472691307293108,4.91265488573605,5.06890420222023,4.55387689160054
"78141",24,4.67282883446191,"unpaired",4.39444915467244,4.48863636973214,4.4412930887976,0.278379679789467,0.184192464729766,0.231535745664301,4.76217393479776,4.49980967033027,4.30406509320417
"78141",25,4.67282883446191,"paired",4.07753744390572,4.27666611901606,4.17591501773814,0.595291390556186,0.39616271544585,0.496913816723767,4.7361984483945,4.79579054559674,4.45434729625351
"78141",27,4.79579054559674,"unpaired",4.40671924726425,4.47733681447821,4.44188769745994,0.389071298332488,0.318453731118534,0.353902848136805,4.89034912822175,4.77068462446567,3.89182029811063
"78141",28,5.01063529409626,"unpaired",4.76217393479776,4.56434819146784,4.66221191997419,0.248461359298499,0.446287102628419,0.348423374122067,4.969813299576,5.0998664278242,4.55387689160054
"78141",29,4.15888308335967,"paired",3.95124371858143,4.07753744390572,4.01389389651907,0.207639364778244,0.0813456394539518,0.144989186840601,3.66356164612965,4.4188406077966,4.23410650459726
"78141",30,4.67282883446191,"paired",4.45434729625351,4.35670882668959,4.40525756145184,0.218481538208398,0.316120007772314,0.26757127301007,4.65396035015752,5.01063529409626,4.35670882668959
"78141",31,5.01063529409626,"unpaired",4.47733681447821,4.54329478227,4.51019522722512,0.533298479618049,0.467340511826252,0.500440066871136,4.83628190695148,5.01727983681492,4.52178857704904
"78141",33,4.79579054559674,"paired",3.89182029811063,4.23410650459726,4.05935729382791,0.903970247486115,0.561684040999482,0.736433251768831,4.86753445045558,4.69134788222914,4.30406509320417
"78141",34,3.91202300542815,"paired",4.17438726989564,3.80666248977032,3.98628692370312,0.262364264467491,0.105360515657826,0.07426391827497,4.51085950651685,4.04305126783455,3.66356164612965
"78141",35,4.35670882668959,"unpaired",4.17438726989564,4.29045944114839,4.23202543389491,0.182321556793955,0.0662493855412007,0.124683392794682,4.52178857704904,4.72738781871234,4.02535169073515
"78141",36,3.91202300542815,"unpaired",3.78418963391826,3.71357206670431,3.74871456897306,0.127833371509885,0.198450938723838,0.163308436455088,4.36944785246702,4.34380542185368,4.17438726989564
"78141",37,4.90527477843843,"paired",4.36944785246702,4.31748811353631,4.34339028475949,0.535826925971408,0.58778666490212,0.56188449367894,4.60517018598809,4.80402104473326,4.4188406077966
"78141",39,4.35670882668959,"unpaired",4.11087386417331,4.17438726989564,4.14250884449892,0.24583496251628,0.182321556793955,0.214199982190674,4.74493212836325,3.61091791264422,4.02535169073515
"78141",40,4.79579054559674,"unpaired",4.38202663467388,4.45434729625351,4.41803898718317,0.41376391092286,0.341443249343234,0.377751558413575,4.85981240436167,4.98360662170834,4.35670882668959
"78141",41,3.91202300542815,"paired",3.58351893845611,3.76120011569356,3.67128476774973,0.328504066972036,0.150822889734584,0.240738237678415,4.18965474202643,4.17438726989564,4.0943445622221
"78141",42,4.35670882668959,"paired",4.20469261939097,4.31748811353631,4.26071712336014,0.152016207298626,0.0392207131532816,0.0959917033294468,4.0943445622221,4.4188406077966,4.11087386417331
"78141",43,4.15888308335967,"unpaired",3.87120101090789,4.14313472639153,4.00486046462726,0.28768207245178,0.0157483569681389,0.15402261873241,4.02535169073515,4.20469261939097,3.68887945411394
"78141",45,4.79579054559674,"paired",4.40671924726425,4.56434819146784,4.48484124875754,0.389071298332488,0.231442354128905,0.3109492968392,4.55387689160054,4.80402104473326,4.38202663467388
"78141",46,4.67282883446191,"paired",4.47733681447821,4.52178857704904,4.49950780233891,0.195492019983699,0.151040257412865,0.173321032123,4.39444915467244,4.49980967033027,4.36944785246702
"78141",47,4.79579054559674,"unpaired",4.48863636973214,4.48863636973214,4.48863636973214,0.307154175864602,0.307154175864602,0.307154175864602,4.55387689160054,4.67282883446191,4.30406509320417
"78141",48,4.90527477843843,"unpaired",4.34380542185368,4.49980967033027,4.42111950113207,0.561469356584746,0.405465108108165,0.484155277306364,4.969813299576,4.81218435537242,4.43081679884331
"78141",49,4.35670882668959,"paired",4.24849524204936,4.17438726989564,4.21127824474031,0.108213584640232,0.182321556793955,0.145430581949281,4.12713438504509,4.44265125649032,4.20469261939097
"78141",51,5.01063529409626,"unpaired",4.55387689160054,4.51085950651685,4.53231716321615,0.456758402495715,0.499775787579406,0.478318130880105,4.36944785246702,4.87519732320115,4.54329478227
"78141",52,4.35670882668959,"unpaired",4.21950770517611,4.14313472639153,4.18114684047233,0.137201121513485,0.213574100298059,0.175561986217258,4.46590811865458,4.53259949315326,4.0943445622221
"78141",53,3.91202300542815,"paired",3.71357206670431,3.89182029811063,3.80165163418434,0.198450938723838,0.0202027073175195,0.110371371243807,3.68887945411394,4.17438726989564,3.93182563272433
"78141",54,4.52178857704904,"paired",4.43081679884331,4.21950770517611,4.32387160111665,0.0909717782057271,0.302280871872934,0.197916975932388,4.35670882668959,4.67282883446191,4.17438726989564
"78141",55,4.79579054559674,"unpaired",4.23410650459726,4.46590811865458,4.34846301744985,0.561684040999482,0.329882426942158,0.447327528146888,4.84418708645859,4.60517018598809,4.38202663467388
"78141",57,4.15888308335967,"paired",3.68887945411394,3.52636052461616,3.60670471303862,0.470003629245735,0.63252255874351,0.552178370321051,4.48863636973214,4.48863636973214,4.00733318523247
"78141",58,4.79579054559674,"paired",4.33073334028633,4.47733681447821,4.40342500993853,0.46505720531041,0.318453731118534,0.392365535658209,4.35670882668959,4.99721227376411,3.89182029811063
"78141",59,4.90527477843843,"unpaired",4.20469261939097,4.47733681447821,4.33887370850593,0.700582159047464,0.427937963960223,0.566401069932503,4.70048036579242,5.01727983681492,4.70048036579242
"78141",60,5.01063529409626,"unpaired",4.39444915467244,4.54329478227,4.46825222154861,0.616186139423816,0.467340511826252,0.542383072547642,4.84418708645859,4.77912349311153,4.76217393479776
"78141",61,3.91202300542815,"paired",3.66356164612965,3.43398720448515,3.54691750900014,0.2484613592985,0.478035800943,0.365105496428007,3.68887945411394,4.0943445622221,4.17438726989564
"78141",63,4.15888308335967,"unpaired",3.95124371858143,3.98898404656427,3.97006903686934,0.207639364778244,0.169899036795397,0.188814046490336,4.35670882668959,4.21950770517611,4.11087386417331
"78141",64,4.90527477843843,"unpaired",4.4188406077966,4.43081679884331,4.42482465149029,0.486434170641831,0.474457979595116,0.480450126948139,5.09375020080676,4.85981240436167,4.36944785246702
"78141",65,4.67282883446191,"paired",4.36944785246702,4.26267987704132,4.31573370755108,0.303380981994884,0.41014895742059,0.35709512691083,4.49980967033027,4.38202663467388,4.51085950651685
"78141",66,4.15888308335967,"paired",4.11087386417331,3.95124371858143,4.03026854362031,0.0480092191863601,0.207639364778244,0.128614539739364,4.27666611901606,4.20469261939097,3.68887945411394
"78141",67,4.67282883446191,"unpaired",4.12713438504509,4.33073334028633,4.22770841960002,0.545694449416814,0.342095494175575,0.445120414861885,4.70953020131233,4.70953020131233,4.51085950651685
"78141",69,4.79579054559674,"paired",4.35670882668959,4.21950770517611,4.28755949969508,0.43908171890715,0.576282840420634,0.508231045901665,4.63472898822964,4.86753445045558,4.75359019110636
"78141",70,4.52178857704904,"paired",4.21950770517611,4.35670882668959,4.28755949969508,0.302280871872934,0.165079750359449,0.234229077353964,4.33073334028633,4.15888308335967,4.30406509320417
"78141",71,4.67282883446191,"unpaired",4.15888308335967,4.4188406077966,4.28689181713605,0.513945751102234,0.253988226665308,0.385937017325854,4.85981240436167,4.26267987704132,4.12713438504509
"78141",72,3.91202300542815,"unpaired",3.58351893845611,3.71357206670431,3.64796598536177,0.328504066972036,0.198450938723838,0.264057020066374,3.40119738166216,3.89182029811063,3.71357206670431
"78141",73,4.35670882668959,"paired",3.93182563272433,3.68887945411394,3.80841578529909,0.424883193965266,0.667829372575655,0.548293041390501,4.66343909411207,4.53259949315326,4.0943445622221
"78141",75,4.52178857704904,"unpaired",4.17438726989564,4.36944785246702,4.27080408024193,0.347401307153404,0.152340724582019,0.250984496807106,4.47733681447821,4.72738781871234,4.33073334028633
"78141",76,4.15888308335967,"unpaired",3.91202300542815,4.17438726989564,4.04107646963011,0.246860077931526,0.0155041865359653,0.117806613729565,4.34380542185368,4.68213122712422,3.49650756146648
"78141",77,4.90527477843843,"paired",4.43081679884331,4.21950770517611,4.32387160111665,0.474457979595116,0.685767073262323,0.581403177321777,4.68213122712422,4.80402104473326,4.70953020131233
"78141",78,4.15888308335967,"paired",4.27666611901606,4.36944785246702,4.32280806761683,0.117783035656384,0.21056476910735,0.163924984257161,4.54329478227,4.29045944114839,4.23410650459726
"78141",79,3.91202300542815,"unpaired",3.71357206670431,4.00733318523247,3.85765739518902,0.198450938723838,0.0953101798043252,0.0543656102391292,3.71357206670431,3.63758615972639,3.58351893845611
"78141",81,4.79579054559674,"paired",4.30406509320417,4.15888308335967,4.23085139254568,0.491725452392571,0.63690746223707,0.564939153051065,4.80402104473326,4.79579054559674,4.48863636973214
"78141",82,4.15888308335967,"paired",4.23410650459726,4.04305126783455,4.1374762442289,0.0752234212375882,0.115831815525121,0.0214068391307736,4.47733681447821,3.71357206670431,4.14313472639153
"78141",83,4.79579054559674,"unpaired",4.11087386417331,4.38202663467388,4.24428542449635,0.68491668142343,0.41376391092286,0.551505121100388,4.84418708645859,4.7361984483945,4.33073334028633
"78141",84,3.91202300542815,"unpaired",3.43398720448515,3.63758615972639,3.53432091464721,0.478035800943,0.27443684570176,0.377702090780939,3.73766961828337,4.04305126783455,3.58351893845611
"78141",85,4.15888308335967,"paired",3.49650756146648,3.76120011569356,3.62643966511386,0.662375521893191,0.397682967666109,0.532443418245809,4.00733318523247,3.49650756146648,3.95124371858143
"78141",87,3.91202300542815,"unpaired",3.95124371858143,3.87120101090789,3.91101760130479,0.0392207131532816,0.0408219945202548,0.00100540412335537,4.77068462446567,4.00733318523247,3.71357206670431
"78141",88,4.90527477843843,"unpaired",4.17438726989564,4.51085950651685,4.33936337500003,0.730887508542793,0.39441527192158,0.565911403438399,4.44265125649032,4.98360662170834,4.70048036579242
"78141",89,3.91202300542815,"paired",3.93182563272433,4.06044301054642,3.99561683712074,0.0198026272961798,0.148420005118273,0.0835938316925935,3.40119738166216,3.29583686600433,3.71357206670431
"78141",90,5.01063529409626,"paired",4.52178857704904,4.66343909411207,4.59206768520673,0.488846717047215,0.347196199984189,0.418567608889528,4.81218435537242,5.05624580534831,4.54329478227
"78141",91,4.52178857704904,"unpaired",4.29045944114839,4.24849524204936,4.26942578363001,0.23132913590065,0.273293334999681,0.252362793419034,4.49980967033027,4.35670882668959,4.31748811353631
"78141",93,4.35670882668959,"paired",4.0943445622221,3.89182029811063,3.99179825075302,0.262364264467491,0.464888528578965,0.364910575936576,4.69134788222914,3.76120011569356,4.21950770517611
"78141",94,4.35670882668959,"paired",4.27666611901606,4.06044301054642,4.16715239118987,0.0800427076735364,0.296265816143173,0.189556435499725,4.70953020131233,4.64439089914137,4.02535169073515
"78141",95,4.15888308335967,"unpaired",4.14313472639153,4.18965474202643,4.16632980611001,0.0157483569681389,0.0307716586667537,0.00744672275033409,4.43081679884331,4.67282883446191,3.68887945411394
"78141",96,4.52178857704904,"unpaired",4.31748811353631,4.35670882668959,4.33705413539779,0.20430046351273,0.165079750359449,0.184734441651255,4.7361984483945,4.38202663467388,4.29045944114839
"78156",1,4.52178857704904,"paired",4.27666611901606,4.44265125649032,4.35886867285953,0.245122458032985,0.0791373205587238,0.162919904189506,4.53259949315326,4.23410650459726,4.31748811353631
"78156",3,3.91202300542815,"unpaired",4.00733318523247,4.06044301054642,4.03380069201589,0.0953101798043252,0.148420005118273,0.121777686587749,4.60517018598809,3.87120101090789,4.33073334028633
"78156",4,4.67282883446191,"unpaired",4.45434729625351,4.35670882668959,4.40525756145184,0.218481538208398,0.316120007772314,0.26757127301007,4.85203026391962,4.44265125649032,4.49980967033027
"78156",5,3.91202300542815,"paired",4.04305126783455,4.00733318523247,4.0251526076895,0.131028262406404,0.0953101798043252,0.113129602261357,4.12713438504509,4.07753744390572,3.63758615972639
"78156",6,4.35670882668959,"paired",4.45434729625351,4.53259949315326,4.49330304979836,0.0976384695639156,0.175890666463665,0.136594223108767,4.53259949315326,4.54329478227,4.11087386417331
"78156",7,3.91202300542815,"unpaired",3.89182029811063,4.06044301054642,3.9752376693433,0.0202027073175195,0.148420005118273,0.063214663915157,3.71357206670431,4.47733681447821,4.00733318523247
"78156",9,4.90527477843843,"paired",4.79579054559674,4.91998092582813,4.8574888583097,0.109484232841688,0.0147061473896954,0.0477859201287343,5.02388052084628,4.75359019110636,4.95582705760126
"78156",10,3.91202300542815,"paired",4.27666611901606,3.91202300542815,4.09028314962741,0.364643113587909,0,0.178260144199263,4.18965474202643,4.0943445622221,4.33073334028633
"78156",11,4.67282883446191,"unpaired",4.49980967033027,4.66343909411207,4.5808938355611,0.173019164131641,0.00938974034983886,0.0919349989008058,4.54329478227,4.55387689160054,4.91265488573605
"78156",12,4.52178857704904,"unpaired",4.72738781871234,4.81218435537242,4.76959764581727,0.2055992416633,0.290395778323377,0.247809068768231,4.33073334028633,4.75359019110636,4.74493212836325
"78156",13,4.67282883446191,"paired",4.48863636973214,4.7361984483945,4.6107561863248,0.184192464729766,0.0633696139325899,0.062072648137101,4.34380542185368,4.85981240436167,4.49980967033027
"78156",15,4.79579054559674,"unpaired",4.71849887129509,4.98360662170834,4.84924140660264,0.0772916743016472,0.187816076111595,0.0534508610058975,4.78749174278205,4.83628190695148,4.87519732320115
"78156",16,4.15888308335967,"unpaired",4.47733681447821,4.06044301054642,4.26379771731847,0.318453731118535,0.0984400728132524,0.104914633958799,4.31748811353631,4.51085950651685,4.43081679884331
"78156",17,4.52178857704904,"paired",4.76217393479776,4.80402104473326,4.78305172473062,0.240385357748716,0.282232467684216,0.261263147681584,3.91202300542815,4.60517018598809,4.27666611901606
"78156",18,4.67282883446191,"paired",4.4188406077966,4.53259949315326,4.47535861124267,0.253988226665308,0.14022934130865,0.19747022321924,3.85014760171006,4.45434729625351,4.54329478227
"78156",19,4.90527477843843,"unpaired",4.89034912822175,4.68213122712422,4.78510776940152,0.0149256502166759,0.22314355131421,0.12016700903691,4.56434819146784,4.75359019110636,4.82028156560504
"78156",21,4.52178857704904,"paired",4.47733681447821,4.8283137373023,4.6495146894998,0.0444517625708336,0.306525160253261,0.127726112450763,4.7361984483945,4.72738781871234,4.30406509320417
"78156",22,4.52178857704904,"paired",4.30406509320417,4.53259949315326,4.4168544531098,0.21772348384487,0.0108109161042158,0.104934123939244,4.75359019110636,4.61512051684126,4.39444915467244
"78156",23,5.01063529409626,"unpaired",4.91998092582813,4.70953020131233,4.81360558833689,0.0906543682681304,0.301105092783922,0.197029705759362,4.77068462446567,4.31748811353631,5.0998664278242
"78156",24,4.67282883446191,"unpaired",4.74493212836325,4.97673374242057,4.8594509801747,0.0721032939013444,0.303904907958668,0.186622145712795,4.70953020131233,4.81218435537242,4.4188406077966
"78156",25,4.67282883446191,"paired",4.7361984483945,4.85203026391962,4.79376451315031,0.0633696139325899,0.179201429457711,0.120935678688403,4.43081679884331,4.38202663467388,4.85203026391962
"78156",27,4.79579054559674,"unpaired",4.84418708645859,4.77068462446567,4.80729537800655,0.0483965408618499,0.0251059211310762,0.0115048324098073,4.38202663467388,4.9416424226093,4.78749174278205
"78156",28,5.01063529409626,"unpaired",4.95582705760126,5.04985600724954,5.0026206170084,0.0548082364949947,0.0392207131532816,0.00801467708785353,4.82028156560504,4.39444915467244,4.68213122712422
"78156",29,4.15888308335967,"paired",4.36944785246702,4.67282883446191,4.51859291325137,0.21056476910735,0.513945751102234,0.359709829891703,3.93182563272433,4.53259949315326,4.52178857704904
"78156",30,4.67282883446191,"paired",4.48863636973214,4.70953020131233,4.59775690374801,0.184192464729766,0.0367013668504281,0.0750719307138983,4.94875989037817,4.51085950651685,4.45434729625351
"78156",31,5.01063529409626,"unpaired",4.68213122712422,4.98360662170834,4.83051758999009,0.328504066972036,0.0270286723879192,0.180117704106168,4.89034912822175,4.85203026391962,5.0998664278242
"78156",33,4.79579054559674,"paired",4.87519732320115,4.9272536851572,4.9011563917724,0.0794067776044098,0.131463139560464,0.105365846175654,4.95582705760126,4.81218435537242,4.84418708645859
"78156",34,3.91202300542815,"paired",4.48863636973214,3.85014760171006,4.15715197627808,0.576613364303994,0.0618754037180875,0.245128970849934,3.93182563272433,4.35670882668959,4.04305126783455
"78156",35,4.35670882668959,"unpaired",4.24849524204936,4.14313472639153,4.19548425956336,0.108213584640232,0.213574100298059,0.161224567126234,4.30406509320417,4.35670882668959,4.17438726989564
"78156",36,3.91202300542815,"unpaired",4.23410650459726,4.0943445622221,4.16363914658403,0.322083499169114,0.182321556793954,0.251616141155887,4.27666611901606,3.87120101090789,4.27666611901606
"78156",37,4.90527477843843,"paired",4.82028156560504,4.99721227376411,4.90794969438771,0.0849932128333926,0.0919374953256851,0.00267491594927804,4.27666611901606,4.81218435537242,4.79579054559674
"78156",39,4.35670882668959,"unpaired",4.75359019110636,4.31748811353631,4.53029459822698,0.396881364416773,0.0392207131532816,0.173585771537384,4.44265125649032,4.56434819146784,4.43081679884331
"78156",40,4.79579054559674,"unpaired",4.93447393313069,4.86753445045558,4.90088990535277,0.13868338753395,0.0717439048588409,0.105099359756029,4.87519732320115,4.82028156560504,4.78749174278205
"78156",41,3.91202300542815,"paired",4.12713438504509,4.26267987704132,4.19435962847453,0.215111379616946,0.35065687161317,0.282336623046385,3.52636052461616,3.58351893845611,4.04305126783455
"78156",42,4.35670882668959,"paired",4.43081679884331,4.49980967033027,4.4651799828111,0.0741079721537217,0.143100843640673,0.108471156121507,4.67282883446191,3.80666248977032,4.75359019110636
"78156",43,4.15888308335967,"unpaired",4.38202663467388,4.34380542185368,4.36287417356995,0.22314355131421,0.184922338494013,0.203991090210277,3.85014760171006,4.58496747867057,4.11087386417331
"78156",45,4.79579054559674,"paired",4.77912349311153,5.03043792139244,4.90317081598895,0.0166670524852117,0.234647375795694,0.107380270392206,5.07517381523383,4.8283137373023,4.78749174278205
"78156",46,4.67282883446191,"paired",4.54329478227,4.77068462446567,4.65560163267763,0.129534052191902,0.0978557900037593,0.0172272017842783,4.97673374242057,4.70048036579242,4.4188406077966
"78156",47,4.79579054559674,"unpaired",5.05624580534831,4.89034912822175,4.97260568175881,0.260455259751566,0.0945585826250124,0.176815136162069,4.70953020131233,4.48863636973214,4.78749174278205
"78156",48,4.90527477843843,"unpaired",5.07517381523383,5.04985600724954,5.06249908431538,0.169899036795397,0.144581228811107,0.157224305876953,4.63472898822964,4.60517018598809,4.66343909411207
"78156",49,4.35670882668959,"paired",4.48863636973214,4.66343909411207,4.5752029819301,0.131927543042548,0.306730267422475,0.218494155240514,4.48863636973214,4.63472898822964,4.17438726989564
"78156",51,5.01063529409626,"unpaired",4.70048036579242,4.81218435537242,4.75600442377859,0.310154928303839,0.198450938723838,0.254630870317669,4.8283137373023,4.64439089914137,4.83628190695148
"78156",52,4.35670882668959,"unpaired",4.69134788222914,4.12713438504509,4.40020717204956,0.334639055539552,0.2295744416445,0.0434983453599669,4.68213122712422,4.31748811353631,4.17438726989564
"78156",53,3.91202300542815,"paired",4.33073334028633,4.07753744390572,4.20222885557039,0.418710334858185,0.165514438477574,0.290205850142241,3.89182029811063,4.47733681447821,4.48863636973214
"78156",54,4.52178857704904,"paired",4.31748811353631,4.47733681447821,4.39668607894721,0.20430046351273,0.0444517625708336,0.125102498101832,4.34380542185368,4.33073334028633,4.39444915467244
"78156",55,4.79579054559674,"unpaired",4.48863636973214,4.4188406077966,4.45360176309075,0.307154175864602,0.376949937800143,0.342188782505986,4.52178857704904,4.8283137373023,4.77912349311153
"78156",57,4.15888308335967,"paired",4.35670882668959,4.27666611901606,4.31650194364853,0.19782574332992,0.117783035656384,0.157618860288863,4.4188406077966,4.02535169073515,4.52178857704904
"78156",58,4.79579054559674,"paired",4.49980967033027,4.72738781871234,4.61219529313789,0.295980875266476,0.0684027268844005,0.183595252458853,4.79579054559674,4.93447393313069,5.05624580534831
"78156",59,4.90527477843843,"unpaired",4.66343909411207,4.87519732320115,4.76814280286641,0.241835684326363,0.0300774552372784,0.137131975572019,4.89034912822175,4.56434819146784,4.85981240436167
"78156",60,5.01063529409626,"unpaired",4.83628190695148,5.08759633523238,4.96034778074653,0.174353387144778,0.0769610411361281,0.0502875133497263,5.00394630594546,4.83628190695148,4.70048036579242
"78156",61,3.91202300542815,"paired",3.95124371858143,4.24849524204936,4.09717465316901,0.0392207131532816,0.336472236621213,0.185151647740866,4.02535169073515,4.38202663467388,4.27666611901606
"78156",63,4.15888308335967,"unpaired",4.43081679884331,4.24849524204936,4.33869843251155,0.271933715483642,0.0896121586896879,0.179815349151879,4.23410650459726,4.35670882668959,4.04305126783455
"78156",64,4.90527477843843,"unpaired",4.95582705760126,4.75359019110636,4.85365541523426,0.0505522791628312,0.151684587332065,0.0516193632041686,5.09375020080676,4.90527477843843,4.79579054559674
"78156",65,4.67282883446191,"paired",4.91265488573605,4.969813299576,4.9411514434753,0.239826051274147,0.296984465114095,0.268322609013396,4.70048036579242,4.17438726989564,4.85203026391962
"78156",66,4.15888308335967,"paired",3.91202300542815,4.02535169073515,3.96828280482818,0.246860077931526,0.133531392624522,0.190600278531494,4.27666611901606,4.18965474202643,4.43081679884331
"78156",67,4.67282883446191,"unpaired",4.89034912822175,4.34380542185368,4.60898308284236,0.217520293759848,0.329023412608222,0.0638457516195423,4.51085950651685,4.66343909411207,4.74493212836325
"78156",69,4.79579054559674,"paired",5.08140436498446,5.01063529409626,5.04589576336709,0.285613819387722,0.214844748499514,0.250105217770346,4.90527477843843,4.7361984483945,4.78749174278205
"78156",70,4.52178857704904,"paired",4.36944785246702,4.53259949315326,4.45027607249838,0.152340724582019,0.0108109161042158,0.071512504550661,4.85981240436167,4.72738781871234,4.74493212836325
"78156",71,4.67282883446191,"unpaired",4.85203026391962,4.70953020131233,4.78024926814605,0.179201429457711,0.0367013668504281,0.107420433684148,4.53259949315326,4.69134788222914,4.4188406077966
"78156",72,3.91202300542815,"unpaired",3.63758615972639,3.40119738166216,3.5174065050875,0.27443684570176,0.51082562376599,0.394616500340644,3.89182029811063,3.93182563272433,3.66356164612965
"78156",73,4.35670882668959,"paired",4.11087386417331,4.39444915467244,4.25029718694839,0.24583496251628,0.0377403279828474,0.106411639741197,4.00733318523247,3.80666248977032,4.48863636973214
"78156",75,4.52178857704904,"unpaired",4.39444915467244,4.14313472639153,4.26694210132799,0.127339422376601,0.378653850657508,0.254846475721053,4.34380542185368,4.85981240436167,4.72738781871234
"78156",76,4.15888308335967,"unpaired",4.04305126783455,4.31748811353631,4.17801696876563,0.115831815525121,0.158605030176639,0.0191338854059628,4.47733681447821,4.35670882668959,4.26267987704132
"78156",77,4.90527477843843,"paired",4.85981240436167,4.97673374242057,4.91792561702806,0.0454623740767577,0.0714589639821446,0.0126508385896269,4.72738781871234,4.70048036579242,4.95582705760126
"78156",78,4.15888308335967,"paired",4.26267987704132,4.35670882668959,4.30943790367816,0.103796793681644,0.19782574332992,0.150554820318487,3.91202300542815,4.47733681447821,4.47733681447821
"78156",79,3.91202300542815,"unpaired",3.66356164612965,4.04305126783455,3.84863190733727,0.2484613592985,0.131028262406404,0.0633910980908774,4.47733681447821,4.51085950651685,4.33073334028633
"78156",81,4.79579054559674,"paired",4.78749174278205,4.80402104473326,4.79574927240902,0.00829880281469553,0.00823049913651541,4.12731877208472e-05,4.80402104473326,4.61512051684126,4.93447393313069
"78156",82,4.15888308335967,"paired",3.91202300542815,4.14313472639153,4.02592080948346,0.246860077931526,0.0157483569681389,0.132962273876216,4.55387689160054,3.98898404656427,4.26267987704132
"78156",83,4.79579054559674,"unpaired",4.78749174278205,4.68213122712422,4.73451841146269,0.00829880281469553,0.113659318472521,0.0612721341340539,4.11087386417331,4.85981240436167,4.71849887129509
"78156",84,3.91202300542815,"unpaired",4.06044301054642,4.14313472639153,4.10158048092789,0.148420005118273,0.231111720963387,0.189557475499742,4.27666611901606,3.85014760171006,4.23410650459726
"78156",85,4.15888308335967,"paired",4.11087386417331,4.00733318523247,4.05877336842137,0.0480092191863601,0.1515498981272,0.100109714938301,4.20469261939097,4.24849524204936,4.36944785246702
"78156",87,3.91202300542815,"unpaired",4.23410650459726,4.39444915467244,4.31353286181066,0.322083499169114,0.482426149244293,0.401509856382519,4.24849524204936,3.91202300542815,4.33073334028633
"78156",88,4.90527477843843,"unpaired",4.77068462446567,4.91265488573605,4.84114936029525,0.134590153972765,0.00738010729762273,0.0641254181431785,4.85981240436167,4.72738781871234,4.85981240436167
"78156",89,3.91202300542815,"paired",4.04305126783455,4.40671924726425,4.22097048552139,0.131028262406404,0.494696241836107,0.308947480093241,4.11087386417331,4.24849524204936,3.63758615972639
"78156",90,5.01063529409626,"paired",5.0998664278242,5.08140436498446,5.09062702691757,0.0892311337279432,0.0707690708882076,0.0799917328213127,5.01063529409626,4.82028156560504,4.83628190695148
"78156",91,4.52178857704904,"unpaired",4.27666611901606,4.38202663467388,4.32902585359983,0.245122458032985,0.139761942375159,0.192762723449211,4.36944785246702,4.67282883446191,4.27666611901606
"78156",93,4.35670882668959,"paired",4.54329478227,4.71849887129509,4.63006817467107,0.186585955580412,0.361790044605502,0.273359347981479,4.0943445622221,4.27666611901606,4.75359019110636
"78156",94,4.35670882668959,"paired",4.17438726989564,4.47733681447821,4.3232092016687,0.182321556793955,0.120627987788615,0.0334996250208928,4.76217393479776,4.4188406077966,4.75359019110636
"78156",95,4.15888308335967,"unpaired",4.52178857704904,4.45434729625351,4.48794125656836,0.362905493689369,0.295464212893836,0.329058173208688,3.76120011569356,3.55534806148941,3.91202300542815
"78156",96,4.52178857704904,"unpaired",4.74493212836325,4.21950770517611,4.4745142391288,0.22314355131421,0.302280871872934,0.0472743379202392,4.46590811865458,4.71849887129509,4.76217393479776
"78157",1,4.52178857704904,"paired",4.52178857704904,4.67282883446191,4.59668837818872,0,0.151040257412865,0.0748998011396784,4.33073334028633,4.91265488573605,3.89182029811063
"78157",3,3.91202300542815,"unpaired",4.53259949315326,3.73766961828337,4.11598826740377,0.62057648772511,0.174353387144778,0.203965261975628,3.61091791264422,3.43398720448515,3.87120101090789
"78157",4,4.67282883446191,"unpaired",4.70048036579242,4.15888308335967,4.42139664325181,0.0276515313305108,0.513945751102234,0.251432191210097,4.54329478227,4.70953020131233,4.4188406077966
"78157",5,3.91202300542815,"paired",4.35670882668959,4.35670882668959,4.35670882668959,0.444685821261446,0.444685821261446,0.444685821261446,4.18965474202643,3.80666248977032,4.20469261939097
"78157",6,4.35670882668959,"paired",4.30406509320417,4.46590811865458,4.38423987059995,0.0526437334854215,0.109199291964992,0.0275310439103622,4.30406509320417,4.33073334028633,4.44265125649032
"78157",7,3.91202300542815,"unpaired",4.20469261939097,4.02535169073515,4.11404503432899,0.29266961396282,0.113328685307004,0.202022028900845,3.46573590279973,4.35670882668959,3.66356164612965
"78157",9,4.90527477843843,"paired",4.70953020131233,4.83628190695148,4.7724852752888,0.195744577126096,0.0689928714869517,0.132789503149633,4.75359019110636,4.57471097850338,4.8283137373023
"78157",10,3.91202300542815,"paired",3.55534806148941,3.63758615972639,3.59623204221918,0.356674943938732,0.27443684570176,0.315790963208967,3.73766961828337,3.29583686600433,3.52636052461616
"78157",11,4.67282883446191,"unpaired",4.77068462446567,4.40671924726425,4.58509190281509,0.0978557900037593,0.266109587197652,0.087736931646818,4.83628190695148,4.70048036579242,4.88280192258637
"78157",12,4.52178857704904,"unpaired",4.76217393479776,4.53259949315326,4.64596891543324,0.240385357748716,0.0108109161042158,0.124180338384203,4.90527477843843,4.39444915467244,3.95124371858143
"78157",13,4.67282883446191,"paired",4.88280192258637,4.48863636973214,4.68157263063591,0.209973088124465,0.184192464729766,0.00874379617400045,4.79579054559674,4.68213122712422,4.43081679884331
"78157",15,4.79579054559674,"unpaired",4.70048036579242,4.71849887129509,4.70948100118647,0.0953101798043248,0.0772916743016472,0.0863095444102759,4.85203026391962,4.8283137373023,4.33073334028633
"78157",16,4.15888308335967,"unpaired",4.39444915467244,3.63758615972639,3.99814799934392,0.235566071312768,0.521296923633286,0.160735084015753,4.24849524204936,4.68213122712422,4.0943445622221
"78157",17,4.52178857704904,"paired",4.72738781871234,4.8283137373023,4.77758427938685,0.2055992416633,0.306525160253261,0.255795702337808,4.43081679884331,4.72738781871234,4.7361984483945
"78157",18,4.67282883446191,"paired",4.48863636973214,4.4188406077966,4.45360176309075,0.184192464729766,0.253988226665308,0.219227071371151,4.17438726989564,4.47733681447821,4.49980967033027
"78157",19,4.90527477843843,"unpaired",4.8283137373023,4.56434819146784,4.69447601705399,0.0769610411361281,0.340926586970594,0.210798761384442,4.80402104473326,4.75359019110636,4.47733681447821
"78157",21,4.52178857704904,"paired",4.78749174278205,4.4188406077966,4.59947420065557,0.265703165733005,0.102947969252442,0.0776856236065306,4.61512051684126,4.52178857704904,4.76217393479776
"78157",22,4.52178857704904,"paired",3.89182029811063,4.30406509320417,4.09275553803564,0.629968278938414,0.21772348384487,0.429033039013401,3.97029191355212,4.61512051684126,4.78749174278205
"78157",23,5.01063529409626,"unpaired",4.87519732320115,4.49980967033027,4.68374423508679,0.135437970895104,0.51082562376599,0.326891059009463,4.98360662170834,4.95582705760126,4.77912349311153
"78157",24,4.67282883446191,"unpaired",4.89783979995091,4.04305126783455,4.44996824852066,0.225010965489005,0.629777566627356,0.222860585941243,4.40671924726425,4.79579054559674,4.4188406077966
"78157",25,4.67282883446191,"paired",4.86753445045558,4.83628190695148,4.85188301530461,0.194705615993676,0.163453072489572,0.179054180842702,4.59511985013459,4.40671924726425,4.4188406077966
"78157",27,4.79579054559674,"unpaired",4.71849887129509,4.40671924726425,4.55994515255729,0.0772916743016472,0.389071298332488,0.235845393039448,4.91998092582813,4.20469261939097,4.74493212836325
"78157",28,5.01063529409626,"unpaired",4.69134788222914,4.56434819146784,4.62741236781412,0.319287411867112,0.446287102628419,0.383222926282138,4.78749174278205,4.91998092582813,4.87519732320115
"78157",29,4.15888308335967,"paired",4.04305126783455,4.0943445622221,4.06861708363463,0.115831815525121,0.0645385211375711,0.0902659997250419,4.07753744390572,4.43081679884331,4.36944785246702
"78157",30,4.67282883446191,"paired",4.49980967033027,4.59511985013459,4.54721505297057,0.173019164131641,0.077708984327316,0.125613781491332,4.94875989037817,4.12713438504509,4.48863636973214
"78157",31,5.01063529409626,"unpaired",4.86753445045558,4.69134788222914,4.77862924234787,0.143100843640673,0.319287411867112,0.232006051748384,4.75359019110636,4.68213122712422,4.9416424226093
"78157",33,4.79579054559674,"paired",4.8283137373023,4.94875989037817,4.88816584838562,0.0325231917055602,0.152969344781427,0.0923753027888816,4.67282883446191,4.93447393313069,4.76217393479776
"78157",34,3.91202300542815,"paired",3.85014760171006,3.85014760171006,3.85014760171006,0.0618754037180875,0.0618754037180875,0.0618754037180871,4.36944785246702,3.61091791264422,3.58351893845611
"78157",35,4.35670882668959,"unpaired",4.4188406077966,3.66356164612965,4.02351773589776,0.0621317811070066,0.693147180559945,0.333191090791832,4.53259949315326,4.60517018598809,4.23410650459726
"78157",36,3.91202300542815,"unpaired",4.15888308335967,3.43398720448515,3.77909397782152,0.246860077931526,0.478035800943,0.132929027606631,4.23410650459726,4.07753744390572,3.76120011569356
"78157",37,4.90527477843843,"paired",4.82028156560504,4.76217393479776,4.79113965879836,0.0849932128333926,0.143100843640673,0.114135119640074,4.31748811353631,4.7361984483945,4.74493212836325
"78157",39,4.35670882668959,"unpaired",4.33073334028633,4.43081679884331,4.38048924612896,0.0259754864032606,0.0741079721537217,0.0237804194393716,4.64439089914137,4.14313472639153,4.30406509320417
"78157",40,4.79579054559674,"unpaired",4.76217393479776,4.74493212836325,4.7535452142665,0.033616610798985,0.0508584172334912,0.0422453313302444,4.96284463025991,4.60517018598809,4.80402104473326
"78157",41,3.91202300542815,"paired",4.17438726989564,4.24849524204936,4.21127824474031,0.262364264467491,0.336472236621213,0.299255239312165,4.11087386417331,4.27666611901606,3.87120101090789
"78157",42,4.35670882668959,"paired",4.44265125649032,4.51085950651685,4.47662547623524,0.085942429800725,0.154150679827258,0.119916649545647,4.85203026391962,4.60517018598809,4.21950770517611
"78157",43,4.15888308335967,"unpaired",4.36944785246702,4.33073334028633,4.35004752770834,0.21056476910735,0.17185025692666,0.191164444348668,4.14313472639153,4.12713438504509,3.36729582998647
"78157",45,4.79579054559674,"paired",4.75359019110636,4.79579054559674,4.77464374546932,0.0422003544903768,0,0.0211468001274193,4.57471097850338,4.52178857704904,4.80402104473326
"78157",46,4.67282883446191,"paired",4.48863636973214,4.68213122712422,4.58436304342581,0.184192464729766,0.00930239266231414,0.0884657910360964,4.9272536851572,4.34380542185368,4.48863636973214
"78157",47,4.79579054559674,"unpaired",4.43081679884331,4.74493212836325,4.58518538160926,0.364973746753428,0.0508584172334912,0.210605163987482,4.969813299576,4.85203026391962,4.8283137373023
"78157",48,4.90527477843843,"unpaired",4.85203026391962,4.99721227376411,4.92408622868589,0.0532445145188127,0.0919374953256851,0.018811450247461,4.79579054559674,4.83628190695148,4.8283137373023
"78157",49,4.35670882668959,"paired",4.23410650459726,4.30406509320417,4.26894249286,0.122602322092332,0.0526437334854215,0.0877663338295873,4.12713438504509,4.57471097850338,4.30406509320417
"78157",51,5.01063529409626,"unpaired",4.77912349311153,4.68213122712422,4.73037877398634,0.231511800984726,0.328504066972036,0.280256520109919,4.68213122712422,4.97673374242057,4.81218435537242
"78157",52,4.35670882668959,"unpaired",4.15888308335967,4.02535169073515,4.09157268677604,0.19782574332992,0.331357135954442,0.265136139913555,4.62497281328427,4.53259949315326,4.30406509320417
"78157",53,3.91202300542815,"paired",3.76120011569356,3.93182563272433,3.84556667146594,0.150822889734584,0.0198026272961798,0.0664563339622037,4.24849524204936,3.95124371858143,3.52636052461616
"78157",54,4.52178857704904,"paired",4.31748811353631,4.4188406077966,4.36787039640296,0.20430046351273,0.102947969252442,0.153918180646078,4.69134788222914,4.48863636973214,4.31748811353631
"78157",55,4.79579054559674,"unpaired",4.31748811353631,4.36944785246702,4.34339028475949,0.478302432060431,0.42634269312972,0.452400260837252,4.68213122712422,4.62497281328427,4.8283137373023
"78157",57,4.15888308335967,"paired",4.0943445622221,4.77912349311153,4.42350294294116,0.0645385211375711,0.620240409751858,0.264619859581487,4.00733318523247,4.02535169073515,3.89182029811063
"78157",58,4.79579054559674,"paired",4.11087386417331,4.44265125649032,4.27354407230612,0.68491668142343,0.353139289106425,0.522246473290623,4.71849887129509,4.72738781871234,4.80402104473326
"78157",59,4.90527477843843,"unpaired",4.74493212836325,4.46590811865458,4.6033065197228,0.160342650075179,0.439366659783846,0.301968258715632,3.80666248977032,4.80402104473326,4.72738781871234
"78157",60,5.01063529409626,"unpaired",4.9416424226093,4.77912349311153,4.85970363257356,0.0689928714869517,0.231511800984726,0.150931661522692,5.00394630594546,5.04985600724954,4.87519732320115
"78157",61,3.91202300542815,"paired",3.87120101090789,3.93182563272433,3.90139556621935,0.0408219945202548,0.0198026272961798,0.0106274392087999,4.00733318523247,3.80666248977032,3.58351893845611
"78157",63,4.15888308335967,"unpaired",3.89182029811063,3.46573590279973,3.67260416249924,0.267062785249045,0.693147180559945,0.486278920860433,3.91202300542815,4.18965474202643,4.07753744390572
"78157",64,4.90527477843843,"unpaired",4.74493212836325,4.39444915467244,4.56632926763544,0.160342650075179,0.51082562376599,0.338945510802994,4.8283137373023,4.9416424226093,4.72738781871234
"78157",65,4.67282883446191,"paired",4.4188406077966,4.71849887129509,4.56621226185568,0.253988226665308,0.0456700368331884,0.106616572606224,4.67282883446191,4.38202663467388,4.49980967033027
"78157",66,4.15888308335967,"paired",3.36729582998647,3.78418963391826,3.56966188513296,0.791587253373197,0.37469344944141,0.589221198226711,4.30406509320417,4.44265125649032,4.39444915467244
"78157",67,4.67282883446191,"unpaired",4.43081679884331,4.31748811353631,4.37378541566262,0.242012035618592,0.355340720925596,0.29904341879929,4.52178857704904,4.48863636973214,4.48863636973214
"78157",69,4.79579054559674,"paired",4.74493212836325,4.79579054559674,4.7702935591746,0.0508584172334912,0,0.025496986422139,4.8283137373023,4.71849887129509,4.11087386417331
"78157",70,4.52178857704904,"paired",3.95124371858143,4.20469261939097,4.07599868755306,0.570544858467613,0.317095957658075,0.445789889495984,4.74493212836325,4.43081679884331,4.31748811353631
"78157",71,4.67282883446191,"unpaired",4.77068462446567,4.36944785246702,4.56566070653185,0.0978557900037593,0.303380981994884,0.107168127930053,4.8283137373023,4.64439089914137,4.49980967033027
"78157",72,3.91202300542815,"unpaired",3.66356164612965,3.43398720448515,3.54691750900014,0.2484613592985,0.478035800943,0.365105496428007,4.39444915467244,3.93182563272433,3.58351893845611
"78157",73,4.35670882668959,"paired",4.0943445622221,4.23410650459726,4.16363914658403,0.262364264467491,0.122602322092332,0.193069680105559,4.74493212836325,4.0943445622221,4.44265125649032
"78157",75,4.52178857704904,"unpaired",4.31748811353631,3.95124371858143,4.13030843747296,0.20430046351273,0.570544858467613,0.39148013957608,4.86753445045558,4.70953020131233,4.72738781871234
"78157",76,4.15888308335967,"unpaired",3.68887945411394,4.00733318523247,3.84481066540253,0.470003629245735,0.1515498981272,0.314072417957145,4.33073334028633,4.38202663467388,4.07753744390572
"78157",77,4.90527477843843,"paired",4.47733681447821,4.56434819146784,4.52063316270586,0.427937963960223,0.340926586970594,0.384641615732572,4.9416424226093,4.97673374242057,4.85203026391962
"78157",78,4.15888308335967,"paired",4.07753744390572,4.02535169073515,4.0513605423193,0.0813456394539518,0.133531392624522,0.107522541040367,4.04305126783455,4.24849524204936,4.39444915467244
"78157",79,3.91202300542815,"unpaired",3.58351893845611,4.04305126783455,3.80635662903965,0.328504066972036,0.131028262406404,0.105666376388495,4.07753744390572,3.68887945411394,4.17438726989564
"78157",81,4.79579054559674,"paired",4.80402104473326,4.69134788222914,4.74735020347073,0.00823049913651541,0.104442663367598,0.0484403421260087,4.38202663467388,4.71849887129509,4.43081679884331
"78157",82,4.15888308335967,"paired",4.0943445622221,4.24849524204936,4.17070778069038,0.0645385211375711,0.0896121586896879,0.0118246973307077,4.24849524204936,4.27666611901606,4.07753744390572
"78157",83,4.79579054559674,"unpaired",4.33073334028633,4.52178857704904,4.42522999948615,0.46505720531041,0.274001968547701,0.370560546110594,4.78749174278205,4.8283137373023,4.71849887129509
"78157",84,3.91202300542815,"unpaired",3.58351893845611,3.40119738166216,3.49116817564174,0.328504066972036,0.51082562376599,0.420854829786407,4.17438726989564,4.11087386417331,4.20469261939097
"78157",85,4.15888308335967,"paired",3.89182029811063,4.07753744390572,3.9835967404468,0.267062785249045,0.0813456394539518,0.175286342912867,3.8286413964891,4.48863636973214,4.39444915467244
"78157",87,3.91202300542815,"unpaired",3.52636052461616,4.11087386417331,3.80741688238851,0.385662480811984,0.198850858745165,0.104606123039634,4.57471097850338,3.76120011569356,3.58351893845611
"78157",88,4.90527477843843,"unpaired",4.72738781871234,4.82028156560504,4.77360873511905,0.177886959726089,0.0849932128333926,0.131666043319379,4.54329478227,4.80402104473326,4.70953020131233
"78157",89,3.91202300542815,"paired",3.71357206670431,3.98898404656427,3.84881536707728,0.198450938723838,0.0769610411361286,0.0632076383508675,4.11087386417331,4.4188406077966,3.58351893845611
"78157",90,5.01063529409626,"paired",4.81218435537242,4.91998092582813,4.86578413413509,0.198450938723838,0.0906543682681304,0.144851159961162,4.60517018598809,4.55387689160054,4.69134788222914
"78157",91,4.52178857704904,"unpaired",4.02535169073515,4.23410650459726,4.1284098363696,0.496436886313891,0.287682072451781,0.39337874067944,4.33073334028633,4.8283137373023,4.52178857704904
"78157",93,4.35670882668959,"paired",4.18965474202643,4.29045944114839,4.23975750993844,0.167054084663167,0.0662493855412007,0.116951316751152,4.54329478227,4.39444915467244,4.15888308335967
"78157",94,4.35670882668959,"paired",4.21950770517611,4.26267987704132,4.24103885691642,0.137201121513485,0.0940289496482762,0.115669969773167,4.07753744390572,4.24849524204936,4.0943445622221
"78157",95,4.15888308335967,"unpaired",4.26267987704132,4.27666611901606,4.26966727115289,0.103796793681644,0.117783035656384,0.110784187793214,4.35670882668959,4.39444915467244,4.04305126783455
"78157",96,4.52178857704904,"unpaired",4.7361984483945,4.57471097850338,4.65475445520395,0.214409871345455,0.0529224014543423,0.132965878154906,4.24849524204936,4.31748811353631,4.52178857704904
"78216",1,4.52178857704904,"paired",4.34380542185368,4.40671924726425,4.37514924989462,0.177983155195356,0.115069329784787,0.146639327154421,4.04305126783455,4.61512051684126,4.53259949315326
"78216",3,3.91202300542815,"unpaired",4.20469261939097,4.07753744390572,4.14062695683645,0.29266961396282,0.165514438477574,0.228603951408304,4.04305126783455,4.15888308335967,4.36944785246702
"78216",4,4.67282883446191,"unpaired",4.77068462446567,4.65396035015752,4.71196106577392,0.0978557900037593,0.0188684843043827,0.0391322313120188,4.49980967033027,4.95582705760126,4.67282883446191
"78216",5,3.91202300542815,"paired",4.15888308335967,4.15888308335967,4.15888308335967,0.246860077931526,0.246860077931526,0.246860077931526,4.04305126783455,3.36729582998647,4.36944785246702
"78216",6,4.35670882668959,"paired",4.46590811865458,4.4188406077966,4.44231202701919,0.109199291964992,0.0621317811070066,0.0856032003296026,4.43081679884331,4.30406509320417,4.55387689160054
"78216",7,3.91202300542815,"unpaired",4.35670882668959,4.40671924726425,4.381642687543,0.444685821261446,0.494696241836107,0.469619682114858,4.27666611901606,3.8286413964891,4.20469261939097
"78216",9,4.90527477843843,"paired",4.69134788222914,4.70953020131233,4.70043025011762,0.213926896209286,0.195744577126096,0.204844528320808,5.02388052084628,4.56434819146784,4.53259949315326
"78216",10,3.91202300542815,"paired",4.34380542185368,4.34380542185368,4.34380542185368,0.431782416425538,0.431782416425538,0.431782416425538,3.91202300542815,3.3322045101752,4.35670882668959
"78216",11,4.67282883446191,"unpaired",4.76217393479776,4.55387689160054,4.65686094225047,0.0893451003358505,0.118951942861365,0.015967892211437,4.65396035015752,4.51085950651685,4.58496747867057
"78216",12,4.52178857704904,"unpaired",4.63472898822964,4.63472898822964,4.63472898822964,0.112940411180595,0.112940411180595,0.112940411180595,4.63472898822964,4.43081679884331,4.53259949315326
"78216",13,4.67282883446191,"paired",4.34380542185368,4.35670882668959,4.35025234013063,0.329023412608222,0.316120007772314,0.322576494331273,4.38202663467388,4.33073334028633,4.58496747867057
"78216",15,4.79579054559674,"unpaired",4.54329478227,4.64439089914137,4.5935647311093,0.252495763326738,0.151399646455369,0.202225814487438,4.53259949315326,4.91998092582813,4.65396035015752
"78216",16,4.15888308335967,"unpaired",4.44265125649032,4.55387689160054,4.49792028546209,0.283768173130645,0.394993808240869,0.339037202102417,4.60517018598809,4.29045944114839,4.27666611901606
"78216",17,4.52178857704904,"paired",4.70953020131233,4.75359019110636,4.73150891045103,0.187741624263293,0.231801614057324,0.209720333401989,4.72738781871234,4.77068462446567,4.53259949315326
"78216",18,4.67282883446191,"paired",4.52178857704904,4.57471097850338,4.54817280299434,0.151040257412865,0.098117855958523,0.124656031467561,4.76217393479776,4.71849887129509,4.34380542185368
"78216",19,4.90527477843843,"unpaired",4.82028156560504,4.67282883446191,4.7459825842479,0.0849932128333926,0.232445943976524,0.159292194190527,4.8283137373023,4.68213122712422,4.67282883446191
"78216",21,4.52178857704904,"paired",4.45434729625351,4.44265125649032,4.44849543245184,0.0674412807955331,0.0791373205587238,0.0732931445971996,4.65396035015752,4.67282883446191,4.53259949315326
"78216",22,4.52178857704904,"paired",4.54329478227,4.54329478227,4.54329478227,0.0215062052209634,0.0215062052209634,0.0215062052209634,4.34380542185368,4.49980967033027,4.34380542185368
"78216",23,5.01063529409626,"unpaired",4.77912349311153,4.67282883446191,4.72567731251996,0.231511800984726,0.33780645963435,0.284957981576296,4.74493212836325,5.0998664278242,4.7361984483945
"78216",24,4.67282883446191,"unpaired",4.67282883446191,4.49980967033027,4.58550328503969,0,0.173019164131641,0.087325549422216,4.69134788222914,4.94875989037817,4.34380542185368
"78216",25,4.67282883446191,"paired",4.34380542185368,4.4188406077966,4.38116237891887,0.329023412608222,0.253988226665308,0.291666455543031,4.48863636973214,4.38202663467388,4.34380542185368
"78216",27,4.79579054559674,"unpaired",4.55387689160054,4.55387689160054,4.55387689160054,0.241913653996201,0.241913653996201,0.241913653996201,4.84418708645859,5.01063529409626,4.54329478227
"78216",28,5.01063529409626,"unpaired",4.74493212836325,4.66343909411207,4.70400913969324,0.265703165733005,0.347196199984189,0.306626154403014,5.01063529409626,5.13579843705026,4.78749174278205
"78216",29,4.15888308335967,"paired",4.29045944114839,4.27666611901606,4.28355722816585,0.131576357788719,0.117783035656384,0.124674144806177,4.53259949315326,3.61091791264422,4.45434729625351
"78216",30,4.67282883446191,"paired",4.48863636973214,4.48863636973214,4.48863636973214,0.184192464729766,0.184192464729766,0.184192464729766,4.70953020131233,4.51085950651685,4.66343909411207
"78216",31,5.01063529409626,"unpaired",4.78749174278205,4.72738781871234,4.75734486315778,0.22314355131421,0.283247475383915,0.253290430938471,4.62497281328427,4.68213122712422,4.43081679884331
"78216",33,4.79579054559674,"paired",4.65396035015752,4.66343909411207,4.65869731141358,0.141830195439218,0.132351451484674,0.137093234183165,4.75359019110636,4.48863636973214,4.70048036579242
"78216",34,3.91202300542815,"paired",4.52178857704904,4.35670882668959,4.43848129499874,0.609765571620895,0.444685821261446,0.526458289570597,3.49650756146648,3.93182563272433,4.40671924726425
"78216",35,4.35670882668959,"unpaired",4.31748811353631,4.45434729625351,4.38538384923568,0.0392207131532816,0.0976384695639156,0.0286750225460857,4.43081679884331,4.55387689160054,4.46590811865458
"78216",36,3.91202300542815,"unpaired",4.36944785246702,4.33073334028633,4.35004752770834,0.457424847038876,0.418710334858185,0.438024522280193,3.63758615972639,4.34380542185368,4.15888308335967
"78216",37,4.90527477843843,"paired",4.35670882668959,4.47733681447821,4.41661101068449,0.548565951748838,0.427937963960223,0.488663767753941,4.89783979995091,4.91265488573605,4.82028156560504
"78216",39,4.35670882668959,"unpaired",4.51085950651685,4.4188406077966,4.46461299145424,0.154150679827258,0.0621317811070066,0.107904164764649,4.63472898822964,4.52178857704904,4.55387689160054
"78216",40,4.79579054559674,"unpaired",4.69134788222914,4.66343909411207,4.677372672566,0.104442663367598,0.132351451484674,0.118417873030737,4.69134788222914,4.85203026391962,4.70953020131233
"78216",41,3.91202300542815,"paired",3.97029191355212,4.20469261939097,4.08581168260852,0.058268908123976,0.29266961396282,0.17378867718037,4.47733681447821,4.30406509320417,4.33073334028633
"78216",42,4.35670882668959,"paired",4.55387689160054,4.51085950651685,4.53231716321615,0.197168064910949,0.154150679827258,0.175608336526559,4.35670882668959,4.24849524204936,4.51085950651685
"78216",43,4.15888308335967,"unpaired",4.40671924726425,4.40671924726425,4.40671924726425,0.247836163904582,0.247836163904582,0.247836163904582,4.35670882668959,4.06044301054642,4.34380542185368
"78216",45,4.79579054559674,"paired",4.77912349311153,4.7361984483945,4.75761256017769,0.0166670524852117,0.0595920972022457,0.0381779854190523,4.87519732320115,4.9416424226093,4.70953020131233
"78216",46,4.67282883446191,"paired",4.57471097850338,4.55387689160054,4.56428204767824,0.098117855958523,0.118951942861365,0.108546786783667,4.48863636973214,4.94875989037817,4.48863636973214
"78216",47,4.79579054559674,"unpaired",4.70953020131233,4.66343909411207,4.68642798469169,0.0862603442844074,0.132351451484674,0.109362560905052,4.80402104473326,4.85203026391962,4.55387689160054
"78216",48,4.90527477843843,"unpaired",4.67282883446191,4.66343909411207,4.66813160340663,0.232445943976524,0.241835684326363,0.237143175031797,5.06259503302697,4.8283137373023,4.35670882668959
"78216",49,4.35670882668959,"paired",4.29045944114839,4.4188406077966,4.35417689175013,0.0662493855412007,0.0621317811070066,0.00253193493946391,4.04305126783455,3.97029191355212,4.46590811865458
"78216",51,5.01063529409626,"unpaired",4.43081679884331,4.66343909411207,4.54564013958149,0.579818495252942,0.347196199984189,0.46499515451477,4.70048036579242,4.77912349311153,4.77912349311153
"78216",52,4.35670882668959,"unpaired",4.4188406077966,4.40671924726425,4.41277576554374,0.0621317811070066,0.0500104205746617,0.0560669388541486,4.18965474202643,4.69134788222914,4.40671924726425
"78216",53,3.91202300542815,"paired",4.35670882668959,4.17438726989564,4.26457381982948,0.444685821261446,0.262364264467491,0.352550814401333,4.39444915467244,4.38202663467388,4.34380542185368
"78216",54,4.52178857704904,"paired",4.49980967033027,4.56434819146784,4.53196404781872,0.0219789067187754,0.0425596144187956,0.0101754707696777,4.04305126783455,4.75359019110636,4.46590811865458
"78216",55,4.79579054559674,"unpaired",4.74493212836325,4.69134788222914,4.71806393467892,0.0508584172334912,0.104442663367598,0.0777266109178187,5.01727983681492,4.0943445622221,4.72738781871234
"78216",57,4.15888308335967,"paired",4.27666611901606,4.31748811353631,4.29702864016698,0.117783035656384,0.158605030176639,0.138145556807308,4.70048036579242,4.47733681447821,4.45434729625351
"78216",58,4.79579054559674,"paired",4.67282883446191,4.68213122712422,4.67747771826233,0.122961711134836,0.113659318472521,0.118312827334412,5.0998664278242,4.70953020131233,4.70048036579242
"78216",59,4.90527477843843,"unpaired",4.77912349311153,4.69134788222914,4.73503229960687,0.1261512853269,0.213926896209286,0.17024247883156,4.70953020131233,4.65396035015752,4.82028156560504
"78216",60,5.01063529409626,"unpaired",4.7361984483945,4.68213122712422,4.70908724203376,0.27443684570176,0.328504066972036,0.301548052062493,4.39444915467244,4.75359019110636,4.77912349311153
"78216",61,3.91202300542815,"paired",3.98898404656427,4.26267987704132,4.12356181293895,0.0769610411361286,0.35065687161317,0.211538807510805,4.36944785246702,4.21950770517611,4.34380542185368
"78216",63,4.15888308335967,"unpaired",4.18965474202643,4.29045944114839,4.23975750993844,0.0307716586667537,0.131576357788719,0.0808744265787684,4.29045944114839,3.73766961828337,4.40671924726425
"78216",64,4.90527477843843,"unpaired",4.53259949315326,4.68213122712422,4.60675868989686,0.372675285285173,0.22314355131421,0.298516088541565,4.72738781871234,4.82028156560504,4.77912349311153
"78216",65,4.67282883446191,"paired",4.54329478227,4.52178857704904,4.53252892419177,0.129534052191902,0.151040257412865,0.140299910270135,4.60517018598809,4.9272536851572,4.67282883446191
"78216",66,4.15888308335967,"paired",4.34380542185368,4.4188406077966,4.38116237891887,0.184922338494013,0.259957524436927,0.222279295559203,4.46590811865458,3.93182563272433,4.48863636973214
"78216",67,4.67282883446191,"unpaired",4.58496747867057,4.69134788222914,4.63785267889685,0.0878613557913335,0.0185190477672377,0.0349761555650563,4.62497281328427,4.63472898822964,4.34380542185368
"78216",69,4.79579054559674,"paired",4.72738781871234,4.68213122712422,4.70470510539393,0.0684027268844005,0.113659318472521,0.0910854402028125,4.95582705760126,4.78749174278205,4.69134788222914
"78216",70,4.52178857704904,"paired",4.53259949315326,4.45434729625351,4.49330304979836,0.0108109161042158,0.0674412807955331,0.0284855272506821,4.21950770517611,4.57471097850338,4.49980967033027
"78216",71,4.67282883446191,"unpaired",4.66343909411207,4.66343909411207,4.66343909411207,0.00938974034983886,0.00938974034983886,0.00938974034983886,4.72738781871234,4.70953020131233,4.52178857704904
"78216",72,3.91202300542815,"unpaired",4.34380542185368,3.95124371858143,4.14287748887646,0.431782416425538,0.0392207131532816,0.230854483448313,3.71357206670431,4.58496747867057,4.40671924726425
"78216",73,4.35670882668959,"paired",4.40671924726425,4.35670882668959,4.381642687543,0.0500104205746617,0,0.0249338608534124,3.71357206670431,4.30406509320417,4.29045944114839
"78216",75,4.52178857704904,"unpaired",4.36944785246702,4.39444915467244,4.38193067284947,0.152340724582019,0.127339422376601,0.139857904199571,4.71849887129509,4.21950770517611,4.70953020131233
"78216",76,4.15888308335967,"unpaired",4.47733681447821,4.40671924726425,4.44188769745994,0.318453731118535,0.247836163904582,0.283004614100265,4.54329478227,4.06044301054642,4.48863636973214
"78216",77,4.90527477843843,"paired",4.74493212836325,4.70048036579242,4.72265394734667,0.160342650075179,0.204794412646013,0.18262083109176,4.44265125649032,5.00394630594546,4.82028156560504
"78216",78,4.15888308335967,"paired",4.45434729625351,4.49980967033027,4.47702077711183,0.295464212893836,0.340926586970594,0.318137693752157,3.91202300542815,4.79579054559674,4.27666611901606
"78216",79,3.91202300542815,"unpaired",4.40671924726425,4.47733681447821,4.44188769745994,0.494696241836107,0.565313809050061,0.52986469203179,3.55534806148941,4.27666611901606,4.15888308335967
"78216",81,4.79579054559674,"paired",4.70048036579242,4.70048036579242,4.70048036579242,0.0953101798043248,0.0953101798043248,0.0953101798043248,4.99043258677874,4.99043258677874,4.70953020131233
"78216",82,4.15888308335967,"paired",4.48863636973214,4.47733681447821,4.48298303197854,0.329753286372468,0.318453731118535,0.32409994861887,4.27666611901606,4.4188406077966,4.45434729625351
"78216",83,4.79579054559674,"unpaired",4.69134788222914,4.69134788222914,4.69134788222914,0.104442663367598,0.104442663367598,0.104442663367598,4.44265125649032,4.70048036579242,4.65396035015752
"78216",84,3.91202300542815,"unpaired",4.33073334028633,4.15888308335967,4.24393845707717,0.418710334858185,0.246860077931526,0.331915451649024,4.60517018598809,4.06044301054642,4.31748811353631
"78216",85,4.15888308335967,"paired",4.39444915467244,4.47733681447821,4.4356993788542,0.235566071312768,0.318453731118535,0.276816295494529,4.04305126783455,4.27666611901606,4.40671924726425
"78216",87,3.91202300542815,"unpaired",4.31748811353631,4.17438726989564,4.24533478292015,0.405465108108164,0.262364264467491,0.333311777492007,3.63758615972639,3.2188758248682,4.35670882668959
"78216",88,4.90527477843843,"unpaired",4.7361984483945,4.69134788222914,4.71371982203996,0.169076330043934,0.213926896209286,0.191554956398465,4.72738781871234,4.83628190695148,4.53259949315326
"78216",89,3.91202300542815,"paired",4.23410650459726,4.24849524204936,4.24129477154226,0.322083499169114,0.336472236621213,0.329271766114113,4.53259949315326,3.93182563272433,4.52178857704904
"78216",90,5.01063529409626,"paired",4.74493212836325,4.77912349311153,4.76199712388411,0.265703165733005,0.231511800984726,0.248638170212149,4.67282883446191,4.90527477843843,4.74493212836325
"78216",91,4.52178857704904,"unpaired",4.49980967033027,4.47733681447821,4.48855917807872,0.0219789067187754,0.0444517625708336,0.0332293989703176,4.20469261939097,4.15888308335967,4.49980967033027
"78216",93,4.35670882668959,"paired",4.55387689160054,4.48863636973214,4.52113895372847,0.197168064910949,0.131927543042548,0.164430127038874,4.68213122712422,4.56434819146784,4.51085950651685
"78216",94,4.35670882668959,"paired",4.51085950651685,4.57471097850338,4.54267305745736,0.154150679827258,0.218002151813791,0.185964230767767,4.36944785246702,3.52636052461616,4.40671924726425
"78216",95,4.15888308335967,"unpaired",4.4188406077966,4.54329478227,4.48063561083526,0.259957524436927,0.384411698910332,0.321752527475593,4.31748811353631,4.02535169073515,4.40671924726425
"78216",96,4.52178857704904,"unpaired",4.46590811865458,4.69134788222914,4.57724028151026,0.0558804583944568,0.169559305180103,0.0554517044612188,4.60517018598809,4.18965474202643,4.34380542185368
"78239",1,4.52178857704904,"paired",4.49980967033027,4.46590811865458,4.48282684688226,0.0219789067187754,0.0558804583944568,0.0389617301667826,4.46590811865458,4.15888308335967,4.63472898822964
"78239",3,3.91202300542815,"unpaired",4.31748811353631,4.52178857704904,4.41845769848864,0.405465108108164,0.609765571620895,0.50643469306049,3.68887945411394,3.91202300542815,4.66343909411207
"78239",4,4.67282883446191,"unpaired",4.69134788222914,4.71849887129509,4.70490379148722,0.0185190477672377,0.0456700368331884,0.0320749570253174,4.60517018598809,4.21950770517611,4.67282883446191
"78239",5,3.91202300542815,"paired",4.49980967033027,4.54329478227,4.52149994984182,0.587786664902119,0.631271776841858,0.609476944413677,4.57471097850338,4.00733318523247,4.58496747867057
"78239",6,4.35670882668959,"paired",4.69134788222914,4.62497281328427,4.65804212228362,0.334639055539552,0.268263986594679,0.301333295594032,4.57471097850338,4.11087386417331,4.48863636973214
"78239",7,3.91202300542815,"unpaired",4.66343909411207,4.24849524204936,4.45113455232732,0.751416088683921,0.336472236621213,0.539111546899169,3.61091791264422,4.0943445622221,4.0943445622221
"78239",9,4.90527477843843,"paired",4.72738781871234,4.78749174278205,4.75734486315778,0.177886959726089,0.117783035656384,0.147929915280645,4.83628190695148,4.91998092582813,4.48863636973214
"78239",10,3.91202300542815,"paired",4.0943445622221,4.24849524204936,4.17070778069038,0.182321556793954,0.336472236621213,0.258684775262233,3.55534806148941,4.69134788222914,4.49980967033027
"78239",11,4.67282883446191,"unpaired",4.61512051684126,4.63472898822964,4.62491436067497,0.0577083176206461,0.0380998462322699,0.0479144737869399,4.45434729625351,4.36944785246702,4.69134788222914
"78239",12,4.52178857704904,"unpaired",4.63472898822964,4.66343909411207,4.64906187895198,0.112940411180595,0.141650517063026,0.127273301902944,4.60517018598809,4.76217393479776,4.63472898822964
"78239",13,4.67282883446191,"paired",4.58496747867057,4.57471097850338,4.579836357421,0.0878613557913335,0.098117855958523,0.092992477040907,4.69134788222914,4.85981240436167,4.69134788222914
"78239",15,4.79579054559674,"unpaired",4.64439089914137,4.72738781871234,4.6857055991536,0.151399646455369,0.0684027268844005,0.110084946443144,4.86753445045558,4.79579054559674,4.68213122712422
"78239",16,4.15888308335967,"unpaired",4.46590811865458,4.0943445622221,4.27609244766725,0.307025035294912,0.0645385211375711,0.117209364307583,4.33073334028633,4.47733681447821,4.52178857704904
"78239",17,4.52178857704904,"paired",4.54329478227,4.62497281328427,4.58395188137213,0.0215062052209634,0.10318423623523,0.0621633043230849,4.4188406077966,4.56434819146784,4.39444915467244
"78239",18,4.67282883446191,"paired",4.69134788222914,4.70048036579242,4.69591190393516,0.0185190477672377,0.0276515313305108,0.0230830694732527,4.82028156560504,4.72738781871234,4.58496747867057
"78239",19,4.90527477843843,"unpaired",4.70048036579242,4.77068462446567,4.73545239746834,0.204794412646013,0.134590153972765,0.169822380970091,4.89783979995091,4.89034912822175,4.72738781871234
"78239",21,4.52178857704904,"paired",4.63472898822964,4.63472898822964,4.63472898822964,0.112940411180595,0.112940411180595,0.112940411180595,4.60517018598809,4.46590811865458,4.65396035015752
"78239",22,4.52178857704904,"paired",4.38202663467388,4.60517018598809,4.49221308624222,0.139761942375159,0.0833816089390513,0.0295754908068169,4.82028156560504,4.0943445622221,4.54329478227
"78239",23,5.01063529409626,"unpaired",4.70953020131233,4.80402104473326,4.75654099087891,0.301105092783922,0.206614249362999,0.254094303217348,4.77912349311153,4.98360662170834,4.71849887129509
"78239",24,4.67282883446191,"unpaired",4.69134788222914,4.69134788222914,4.69134788222914,0.0185190477672377,0.0185190477672377,0.0185190477672377,5.04342511691925,4.76217393479776,4.69134788222914
"78239",25,4.67282883446191,"paired",4.56434819146784,4.61512051684126,4.58966414723894,0.10848064299407,0.0577083176206461,0.0831646872229701,4.69134788222914,4.70048036579242,4.61512051684126
"78239",27,4.79579054559674,"unpaired",4.64439089914137,4.52178857704904,4.5826797526216,0.151399646455369,0.274001968547701,0.21311079297514,4.79579054559674,4.76217393479776,4.68213122712422
"78239",28,5.01063529409626,"unpaired",4.65396035015752,4.70048036579242,4.67716252113307,0.356674943938732,0.310154928303839,0.333472772963187,4.82028156560504,4.83628190695148,4.70048036579242
"78239",29,4.15888308335967,"paired",4.53259949315326,4.45434729625351,4.49330304979836,0.373716409793585,0.295464212893836,0.334419966438687,4.12713438504509,4.00733318523247,4.38202663467388
"78239",30,4.67282883446191,"paired",4.69134788222914,4.70953020131233,4.70043025011762,0.0185190477672377,0.0367013668504281,0.0276014156557158,4.82028156560504,4.89034912822175,4.55387689160054
"78239",31,5.01063529409626,"unpaired",4.67282883446191,4.75359019110636,4.71303652778303,0.33780645963435,0.257045102989891,0.297598766313228,4.78749174278205,4.96284463025991,4.71849887129509
"78239",33,4.79579054559674,"paired",4.68213122712422,4.65396035015752,4.66802453777511,0.113659318472521,0.141830195439218,0.127766007821632,4.69134788222914,4.78749174278205,4.68213122712422
"78239",34,3.91202300542815,"paired",4.4188406077966,4.14313472639153,4.27876757636485,0.506817602368452,0.231111720963387,0.366744570936706,4.06044301054642,3.66356164612965,4.66343909411207
"78239",35,4.35670882668959,"unpaired",4.57471097850338,4.35670882668959,4.46437943051433,0.218002151813791,0,0.10767060382474,4.18965474202643,4.74493212836325,4.52178857704904
"78239",36,3.91202300542815,"unpaired",4.43081679884331,4.17438726989564,4.3006912514538,0.518793793415167,0.262364264467491,0.388668246025655,4.40671924726425,4.04305126783455,4.04305126783455
"78239",37,4.90527477843843,"paired",4.60517018598809,4.62497281328427,4.61506087833543,0.300104592450338,0.280301965154159,0.290213900102999,4.60517018598809,5.0998664278242,4.70953020131233
"78239",39,4.35670882668959,"unpaired",4.61512051684126,4.27666611901606,4.44267144289907,0.258411690151668,0.0800427076735364,0.0859626162094758,4.67282883446191,4.12713438504509,4.57471097850338
"78239",40,4.79579054559674,"unpaired",4.65396035015752,4.72738781871234,4.69053040370755,0.141830195439218,0.0684027268844005,0.105260141889193,4.78749174278205,4.8283137373023,4.43081679884331
"78239",41,3.91202300542815,"paired",4.58496747867057,4.47733681447821,4.53083255985443,0.672944473242426,0.565313809050061,0.618809554426287,3.25809653802148,3.87120101090789,4.43081679884331
"78239",42,4.35670882668959,"paired",4.49980967033027,4.53259949315326,4.51617482290324,0.143100843640673,0.175890666463665,0.159465996213644,3.80666248977032,4.71849887129509,4.48863636973214
"78239",43,4.15888308335967,"unpaired",4.56434819146784,4.39444915467244,4.47859308841812,0.405465108108165,0.235566071312768,0.319710005058444,4.15888308335967,4.68213122712422,4.35670882668959
"78239",45,4.79579054559674,"paired",4.68213122712422,4.60517018598809,4.64349126563584,0.113659318472521,0.19062035960865,0.152299279960905,4.8283137373023,4.48863636973214,4.43081679884331
"78239",46,4.67282883446191,"paired",4.74493212836325,4.77912349311153,4.76199712388411,0.0721032939013444,0.106294658649624,0.0891682894222008,4.53259949315326,4.76217393479776,4.58496747867057
"78239",47,4.79579054559674,"unpaired",4.43081679884331,4.74493212836325,4.58518538160926,0.364973746753428,0.0508584172334912,0.210605163987482,4.52178857704904,4.68213122712422,4.64439089914137
"78239",48,4.90527477843843,"unpaired",4.48863636973214,4.74493212836325,4.61500540880309,0.41663840870629,0.160342650075179,0.290269369635335,4.74493212836325,4.78749174278205,4.70048036579242
"78239",49,4.35670882668959,"paired",4.48863636973214,4.49980967033027,4.49421954772092,0.131927543042548,0.143100843640673,0.137510721031326,4.56434819146784,4.24849524204936,4.52178857704904
"78239",51,5.01063529409626,"unpaired",4.68213122712422,4.69134788222914,4.68673728906242,0.328504066972036,0.319287411867112,0.323898005033836,4.85981240436167,4.98360662170834,4.67282883446191
"78239",52,4.35670882668959,"unpaired",4.53259949315326,4.44265125649032,4.48740000818121,0.175890666463665,0.085942429800725,0.130691181491614,4.33073334028633,4.31748811353631,4.48863636973214
"78239",53,3.91202300542815,"paired",4.21950770517611,4.20469261939097,4.21209364869981,0.307484699747961,0.29266961396282,0.300070643271665,4.54329478227,4.18965474202643,4.04305126783455
"78239",54,4.52178857704904,"paired",4.39444915467244,4.30406509320417,4.34902232811999,0.127339422376601,0.21772348384487,0.17276624892905,4.72738781871234,4.78749174278205,4.55387689160054
"78239",55,4.79579054559674,"unpaired",4.66343909411207,4.70048036579242,4.68192309835847,0.132351451484674,0.0953101798043248,0.113867447238275,4.65396035015752,4.89034912822175,4.72738781871234
"78239",57,4.15888308335967,"paired",4.67282883446191,4.45434729625351,4.56228040399106,0.513945751102234,0.295464212893836,0.403397320631387,4.00733318523247,4.46590811865458,4.53259949315326
"78239",58,4.79579054559674,"paired",4.38202663467388,4.55387689160054,4.46712545492283,0.41376391092286,0.241913653996201,0.328665090673915,4.67282883446191,5.01727983681492,4.72738781871234
"78239",59,4.90527477843843,"unpaired",4.71849887129509,4.67282883446191,4.69560832919055,0.186775907143335,0.232445943976524,0.209666449247879,4.89034912822175,4.96284463025991,4.70048036579242
"78239",60,5.01063529409626,"unpaired",4.70048036579242,4.70048036579242,4.70048036579242,0.310154928303839,0.310154928303839,0.310154928303839,4.94875989037817,4.7361984483945,4.67282883446191
"78239",61,3.91202300542815,"paired",4.48863636973214,4.47733681447821,4.48298303197854,0.576613364303994,0.565313809050061,0.570960026550396,3.87120101090789,4.24849524204936,4.4188406077966
"78239",63,4.15888308335967,"unpaired",4.74493212836325,4.44265125649032,4.59130468189972,0.586049045003579,0.283768173130645,0.432421598540045,4.21950770517611,4.24849524204936,4.48863636973214
"78239",64,4.90527477843843,"unpaired",4.70048036579242,4.71849887129509,4.70948100118647,0.204794412646013,0.186775907143335,0.195793777251964,4.96284463025991,5.01727983681492,4.70048036579242
"78239",65,4.67282883446191,"paired",4.67282883446191,4.69134788222914,4.68207920229594,0,0.0185190477672377,0.00925036783402966,4.49980967033027,4.82028156560504,4.69134788222914
"78239",66,4.15888308335967,"paired",4.38202663467388,4.31748811353631,4.34963767553161,0.22314355131421,0.158605030176639,0.190754592171936,4.30406509320417,4.72738781871234,4.74493212836325
"78239",67,4.67282883446191,"unpaired",4.64439089914137,4.57471097850338,4.60941927304983,0.0284379353205333,0.098117855958523,0.0634095614120751,4.26267987704132,4.70953020131233,4.69134788222914
"78239",69,4.79579054559674,"paired",4.70048036579242,4.70048036579242,4.70048036579242,0.0953101798043248,0.0953101798043248,0.0953101798043248,4.87519732320115,4.79579054559674,4.66343909411207
"78239",70,4.52178857704904,"paired",4.55387689160054,4.53259949315326,4.54322573627494,0.0320883145515003,0.0108109161042158,0.0214371592258953,4.72738781871234,4.53259949315326,4.63472898822964
"78239",71,4.67282883446191,"unpaired",4.55387689160054,4.52178857704904,4.53780437102867,0.118951942861365,0.151040257412865,0.135024463433235,4.54329478227,4.49980967033027,4.69134788222914
"78239",72,3.91202300542815,"unpaired",4.39444915467244,4.17438726989564,4.28300509099257,0.482426149244293,0.262364264467491,0.370982085564424,3.52636052461616,3.36729582998647,4.21950770517611
"78239",73,4.35670882668959,"paired",4.52178857704904,4.44265125649032,4.48204525896498,0.165079750359449,0.085942429800725,0.125336432275391,4.27666611901606,3.97029191355212,4.53259949315326
"78239",75,4.52178857704904,"unpaired",4.63472898822964,4.60517018598809,4.61992594710455,0.112940411180595,0.0833816089390513,0.0981373700555093,4.70048036579242,4.75359019110636,4.63472898822964
"78239",76,4.15888308335967,"unpaired",4.48863636973214,4.45434729625351,4.47145896519039,0.329753286372468,0.295464212893836,0.312575881830719,3.91202300542815,4.0943445622221,4.40671924726425
"78239",77,4.90527477843843,"paired",4.70953020131233,4.71849887129509,4.7140124033802,0.195744577126096,0.186775907143335,0.191262375058226,4.66343909411207,4.98360662170834,4.71849887129509
"78239",78,4.15888308335967,"paired",4.40671924726425,4.38202663467388,4.39435559701784,0.247836163904582,0.22314355131421,0.235472513658166,4.14313472639153,4.29045944114839,4.46590811865458
"78239",79,3.91202300542815,"unpaired",4.0943445622221,4.31748811353631,4.20443622619204,0.182321556793954,0.405465108108164,0.292413220763893,4.15888308335967,4.34380542185368,3.98898404656427
"78239",81,4.79579054559674,"paired",4.72738781871234,4.71849887129509,4.72294125379179,0.0684027268844005,0.0772916743016472,0.0728492918049524,4.70048036579242,5.02388052084628,4.68213122712422
"78239",82,4.15888308335967,"paired",4.26267987704132,4.40671924726425,4.33410122852293,0.103796793681644,0.247836163904582,0.17521814516326,4.35670882668959,4.18965474202643,4.53259949315326
"78239",83,4.79579054559674,"unpaired",4.71849887129509,4.69134788222914,4.70490379148722,0.0772916743016472,0.104442663367598,0.0908867541095182,4.69134788222914,4.86753445045558,4.68213122712422
"78239",84,3.91202300542815,"unpaired",4.04305126783455,4.21950770517611,4.13033727158569,0.131028262406404,0.307484699747961,0.218314266157542,3.63758615972639,3.80666248977032,4.0943445622221
"78239",85,4.15888308335967,"paired",4.35670882668959,4.29045944114839,4.32345724135268,0.19782574332992,0.131576357788719,0.164574157993004,4.68213122712422,4.40671924726425,4.40671924726425
"78239",87,3.91202300542815,"unpaired",4.30406509320417,4.00733318523247,4.15304982866781,0.392042087776024,0.0953101798043252,0.241026823239669,4.58496747867057,4.47733681447821,4.21950770517611
"78239",88,4.90527477843843,"unpaired",4.70048036579242,4.62497281328427,4.66257374216928,0.204794412646013,0.280301965154159,0.242701036269151,4.68213122712422,4.70048036579242,4.70048036579242
"78239",89,3.91202300542815,"paired",3.98898404656427,4.14313472639153,4.06532880912999,0.0769610411361286,0.231111720963387,0.153305803701844,3.3322045101752,3.93182563272433,4.4188406077966
"78239",90,5.01063529409626,"paired",4.71849887129509,4.70048036579242,4.70948100118647,0.292136422801161,0.310154928303839,0.30115429290979,4.87519732320115,4.74493212836325,4.65396035015752
"78239",91,4.52178857704904,"unpaired",4.44265125649032,4.44265125649032,4.44265125649032,0.0791373205587238,0.0791373205587238,0.0791373205587247,4.75359019110636,4.24849524204936,4.49980967033027
"78239",93,4.35670882668959,"paired",4.57471097850338,4.53259949315326,4.55360655552136,0.218002151813791,0.175890666463665,0.196897728831765,4.55387689160054,4.51085950651685,4.34380542185368
"78239",94,4.35670882668959,"paired",4.34380542185368,4.52178857704904,4.4319036245683,0.0129034048359076,0.165079750359449,0.0751947978787131,3.58351893845611,4.55387689160054,4.53259949315326
"78239",95,4.15888308335967,"unpaired",4.52178857704904,4.31748811353631,4.41845769848864,0.362905493689369,0.158605030176639,0.259574615128964,4.14313472639153,4.48863636973214,4.40671924726425
"78239",96,4.52178857704904,"unpaired",4.65396035015752,4.65396035015752,4.65396035015752,0.132171773108483,0.132171773108483,0.132171773108483,4.71849887129509,3.87120101090789,4.55387689160054
"78257",1,4.52178857704904,"paired",4.61512051684126,4.61512051684126,4.61512051684126,0.0933319397922192,0.0933319397922192,0.0933319397922192,4.23410650459726,4.49980967033027,4.52178857704904
"78257",3,3.91202300542815,"unpaired",3.95124371858143,4.70953020131233,4.31375725156213,0.0392207131532816,0.797507195884188,0.401734246133986,4.20469261939097,3.93182563272433,4.0943445622221
"78257",4,4.67282883446191,"unpaired",4.66343909411207,4.7361984483945,4.69967796787352,0.00938974034983886,0.0633696139325899,0.0268491334116163,4.69134788222914,4.69134788222914,4.83628190695148
"78257",5,3.91202300542815,"paired",3.97029191355212,3.76120011569356,3.86433207742159,0.058268908123976,0.150822889734584,0.0476909280065563,3.66356164612965,4.18965474202643,4.0943445622221
"78257",6,4.35670882668959,"paired",4.4188406077966,4.52178857704904,4.47001823085042,0.0621317811070066,0.165079750359449,0.113309404160826,4.60517018598809,4.11087386417331,4.44265125649032
"78257",7,3.91202300542815,"unpaired",3.89182029811063,4.07753744390572,3.9835967404468,0.0202027073175195,0.165514438477574,0.0715737350186587,3.36729582998647,3.55534806148941,4.0943445622221
"78257",9,4.90527477843843,"paired",4.79579054559674,4.89783979995091,4.84654658560629,0.109484232841688,0.00743497848751851,0.0587281928321364,4.60517018598809,4.65396035015752,4.79579054559674
"78257",10,3.91202300542815,"paired",3.8286413964891,3.85014760171006,3.83937944080815,0.0833816089390509,0.0618754037180875,0.0726435646199914,4.17438726989564,4.39444915467244,4.29045944114839
"78257",11,4.67282883446191,"unpaired",4.62497281328427,4.81218435537242,4.71765003111818,0.0478560211776351,0.139355520910511,0.0448211966562697,4.44265125649032,4.31748811353631,4.71849887129509
"78257",12,4.52178857704904,"unpaired",4.52178857704904,4.85981240436167,4.6877547095218,0,0.338023827312631,0.165966132472762,4.38202663467388,4.17438726989564,4.36944785246702
"78257",13,4.67282883446191,"paired",4.65396035015752,4.72738781871234,4.69053040370755,0.0188684843043827,0.054558984250435,0.0177015692456424,4.44265125649032,4.56434819146784,4.66343909411207
"78257",15,4.79579054559674,"unpaired",4.68213122712422,4.84418708645859,4.76246990830805,0.113659318472521,0.0483965408618499,0.0333206372886945,4.86753445045558,4.70048036579242,5.07517381523383
"78257",16,4.15888308335967,"unpaired",4.24849524204936,4.35670882668959,4.30226181457907,0.0896121586896879,0.19782574332992,0.143378731219396,4.56434819146784,4.23410650459726,4.39444915467244
"78257",17,4.52178857704904,"paired",4.36944785246702,4.33073334028633,4.35004752770834,0.152340724582019,0.191055236762709,0.171741049340701,4.52178857704904,4.23410650459726,4.80402104473326
"78257",18,4.67282883446191,"paired",4.74493212836325,4.84418708645859,4.79430275872725,0.0721032939013444,0.171358251996685,0.121473924265346,4.76217393479776,4.65396035015752,4.52178857704904
"78257",19,4.90527477843843,"unpaired",4.67282883446191,4.91265488573605,4.791241530525,0.232445943976524,0.00738010729762273,0.114033247913425,4.82028156560504,4.96284463025991,4.78749174278205
"78257",21,4.52178857704904,"paired",4.54329478227,4.66343909411207,4.60297496231658,0.0215062052209634,0.141650517063026,0.0811863852675376,4.44265125649032,4.85981240436167,4.15888308335967
"78257",22,4.52178857704904,"paired",4.53259949315326,4.70953020131233,4.6202179822448,0.0108109161042158,0.187741624263293,0.0984294051957617,4.67282883446191,4.64439089914137,4.61512051684126
"78257",23,5.01063529409626,"unpaired",4.969813299576,4.99721227376411,4.98349395695002,0.0408219945202548,0.0134230203321408,0.0271413371462401,5.04342511691925,5.16478597392351,4.9272536851572
"78257",24,4.67282883446191,"unpaired",4.69134788222914,4.79579054559674,4.74328175630542,0.0185190477672377,0.122961711134836,0.070452921843513,4.54329478227,4.77068462446567,4.52178857704904
"78257",25,4.67282883446191,"paired",4.52178857704904,4.66343909411207,4.59206768520673,0.151040257412865,0.00938974034983886,0.0807611492551787,3.80666248977032,4.81218435537242,4.83628190695148
"78257",27,4.79579054559674,"unpaired",4.79579054559674,4.76217393479776,4.77895268160193,0,0.033616610798985,0.016837863994807,4.79579054559674,4.8283137373023,4.7361984483945
"78257",28,5.01063529409626,"unpaired",4.77912349311153,4.9416424226093,4.85970363257356,0.231511800984726,0.0689928714869517,0.150931661522692,5.0998664278242,4.76217393479776,4.9272536851572
"78257",29,4.15888308335967,"paired",4.44265125649032,4.45434729625351,4.44849543245184,0.283768173130645,0.295464212893836,0.289612349092169,4.39444915467244,3.98898404656427,4.45434729625351
"78257",30,4.67282883446191,"paired",4.71849887129509,4.70048036579242,4.70948100118647,0.0456700368331884,0.0276515313305108,0.0366521667245596,4.52178857704904,4.49980967033027,4.65396035015752
"78257",31,5.01063529409626,"unpaired",4.77912349311153,4.77068462446567,4.77490219449674,0.231511800984726,0.23995066963059,0.235733099599512,4.65396035015752,4.86753445045558,4.9272536851572
"78257",33,4.79579054559674,"paired",4.45434729625351,4.64439089914137,4.54837663835514,0.341443249343234,0.151399646455369,0.247413907241605,4.70953020131233,4.96284463025991,4.89783979995091
"78257",34,3.91202300542815,"paired",4.29045944114839,4.46590811865458,4.37730483870872,0.378436435720245,0.553885113226438,0.465281833280577,3.49650756146648,3.78418963391826,3.97029191355212
"78257",35,4.35670882668959,"unpaired",4.11087386417331,4.26267987704132,4.18608878284571,0.24583496251628,0.0940289496482762,0.170620043843885,4.75359019110636,4.76217393479776,4.4188406077966
"78257",36,3.91202300542815,"unpaired",4.02535169073515,4.46590811865458,4.2399116495623,0.113328685307004,0.553885113226438,0.327888644134149,4.17438726989564,3.98898404656427,3.95124371858143
"78257",37,4.90527477843843,"paired",4.77912349311153,4.75359019110636,4.76633974438887,0.1261512853269,0.151684587332065,0.138935034049561,4.38202663467388,4.71849887129509,4.78749174278205
"78257",39,4.35670882668959,"unpaired",4.4188406077966,4.48863636973214,4.45360176309075,0.0621317811070066,0.131927543042548,0.0968929364011633,4.4188406077966,4.36944785246702,4.4188406077966
"78257",40,4.79579054559674,"unpaired",4.74493212836325,4.76217393479776,4.7535452142665,0.0508584172334912,0.033616610798985,0.0422453313302444,4.74493212836325,5.04985600724954,5.07517381523383
"78257",41,3.91202300542815,"paired",4.00733318523247,4.31748811353631,4.15952081305297,0.0953101798043252,0.405465108108164,0.247497807624819,3.55534806148941,4.69134788222914,3.89182029811063
"78257",42,4.35670882668959,"paired",4.44265125649032,4.38202663467388,4.41223482313758,0.085942429800725,0.0253178079842895,0.0555259964479928,4.47733681447821,4.4188406077966,4.11087386417331
"78257",43,4.15888308335967,"unpaired",4.11087386417331,4.46590811865458,4.28471527231116,0.0480092191863601,0.307025035294912,0.125832188951493,4.12713438504509,4.26267987704132,4.38202663467388
"78257",45,4.79579054559674,"paired",4.7361984483945,4.85981240436167,4.79760731709318,0.0595920972022457,0.0640218587649306,0.00181677149644344,4.65396035015752,5.04342511691925,4.71849887129509
"78257",46,4.67282883446191,"paired",4.70048036579242,4.71849887129509,4.70948100118647,0.0276515313305108,0.0456700368331884,0.0366521667245596,4.70953020131233,4.67282883446191,4.86753445045558
"78257",47,4.79579054559674,"unpaired",4.89783979995091,4.75359019110636,4.82517597924231,0.10204925435417,0.0422003544903768,0.0293854336455714,4.93447393313069,4.77912349311153,4.95582705760126
"78257",48,4.90527477843843,"unpaired",4.79579054559674,4.70953020131233,4.75246466727066,0.109484232841688,0.195744577126096,0.152810111167772,5.08759633523238,4.86753445045558,4.78749174278205
"78257",49,4.35670882668959,"paired",4.12713438504509,4.17438726989564,4.15069358518318,0.2295744416445,0.182321556793955,0.206015241506413,4.18965474202643,4.11087386417331,4.11087386417331
"78257",51,5.01063529409626,"unpaired",4.9272536851572,4.9416424226093,4.93444280922688,0.0833816089390504,0.0689928714869517,0.0761924848693747,4.85981240436167,4.7361984483945,4.969813299576
"78257",52,4.35670882668959,"unpaired",4.62497281328427,4.14313472639153,4.37742909381006,0.268263986594679,0.213574100298059,0.0207202671204723,4.21950770517611,3.85014760171006,4.11087386417331
"78257",53,3.91202300542815,"paired",3.97029191355212,4.11087386417331,4.03997144303769,0.058268908123976,0.198850858745165,0.127948437609547,3.63758615972639,3.52636052461616,4.0943445622221
"78257",54,4.52178857704904,"paired",4.57471097850338,4.40671924726425,4.48992950052024,0.0529224014543423,0.115069329784787,0.0318590765287992,4.81218435537242,4.4188406077966,4.17438726989564
"78257",55,4.79579054559674,"unpaired",4.71849887129509,4.54329478227,4.63006817467107,0.0772916743016472,0.252495763326738,0.16572237092567,4.66343909411207,4.34380542185368,4.68213122712422
"78257",57,4.15888308335967,"paired",4.38202663467388,4.35670882668959,4.36934939299578,0.22314355131421,0.19782574332992,0.210466309636108,4.07753744390572,4.52178857704904,4.47733681447821
"78257",58,4.79579054559674,"paired",4.72738781871234,4.87519732320115,4.80072374122071,0.0684027268844005,0.0794067776044098,0.00493319562396444,4.69134788222914,5.04342511691925,4.89783979995091
"78257",59,4.90527477843843,"unpaired",4.71849887129509,4.89783979995091,4.80733310348394,0.186775907143335,0.00743497848751851,0.0979416749544857,5.07517381523383,4.70048036579242,4.91998092582813
"78257",60,5.01063529409626,"unpaired",5.00394630594546,4.79579054559674,4.8987629443286,0.00668898815079633,0.214844748499514,0.111872349767659,4.65396035015752,4.70048036579242,4.77912349311153
"78257",61,3.91202300542815,"paired",4.0943445622221,3.80666248977032,3.9478839731185,0.182321556793954,0.105360515657826,0.0358609676903585,4.47733681447821,3.85014760171006,3.97029191355212
"78257",63,4.15888308335967,"unpaired",3.91202300542815,4.44265125649032,4.1689032035398,0.246860077931526,0.283768173130645,0.0100201201801253,4.70048036579242,4.23410650459726,4.24849524204936
"78257",64,4.90527477843843,"unpaired",4.91998092582813,4.78749174278205,4.85328425471323,0.0147061473896954,0.117783035656384,0.0519905237252036,4.77912349311153,4.60517018598809,4.78749174278205
"78257",65,4.67282883446191,"paired",4.83628190695148,4.93447393313069,4.88513121657174,0.163453072489572,0.261645098668786,0.212302382109831,4.36944785246702,4.9416424226093,4.62497281328427
"78257",66,4.15888308335967,"paired",4.39444915467244,4.04305126783455,4.21508994284023,0.235566071312768,0.115831815525121,0.0562068594805609,3.68887945411394,4.26267987704132,4.15888308335967
"78257",67,4.67282883446191,"unpaired",4.83628190695148,4.23410650459726,4.52518869002048,0.163453072489572,0.438722329864646,0.147640144441423,4.46590811865458,4.76217393479776,4.86753445045558
"78257",69,4.79579054559674,"paired",4.95582705760126,5.05624580534831,5.00578463100721,0.16003651200452,0.260455259751566,0.209994085410472,4.52178857704904,5.07517381523383,4.45434729625351
"78257",70,4.52178857704904,"paired",4.70048036579242,4.69134788222914,4.69591190393516,0.178691788743376,0.169559305180103,0.174123326886118,4.45434729625351,4.60517018598809,4.80402104473326
"78257",71,4.67282883446191,"unpaired",4.86753445045558,4.70953020131233,4.78788058543118,0.194705615993676,0.0367013668504281,0.115051750969272,4.82028156560504,4.64439089914137,4.52178857704904
"78257",72,3.91202300542815,"unpaired",4.12713438504509,4.52178857704904,4.31995707365747,0.215111379616946,0.609765571620895,0.407934068229324,3.71357206670431,4.18965474202643,3.95124371858143
"78257",73,4.35670882668959,"paired",4.15888308335967,4.07753744390572,4.11800940956005,0.19782574332992,0.279171382783872,0.238699417129539,4.76217393479776,3.80666248977032,4.4188406077966
"78257",75,4.52178857704904,"unpaired",4.15888308335967,4.71849887129509,4.42986287989604,0.362905493689369,0.196710294246054,0.0919256971529965,4.26267987704132,4.49980967033027,4.61512051684126
"78257",76,4.15888308335967,"unpaired",4.0943445622221,4.47733681447821,4.28156042110767,0.0645385211375711,0.318453731118535,0.122677337747996,4.48863636973214,3.68887945411394,4.36944785246702
"78257",77,4.90527477843843,"paired",4.78749174278205,4.99721227376411,4.89122811751556,0.117783035656384,0.0919374953256851,0.0140466609228715,4.51085950651685,4.85981240436167,4.91998092582813
"78257",78,4.15888308335967,"paired",4.45434729625351,4.0943445622221,4.27055413625261,0.295464212893836,0.0645385211375711,0.111671052892937,4.0943445622221,3.91202300542815,4.11087386417331
"78257",79,3.91202300542815,"unpaired",4.0943445622221,4.49980967033027,4.29229207472548,0.182321556793954,0.587786664902119,0.380269069297331,3.55534806148941,3.76120011569356,4.29045944114839
"78257",81,4.79579054559674,"paired",5.07517381523383,4.88280192258637,4.97805870420224,0.279383269637085,0.0870113769896292,0.182268158605503,5.01727983681492,4.7361984483945,4.7361984483945
"78257",82,4.15888308335967,"paired",4.47733681447821,4.45434729625351,4.46582726199607,0.318453731118535,0.295464212893836,0.306944178636396,4.60517018598809,4.44265125649032,4.0943445622221
"78257",83,4.79579054559674,"unpaired",4.91998092582813,4.47733681447821,4.69344348274706,0.124190380231384,0.318453731118534,0.102347062849684,4.87519732320115,4.59511985013459,4.71849887129509
"78257",84,3.91202300542815,"unpaired",4.39444915467244,4.38202663467388,4.38823349885746,0.482426149244293,0.470003629245735,0.47621049342931,3.89182029811063,4.14313472639153,4.0943445622221
"78257",85,4.15888308335967,"paired",4.15888308335967,4.23410650459726,4.19632624030981,0,0.0752234212375882,0.0374431569501414,4.33073334028633,4.53259949315326,3.91202300542815
"78257",87,3.91202300542815,"unpaired",3.87120101090789,4.21950770517611,4.04160395063784,0.0408219945202548,0.307484699747961,0.129580945209693,4.7361984483945,3.76120011569356,4.39444915467244
"78257",88,4.90527477843843,"unpaired",5.01727983681492,4.71849887129509,4.86559649446837,0.112005058376495,0.186775907143335,0.0396782839700629,5.02388052084628,4.76217393479776,4.77912349311153
"78257",89,3.91202300542815,"paired",4.29045944114839,4.17438726989564,4.23202543389491,0.378436435720245,0.262364264467491,0.320002428466764,4.60517018598809,4.51085950651685,4.02535169073515
"78257",90,5.01063529409626,"paired",4.9272536851572,4.94875989037817,4.93799507966786,0.0833816089390504,0.0618754037180871,0.0726402144283957,5.04342511691925,4.30406509320417,4.77912349311153
"78257",91,4.52178857704904,"unpaired",4.17438726989564,4.4188406077966,4.2948750832689,0.347401307153404,0.102947969252442,0.226913493780143,4.20469261939097,4.15888308335967,4.36944785246702
"78257",93,4.35670882668959,"paired",4.11087386417331,4.72738781871234,4.40836648088108,0.24583496251628,0.370678992022749,0.0516576541914882,4.75359019110636,4.11087386417331,4.15888308335967
"78257",94,4.35670882668959,"paired",4.33073334028633,4.48863636973214,4.40897801977066,0.0259754864032606,0.131927543042548,0.0522691930810648,4.70953020131233,4.43081679884331,4.12713438504509
"78257",95,4.15888308335967,"unpaired",4.36944785246702,3.98898404656427,4.17488416315776,0.21056476910735,0.169899036795397,0.0160010797980892,4.36944785246702,4.06044301054642,4.39444915467244
"78257",96,4.52178857704904,"unpaired",4.80402104473326,4.31748811353631,4.55426215295234,0.282232467684216,0.20430046351273,0.0324735759033041,4.77068462446567,4.14313472639153,4.57471097850338
"78258",1,4.52178857704904,"paired",4.70953020131233,4.46590811865458,4.58610173906878,0.187741624263293,0.0558804583944568,0.064313162019741,4.74493212836325,3.89182029811063,4.38202663467388
"78258",3,3.91202300542815,"unpaired",3.97029191355212,4.40671924726425,4.18281744673465,0.058268908123976,0.494696241836107,0.270794441306502,4.04305126783455,3.71357206670431,3.97029191355212
"78258",4,4.67282883446191,"unpaired",4.58496747867057,4.7361984483945,4.65996951260615,0.0878613557913335,0.0633696139325899,0.0128593218557569,5.00394630594546,5.04342511691925,4.26267987704132
"78258",5,3.91202300542815,"paired",4.02535169073515,4.07753744390572,4.0513605423193,0.113328685307004,0.165514438477574,0.139337536891159,3.85014760171006,3.93182563272433,4.06044301054642
"78258",6,4.35670882668959,"paired",4.40671924726425,4.52178857704904,4.4638831475008,0.0500104205746617,0.165079750359449,0.107174320811207,4.39444915467244,4.54329478227,4.44265125649032
"78258",7,3.91202300542815,"unpaired",3.97029191355212,4.35670882668959,4.15901500650176,0.058268908123976,0.444685821261446,0.246992001073614,4.38202663467388,4.06044301054642,4.36944785246702
"78258",9,4.90527477843843,"paired",4.81218435537242,4.80402104473326,4.80810096756976,0.0930904230660126,0.101253733705173,0.0971738108686724,4.9416424226093,4.70048036579242,4.74493212836325
"78258",10,3.91202300542815,"paired",4.36944785246702,4.12713438504509,4.24656313688824,0.457424847038876,0.215111379616946,0.334540131460093,3.91202300542815,3.93182563272433,4.44265125649032
"78258",11,4.67282883446191,"unpaired",4.63472898822964,4.70953020131233,4.67197989560799,0.0380998462322699,0.0367013668504281,0.000848938853918568,4.45434729625351,4.93447393313069,4.79579054559674
"78258",12,4.52178857704904,"unpaired",4.34380542185368,4.47733681447821,4.41006575123269,0.177983155195356,0.0444517625708336,0.111722825816352,4.84418708645859,4.52178857704904,4.81218435537242
"78258",13,4.67282883446191,"paired",4.39444915467244,4.21950770517611,4.30609011379755,0.278379679789467,0.453321129285799,0.366738720664356,4.7361984483945,4.85981240436167,4.66343909411207
"78258",15,4.79579054559674,"unpaired",4.8283137373023,4.77912349311153,4.80365565106977,0.0325231917055602,0.0166670524852117,0.00786510547303187,4.43081679884331,5.03695260241363,4.89783979995091
"78258",16,4.15888308335967,"unpaired",4.26267987704132,4.4188406077966,4.34005794186064,0.103796793681644,0.259957524436927,0.181174858500964,4.31748811353631,4.06044301054642,4.26267987704132
"78258",17,4.52178857704904,"paired",4.54329478227,4.4188406077966,4.48063561083526,0.0215062052209634,0.102947969252442,0.041152966213776,4.27666611901606,4.66343909411207,4.34380542185368
"78258",18,4.67282883446191,"paired",4.66343909411207,4.52178857704904,4.59206768520673,0.00938974034983886,0.151040257412865,0.0807611492551787,4.68213122712422,4.99721227376411,4.63472898822964
"78258",19,4.90527477843843,"unpaired",4.44265125649032,4.69134788222914,4.56530640413308,0.462623521948113,0.213926896209286,0.339968374305352,4.43081679884331,4.78749174278205,4.78749174278205
"78258",21,4.52178857704904,"paired",4.39444915467244,4.47733681447821,4.4356993788542,0.127339422376601,0.0444517625708336,0.0860891981948395,4.38202663467388,4.49980967033027,4.54329478227
"78258",22,4.52178857704904,"paired",4.52178857704904,4.63472898822964,4.57791050553578,0,0.112940411180595,0.0561219284867356,4.84418708645859,4.45434729625351,4.51085950651685
"78258",23,5.01063529409626,"unpaired",4.64439089914137,4.74493212836325,4.6943923562069,0.366244394954883,0.265703165733005,0.316242937889355,4.91998092582813,4.47733681447821,4.74493212836325
"78258",24,4.67282883446191,"unpaired",4.52178857704904,4.63472898822964,4.57791050553578,0.151040257412865,0.0380998462322699,0.0949183289261297,4.94875989037817,4.53259949315326,4.43081679884331
"78258",25,4.67282883446191,"paired",4.43081679884331,4.38202663467388,4.40635418752191,0.242012035618592,0.290802199788025,0.266474646939997,4.57471097850338,4.79579054559674,4.7361984483945
"78258",27,4.79579054559674,"unpaired",4.71849887129509,4.75359019110636,4.7360120303199,0.0772916743016472,0.0422003544903768,0.0597785152768422,4.82028156560504,4.7361984483945,4.72738781871234
"78258",28,5.01063529409626,"unpaired",4.78749174278205,4.85981240436167,4.82351653437109,0.22314355131421,0.150822889734584,0.187118759725168,4.68213122712422,5.01063529409626,4.95582705760126
"78258",29,4.15888308335967,"paired",4.44265125649032,4.44265125649032,4.44265125649032,0.283768173130645,0.283768173130645,0.283768173130644,3.93182563272433,3.55534806148941,4.20469261939097
"78258",30,4.67282883446191,"paired",4.70048036579242,4.80402104473326,4.75196870755924,0.0276515313305108,0.131192210271351,0.0791398730973354,4.36944785246702,4.68213122712422,4.52178857704904
"78258",31,5.01063529409626,"unpaired",4.74493212836325,4.80402104473326,4.77438517512863,0.265703165733005,0.206614249362999,0.236250118967629,4.74493212836325,4.77912349311153,4.89034912822175
"78258",33,4.79579054559674,"paired",4.77068462446567,4.63472898822964,4.70221546961775,0.0251059211310762,0.161061557367105,0.093575075978996,5.01727983681492,4.78749174278205,4.82028156560504
"78258",34,3.91202300542815,"paired",4.52178857704904,4.38202663467388,4.45135911615689,0.609765571620895,0.470003629245735,0.539336110728739,4.18965474202643,3.76120011569356,4.39444915467244
"78258",35,4.35670882668959,"unpaired",4.40671924726425,4.57471097850338,4.48992950052024,0.0500104205746617,0.218002151813791,0.13322067383065,4.00733318523247,4.57471097850338,4.45434729625351
"78258",36,3.91202300542815,"unpaired",3.46573590279973,4.48863636973214,3.94416381774303,0.446287102628419,0.576613364303994,0.0321408123148879,3.2188758248682,4.60517018598809,4.44265125649032
"78258",37,4.90527477843843,"paired",4.18965474202643,4.57471097850338,4.3779515237708,0.715620036412004,0.330563799935047,0.527323254667632,4.66343909411207,4.75359019110636,4.82028156560504
"78258",39,4.35670882668959,"unpaired",4.44265125649032,4.49980967033027,4.47113912620263,0.085942429800725,0.143100843640673,0.114430299513039,4.38202663467388,4.60517018598809,4.14313472639153
"78258",40,4.79579054559674,"unpaired",4.82028156560504,4.70953020131233,4.76458409643969,0.0244910200082957,0.0862603442844074,0.0312064491570512,4.65396035015752,4.93447393313069,4.69134788222914
"78258",41,3.91202300542815,"paired",4.45434729625351,3.80666248977032,4.11779027744955,0.542324290825361,0.105360515657826,0.205767272021407,4.06044301054642,3.73766961828337,4.34380542185368
"78258",42,4.35670882668959,"paired",4.39444915467244,4.46590811865458,4.4300345548163,0.0377403279828474,0.109199291964992,0.0733257281267043,4.40671924726425,4.02535169073515,4.40671924726425
"78258",43,4.15888308335967,"unpaired",3.98898404656427,4.34380542185368,4.16261582771624,0.169899036795397,0.184922338494013,0.0037327443565669,4.35670882668959,4.48863636973214,4.46590811865458
"78258",45,4.79579054559674,"paired",4.89783979995091,4.89034912822175,4.89409303097722,0.10204925435417,0.0945585826250124,0.0983024853804748,4.60517018598809,4.70953020131233,4.8283137373023
"78258",46,4.67282883446191,"paired",4.79579054559674,4.75359019110636,4.77464374546932,0.122961711134836,0.0807613566444587,0.101814911007416,4.55387689160054,4.07753744390572,4.66343909411207
"78258",47,4.79579054559674,"unpaired",4.84418708645859,4.70953020131233,4.776384132844,0.0483965408618499,0.0862603442844074,0.0194064127527405,4.87519732320115,5.04342511691925,4.72738781871234
"78258",48,4.90527477843843,"unpaired",4.80402104473326,4.78749174278205,4.79574927240902,0.101253733705173,0.117783035656384,0.109525506029409,4.70048036579242,4.94875989037817,4.81218435537242
"78258",49,4.35670882668959,"paired",4.39444915467244,4.24849524204936,4.32085597133874,0.0377403279828474,0.108213584640232,0.0358528553508473,4.43081679884331,4.51085950651685,4.45434729625351
"78258",51,5.01063529409626,"unpaired",4.80402104473326,4.94875989037817,4.87585342875568,0.206614249362999,0.0618754037180871,0.134781865340572,4.96284463025991,4.82028156560504,4.89034912822175
"78258",52,4.35670882668959,"unpaired",4.14313472639153,4.54329478227,4.33860373676328,0.213574100298059,0.186585955580412,0.0181050899263102,4.26267987704132,4.60517018598809,4.45434729625351
"78258",53,3.91202300542815,"paired",3.95124371858143,4.51085950651685,4.22178934701011,0.0392207131532816,0.598836501088704,0.309766341581961,3.40119738166216,4.33073334028633,4.34380542185368
"78258",54,4.52178857704904,"paired",4.81218435537242,4.7361984483945,4.77404022577346,0.290395778323377,0.214409871345455,0.252251648724419,4.71849887129509,4.33073334028633,4.23410650459726
"78258",55,4.79579054559674,"unpaired",4.72738781871234,4.70048036579242,4.71391489351936,0.0684027268844005,0.0953101798043248,0.081875652077386,4.59511985013459,4.91265488573605,4.69134788222914
"78258",57,4.15888308335967,"paired",4.56434819146784,4.18965474202643,4.3729901720268,0.405465108108165,0.0307716586667537,0.214107088667126,4.21950770517611,4.06044301054642,4.44265125649032
"78258",58,4.79579054559674,"paired",4.79579054559674,4.77912349311153,4.78744976626424,0,0.0166670524852117,0.00834077933249944,4.66343909411207,4.79579054559674,4.82028156560504
"78258",59,4.90527477843843,"unpaired",4.77068462446567,4.49980967033027,4.63326804828584,0.134590153972765,0.405465108108165,0.272006730152587,4.95582705760126,4.60517018598809,4.74493212836325
"78258",60,5.01063529409626,"unpaired",4.89034912822175,4.77912349311153,4.83441644960403,0.120286165874502,0.231511800984726,0.176218844492221,4.9416424226093,4.8283137373023,4.80402104473326
"78258",61,3.91202300542815,"paired",4.34380542185368,4.4188406077966,4.38116237891887,0.431782416425538,0.506817602368452,0.469139373490729,3.68887945411394,4.35670882668959,3.97029191355212
"78258",63,4.15888308335967,"unpaired",4.11087386417331,4.51085950651685,4.3062250812397,0.0480092191863601,0.351976423157178,0.147341997880027,3.63758615972639,4.18965474202643,4.51085950651685
"78258",64,4.90527477843843,"unpaired",4.74493212836325,4.45434729625351,4.5973444070334,0.160342650075179,0.450927482184922,0.307930371405035,5.09375020080676,4.20469261939097,4.77068462446567
"78258",65,4.67282883446191,"paired",4.72738781871234,4.70953020131233,4.71845056194741,0.054558984250435,0.0367013668504281,0.0456217274855018,4.36944785246702,4.69134788222914,4.66343909411207
"78258",66,4.15888308335967,"paired",4.46590811865458,4.38202663467388,4.42376856582153,0.307025035294912,0.22314355131421,0.264885482461863,4.60517018598809,4.04305126783455,3.98898404656427
"78258",67,4.67282883446191,"unpaired",4.26267987704132,4.38202663467388,4.32194131800554,0.41014895742059,0.290802199788025,0.350887516456369,4.54329478227,4.38202663467388,4.58496747867057
"78258",69,4.79579054559674,"paired",4.72738781871234,4.71849887129509,4.72294125379179,0.0684027268844005,0.0772916743016472,0.0728492918049524,4.49980967033027,4.49980967033027,4.78749174278205
"78258",70,4.52178857704904,"paired",4.51085950651685,4.54329478227,4.52704809555974,0.0109290705321907,0.0215062052209634,0.00525951851069717,4.77912349311153,4.65396035015752,4.70953020131233
"78258",71,4.67282883446191,"unpaired",4.7361984483945,4.26267987704132,4.49320573974145,0.0633696139325899,0.41014895742059,0.179623094720455,4.33073334028633,4.06044301054642,4.58496747867057
"78258",72,3.91202300542815,"unpaired",4.39444915467244,4.20469261939097,4.29852392420236,0.482426149244293,0.29266961396282,0.386500918774216,4.15888308335967,4.4188406077966,4.64439089914137
"78258",73,4.35670882668959,"paired",4.43081679884331,4.39444915467244,4.41259551014881,0.0741079721537217,0.0377403279828474,0.0558866834592182,4.15888308335967,4.63472898822964,4.14313472639153
"78258",75,4.52178857704904,"unpaired",4.38202663467388,4.68213122712422,4.52959421408769,0.139761942375159,0.160342650075179,0.00780563703864523,4.68213122712422,4.75359019110636,4.54329478227
"78258",76,4.15888308335967,"unpaired",4.20469261939097,4.30406509320417,4.25408870744063,0.0458095360312942,0.145182009844499,0.0952056240809558,3.87120101090789,4.36944785246702,4.26267987704132
"78258",77,4.90527477843843,"paired",4.82028156560504,4.89783979995091,4.85890593642129,0.0849932128333926,0.00743497848751851,0.0463688420171415,4.67282883446191,4.80402104473326,4.44265125649032
"78258",78,4.15888308335967,"paired",4.26267987704132,4.44265125649032,4.35173529890705,0.103796793681644,0.283768173130645,0.192852215547374,4.27666611901606,4.44265125649032,3.98898404656427
"78258",79,3.91202300542815,"unpaired",4.64439089914137,4.26267987704132,4.4494439682823,0.732367893713227,0.35065687161317,0.537420962854156,3.68887945411394,4.60517018598809,4.34380542185368
"78258",81,4.79579054559674,"paired",4.78749174278205,4.94875989037817,4.86745797230921,0.00829880281469553,0.152969344781427,0.071667426712466,4.70953020131233,4.69134788222914,4.72738781871234
"78258",82,4.15888308335967,"paired",4.51085950651685,4.4188406077966,4.46461299145424,0.351976423157178,0.259957524436927,0.305729908094569,4.17438726989564,4.38202663467388,4.26267987704132
"78258",83,4.79579054559674,"unpaired",4.69134788222914,4.72738781871234,4.70933337445885,0.104442663367598,0.0684027268844005,0.0864571711378899,4.7361984483945,4.87519732320115,4.72738781871234
"78258",84,3.91202300542815,"unpaired",4.44265125649032,4.39444915467244,4.41848447531372,0.530628251062171,0.482426149244293,0.50646146988557,4.24849524204936,4.18965474202643,4.34380542185368
"78258",85,4.15888308335967,"paired",4.31748811353631,4.33073334028633,4.32410565546006,0.158605030176639,0.17185025692666,0.165222572100384,3.78418963391826,3.80666248977032,4.20469261939097
"78258",87,3.91202300542815,"unpaired",4.20469261939097,4.47733681447821,4.33887370850593,0.29266961396282,0.565313809050061,0.42685070307778,3.89182029811063,3.80666248977032,4.45434729625351
"78258",88,4.90527477843843,"unpaired",4.78749174278205,4.34380542185368,4.56025575920654,0.117783035656384,0.561469356584746,0.345019019231891,4.79579054559674,4.67282883446191,4.80402104473326
"78258",89,3.91202300542815,"paired",4.06044301054642,4.26267987704132,4.16033276468713,0.148420005118273,0.35065687161317,0.248309759258987,3.73766961828337,4.39444915467244,4.20469261939097
"78258",90,5.01063529409626,"paired",4.95582705760126,4.53259949315326,4.73949145050802,0.0548082364949947,0.478035800942999,0.271143843588231,5.16478597392351,4.91265488573605,4.89034912822175
"78258",91,4.52178857704904,"unpaired",4.20469261939097,4.53259949315326,4.36556842066606,0.317095957658075,0.0108109161042158,0.156220156382983,4.70048036579242,4.0943445622221,4.38202663467388
"78258",93,4.35670882668959,"paired",4.51085950651685,4.45434729625351,4.48251434427518,0.154150679827258,0.0976384695639156,0.12580551758559,4.30406509320417,4.17438726989564,4.40671924726425
"78258",94,4.35670882668959,"paired",4.45434729625351,4.36944785246702,4.41169335150996,0.0976384695639156,0.0127390257774298,0.0549845248203669,4.65396035015752,4.55387689160054,4.40671924726425
"78258",95,4.15888308335967,"unpaired",4.35670882668959,4.4188406077966,4.38766474103501,0.19782574332992,0.259957524436927,0.228781657675341,4.24849524204936,4.24849524204936,4.26267987704132
"78258",96,4.52178857704904,"unpaired",4.23410650459726,4.70953020131233,4.46549576855401,0.287682072451781,0.187741624263293,0.0562928084950274,4.90527477843843,4.47733681447821,4.54329478227
"78304",1,4.52178857704904,"paired",4.21950770517611,4.31748811353631,4.26821676605965,0.302280871872934,0.20430046351273,0.253571810989388,4.17438726989564,4.45434729625351,4.35670882668959
"78304",3,3.91202300542815,"unpaired",3.95124371858143,4.04305126783455,3.99688390198339,0.0392207131532816,0.131028262406404,0.0848608965552398,4.29045944114839,3.76120011569356,4.31748811353631
"78304",4,4.67282883446191,"unpaired",4.62497281328427,4.43081679884331,4.52685401082182,0.0478560211776351,0.242012035618592,0.14597482364009,4.79579054559674,4.9272536851572,4.56434819146784
"78304",5,3.91202300542815,"paired",4.46590811865458,4.29045944114839,4.37730483870872,0.553885113226438,0.378436435720245,0.465281833280577,3.68887945411394,4.38202663467388,3.95124371858143
"78304",6,4.35670882668959,"paired",4.30406509320417,4.46590811865458,4.38423987059995,0.0526437334854215,0.109199291964992,0.0275310439103622,4.4188406077966,4.89783979995091,4.20469261939097
"78304",7,3.91202300542815,"unpaired",4.48863636973214,4.23410650459726,4.3595142447129,0.576613364303994,0.322083499169114,0.447491239284754,3.87120101090789,4.31748811353631,3.93182563272433
"78304",9,4.90527477843843,"paired",4.80402104473326,4.89034912822175,4.84699289540126,0.101253733705173,0.0149256502166759,0.0582818830371741,4.81218435537242,4.78749174278205,4.39444915467244
"78304",10,3.91202300542815,"paired",4.20469261939097,4.17438726989564,4.1895125425531,0.29266961396282,0.262364264467491,0.277489537124959,4.48863636973214,4.26267987704132,4.21950770517611
"78304",11,4.67282883446191,"unpaired",4.70953020131233,4.43081679884331,4.568048328404,0.0367013668504281,0.242012035618592,0.104780506057901,4.969813299576,4.65396035015752,4.53259949315326
"78304",12,4.52178857704904,"unpaired",4.45434729625351,4.55387689160054,4.50383716619198,0.0674412807955331,0.0320883145515003,0.0179514108570613,4.34380542185368,4.52178857704904,4.47733681447821
"78304",13,4.67282883446191,"paired",4.55387689160054,4.4188406077966,4.48585065862775,0.118951942861365,0.253988226665308,0.186978175834156,4.74493212836325,4.70048036579242,4.53259949315326
"78304",15,4.79579054559674,"unpaired",4.62497281328427,4.71849887129509,4.67150179270567,0.170817732312471,0.0772916743016472,0.124288752891068,4.75359019110636,4.86753445045558,4.49980967033027
"78304",16,4.15888308335967,"unpaired",4.06044301054642,4.39444915467244,4.22414610960503,0.0984400728132524,0.235566071312768,0.0652630262453604,3.49650756146648,4.21950770517611,4.18965474202643
"78304",17,4.52178857704904,"paired",4.43081679884331,4.63472898822964,4.53162609436546,0.0909717782057271,0.112940411180595,0.00983751731641824,4.29045944114839,4.70048036579242,4.52178857704904
"78304",18,4.67282883446191,"paired",4.57471097850338,4.64439089914137,4.60941927304983,0.098117855958523,0.0284379353205333,0.0634095614120751,4.48863636973214,4.77912349311153,4.54329478227
"78304",19,4.90527477843843,"unpaired",4.39444915467244,4.71849887129509,4.55359235947681,0.51082562376599,0.186775907143335,0.351682418961619,4.82028156560504,4.81218435537242,4.57471097850338
"78304",21,4.52178857704904,"paired",4.14313472639153,4.52178857704904,4.32832291759435,0.378653850657508,0,0.193465659454694,4.57471097850338,4.33073334028633,4.58496747867057
"78304",22,4.52178857704904,"paired",4.47733681447821,4.56434819146784,4.52063316270586,0.0444517625708336,0.0425596144187956,0.00115541434318267,4.46590811865458,4.7361984483945,4.48863636973214
"78304",23,5.01063529409626,"unpaired",4.68213122712422,4.72738781871234,4.70470510539393,0.328504066972036,0.283247475383915,0.305930188702327,5.02388052084628,5.06259503302697,4.64439089914137
"78304",24,4.67282883446191,"unpaired",4.76217393479776,4.7361984483945,4.74916843257573,0.0893451003358505,0.0633696139325899,0.0763395981138268,4.67282883446191,4.45434729625351,4.53259949315326
"78304",25,4.67282883446191,"paired",4.54329478227,4.55387689160054,4.54858275957563,0.129534052191902,0.118951942861365,0.124246074886273,4.48863636973214,4.56434819146784,4.62497281328427
"78304",27,4.79579054559674,"unpaired",4.46590811865458,4.58496747867057,4.5250462413949,0.329882426942158,0.210823066926169,0.270744304201838,4.82028156560504,4.23410650459726,4.51085950651685
"78304",28,5.01063529409626,"unpaired",4.65396035015752,4.65396035015752,4.65396035015752,0.356674943938732,0.356674943938732,0.356674943938732,4.63472898822964,4.98360662170834,4.64439089914137
"78304",29,4.15888308335967,"paired",4.21950770517611,4.29045944114839,4.25483568080733,0.0606246218164355,0.131576357788719,0.0959525974476625,4.00733318523247,4.89034912822175,4.23410650459726
"78304",30,4.67282883446191,"paired",4.56434819146784,4.52178857704904,4.54301854650118,0.10848064299407,0.151040257412865,0.129810287960724,4.79579054559674,4.89034912822175,4.62497281328427
"78304",31,5.01063529409626,"unpaired",4.57471097850338,4.67282883446191,4.6235096376757,0.435924315592873,0.33780645963435,0.387125656420559,4.66343909411207,4.48863636973214,4.64439089914137
"78304",33,4.79579054559674,"paired",4.56434819146784,4.58496747867057,4.57464621792865,0.231442354128905,0.210823066926169,0.221144327668095,4.84418708645859,4.74493212836325,4.46590811865458
"78304",34,3.91202300542815,"paired",4.17438726989564,4.27666611901606,4.22521722575474,0.262364264467491,0.364643113587909,0.313194220326596,4.23410650459726,3.58351893845611,4.14313472639153
"78304",35,4.35670882668959,"unpaired",4.12713438504509,4.33073334028633,4.22770841960002,0.2295744416445,0.0259754864032606,0.12900040708957,4.52178857704904,5.03695260241363,4.33073334028633
"78304",36,3.91202300542815,"unpaired",4.00733318523247,4.29045944114839,4.14648049536084,0.0953101798043252,0.378436435720245,0.234457489932698,3.63758615972639,3.63758615972639,4.26267987704132
"78304",37,4.90527477843843,"paired",4.44265125649032,4.62497281328427,4.53289546318586,0.462623521948113,0.280301965154159,0.372379315252573,4.97673374242057,4.31748811353631,4.39444915467244
"78304",39,4.35670882668959,"unpaired",4.4188406077966,4.35670882668959,4.38766474103501,0.0621317811070066,0,0.0309559143454203,4.12713438504509,4.44265125649032,4.20469261939097
"78304",40,4.79579054559674,"unpaired",4.58496747867057,4.48863636973214,4.53654623902367,0.210823066926169,0.307154175864602,0.259244306573073,4.87519732320115,4.59511985013459,4.57471097850338
"78304",41,3.91202300542815,"paired",4.0943445622221,4.18965474202643,4.14172549918557,0.182321556793954,0.277631736598279,0.229702493757421,3.97029191355212,4.17438726989564,4.31748811353631
"78304",42,4.35670882668959,"paired",4.33073334028633,4.26267987704132,4.2965718733044,0.0259754864032606,0.0940289496482762,0.0601369533851939,4.20469261939097,4.44265125649032,4.30406509320417
"78304",43,4.15888308335967,"unpaired",4.26267987704132,4.0943445622221,4.17766444021749,0.103796793681644,0.0645385211375711,0.018781356857815,4.35670882668959,3.73766961828337,4.21950770517611
"78304",45,4.79579054559674,"paired",4.63472898822964,4.67282883446191,4.65373992140901,0.161061557367105,0.122961711134836,0.142050624187736,4.82028156560504,4.75359019110636,4.46590811865458
"78304",46,4.67282883446191,"paired",4.39444915467244,4.49980967033027,4.44681737897675,0.278379679789467,0.173019164131641,0.226011455485152,4.68213122712422,4.45434729625351,4.70953020131233
"78304",47,4.79579054559674,"unpaired",4.57471097850338,4.57471097850338,4.57471097850338,0.221079567093359,0.221079567093359,0.221079567093359,4.43081679884331,4.87519732320115,4.46590811865458
"78304",48,4.90527477843843,"unpaired",4.8283137373023,4.70048036579242,4.76396829566227,0.0769610411361281,0.204794412646013,0.14130648277616,4.80402104473326,4.83628190695148,4.57471097850338
"78304",49,4.35670882668959,"paired",4.20469261939097,4.26267987704132,4.23358696826013,0.152016207298626,0.0940289496482762,0.12312185842946,3.80666248977032,4.39444915467244,4.4188406077966
"78304",51,5.01063529409626,"unpaired",4.36944785246702,4.63472898822964,4.50013406737917,0.641187441629234,0.37590630586662,0.510501226717081,4.85981240436167,4.76217393479776,4.64439089914137
"78304",52,4.35670882668959,"unpaired",4.33073334028633,4.30406509320417,4.31737862572903,0.0259754864032606,0.0526437334854215,0.0393302009605607,4.17438726989564,4.0943445622221,4.47733681447821
"78304",53,3.91202300542815,"paired",4.12713438504509,4.26267987704132,4.19435962847453,0.215111379616946,0.35065687161317,0.282336623046385,3.68887945411394,4.21950770517611,4.31748811353631
"78304",54,4.52178857704904,"paired",4.35670882668959,4.4188406077966,4.38766474103501,0.165079750359449,0.102947969252442,0.134123836014028,4.21950770517611,4.75359019110636,4.52178857704904
"78304",55,4.79579054559674,"unpaired",4.61512051684126,4.57471097850338,4.59487132523969,0.180670028755482,0.221079567093359,0.200919220357054,4.65396035015752,4.97673374242057,4.57471097850338
"78304",57,4.15888308335967,"paired",4.23410650459726,4.36944785246702,4.30124488649846,0.0752234212375882,0.21056476910735,0.142361803138789,4.4188406077966,4.79579054559674,4.14313472639153
"78304",58,4.79579054559674,"paired",4.51085950651685,4.62497281328427,4.56755980608742,0.284931039079892,0.170817732312471,0.228230739509323,4.55387689160054,4.64439089914137,4.49980967033027
"78304",59,4.90527477843843,"unpaired",4.57471097850338,4.67282883446191,4.6235096376757,0.330563799935047,0.232445943976524,0.281765140762733,4.91998092582813,4.80402104473326,4.44265125649032
"78304",60,5.01063529409626,"unpaired",4.7361984483945,4.77912349311153,4.75761256017769,0.27443684570176,0.231511800984726,0.253022733918566,4.74493212836325,5.01063529409626,4.65396035015752
"78304",61,3.91202300542815,"paired",4.26267987704132,4.12713438504509,4.19435962847453,0.35065687161317,0.215111379616946,0.282336623046385,4.17438726989564,3.76120011569356,4.17438726989564
"78304",63,4.15888308335967,"unpaired",4.31748811353631,4.23410650459726,4.27559405288264,0.158605030176639,0.0752234212375882,0.116710969522973,4.21950770517611,4.45434729625351,4.18965474202643
"78304",64,4.90527477843843,"unpaired",4.48863636973214,4.52178857704904,4.50518197891957,0.41663840870629,0.383486201389389,0.400092799518859,5.02388052084628,4.82028156560504,4.8283137373023
"78304",65,4.67282883446191,"paired",4.57471097850338,4.58496747867057,4.579836357421,0.098117855958523,0.0878613557913335,0.092992477040907,4.79579054559674,4.77068462446567,4.39444915467244
"78304",66,4.15888308335967,"paired",4.06044301054642,4.21950770517611,4.13921134631092,0.0984400728132524,0.0606246218164355,0.019671737048748,4.30406509320417,3.98898404656427,4.18965474202643
"78304",67,4.67282883446191,"unpaired",4.46590811865458,4.38202663467388,4.42376856582153,0.206920715807322,0.290802199788025,0.249060268640371,4.51085950651685,4.87519732320115,4.57471097850338
"78304",69,4.79579054559674,"paired",4.52178857704904,4.63472898822964,4.57791050553578,0.274001968547701,0.161061557367105,0.217880040060965,4.63472898822964,4.0943445622221,4.61512051684126
"78304",70,4.52178857704904,"paired",4.40671924726425,4.45434729625351,4.43046927135262,0.115069329784787,0.0674412807955331,0.0913193056964205,4.68213122712422,4.47733681447821,4.47733681447821
"78304",71,4.67282883446191,"unpaired",4.53259949315326,4.35670882668959,4.44378399786371,0.14022934130865,0.316120007772314,0.229044836598198,4.77068462446567,4.72738781871234,4.57471097850338
"78304",72,3.91202300542815,"unpaired",4.31748811353631,4.14313472639153,4.2294130720438,0.405465108108164,0.231111720963387,0.317390066615652,3.52636052461616,3.87120101090789,4.46590811865458
"78304",73,4.35670882668959,"paired",4.27666611901606,4.4188406077966,4.3471721742641,0.0800427076735364,0.0621317811070066,0.00953665242549562,3.71357206670431,4.39444915467244,4.20469261939097
"78304",75,4.52178857704904,"unpaired",4.58496747867057,4.46590811865458,4.5250462413949,0.0631789016215318,0.0558804583944568,0.00325766434586239,4.26267987704132,4.07753744390572,4.14313472639153
"78304",76,4.15888308335967,"unpaired",4.33073334028633,4.20469261939097,4.26724765070558,0.17185025692666,0.0458095360312942,0.108364567345912,4.51085950651685,3.49650756146648,4.06044301054642
"78304",77,4.90527477843843,"paired",4.53259949315326,4.58496747867057,4.55870828963056,0.372675285285173,0.320307299767857,0.346566488807869,4.67282883446191,4.72738781871234,4.80402104473326
"78304",78,4.15888308335967,"paired",4.18965474202643,4.38202663467388,4.28476121500925,0.0307716586667537,0.22314355131421,0.125878131649577,4.0943445622221,4.14313472639153,4.29045944114839
"78304",79,3.91202300542815,"unpaired",3.93182563272433,4.24849524204936,4.08709462738472,0.0198026272961798,0.336472236621213,0.17507162195657,4.40671924726425,4.31748811353631,4.27666611901606
"78304",81,4.79579054559674,"paired",4.45434729625351,4.53259949315326,4.49330304979836,0.341443249343234,0.263191052443485,0.302487495798383,4.95582705760126,4.21950770517611,4.51085950651685
"78304",82,4.15888308335967,"paired",4.29045944114839,4.27666611901606,4.28355722816585,0.131576357788719,0.117783035656384,0.124674144806177,4.4188406077966,4.30406509320417,4.06044301054642
"78304",83,4.79579054559674,"unpaired",4.49980967033027,4.58496747867057,4.54218900957144,0.295980875266476,0.210823066926169,0.253601536025298,4.51085950651685,4.77912349311153,4.51085950651685
"78304",84,3.91202300542815,"unpaired",4.27666611901606,4.15888308335967,4.21736343887426,0.364643113587909,0.246860077931526,0.305340433446115,4.17438726989564,4.35670882668959,4.48863636973214
"78304",85,4.15888308335967,"paired",4.14313472639153,4.18965474202643,4.16632980611001,0.0157483569681389,0.0307716586667537,0.00744672275033409,4.02535169073515,3.85014760171006,4.29045944114839
"78304",87,3.91202300542815,"unpaired",4.14313472639153,4.20469261939097,4.1738001875031,0.231111720963387,0.29266961396282,0.261777182074951,4.06044301054642,3.8286413964891,4.26267987704132
"78304",88,4.90527477843843,"unpaired",4.44265125649032,4.51085950651685,4.47662547623524,0.462623521948113,0.39441527192158,0.428649302203191,5.01727983681492,4.58496747867057,4.80402104473326
"78304",89,3.91202300542815,"paired",4.21950770517611,4.12713438504509,4.17306546054516,0.307484699747961,0.215111379616946,0.261042455117017,4.27666611901606,3.68887945411394,4.27666611901606
"78304",90,5.01063529409626,"paired",4.64439089914137,4.70953020131233,4.6768471437718,0.366244394954883,0.301105092783922,0.333788150324457,4.76217393479776,4.91998092582813,4.57471097850338
"78304",91,4.52178857704904,"unpaired",4.52178857704904,4.49980967033027,4.51078573711878,0,0.0219789067187754,0.0110028399302626,4.27666611901606,4.77068462446567,4.45434729625351
"78304",93,4.35670882668959,"paired",4.20469261939097,4.36944785246702,4.2862787049003,0.152016207298626,0.0127390257774298,0.0704301217892924,4.31748811353631,4.52178857704904,4.33073334028633
"78304",94,4.35670882668959,"paired",4.47733681447821,4.48863636973214,4.48298303197854,0.120627987788615,0.131927543042548,0.12627420528895,4.07753744390572,3.61091791264422,4.30406509320417
"78304",95,4.15888308335967,"unpaired",4.33073334028633,4.27666611901606,4.30361482324984,0.17185025692666,0.117783035656384,0.144731739890172,4.36944785246702,4.80402104473326,4.06044301054642
"78304",96,4.52178857704904,"unpaired",4.48863636973214,4.46590811865458,4.47725782206866,0.0331522073169008,0.0558804583944568,0.0445307549803804,4.46590811865458,4.61512051684126,4.47733681447821
"78311",1,4.52178857704904,"paired",4.65396035015752,4.65396035015752,4.65396035015752,0.132171773108483,0.132171773108483,0.132171773108483,4.33073334028633,4.72738781871234,4.48863636973214
"78311",3,3.91202300542815,"unpaired",4.29045944114839,4.06044301054642,4.17386703787314,0.378436435720245,0.148420005118273,0.261844032444991,4.31748811353631,4.30406509320417,3.85014760171006
"78311",4,4.67282883446191,"unpaired",4.69134788222914,4.70048036579242,4.69591190393516,0.0185190477672377,0.0276515313305108,0.0230830694732527,4.84418708645859,4.38202663467388,4.47733681447821
"78311",5,3.91202300542815,"paired",3.85014760171006,3.97029191355212,3.90975829036164,0.0618754037180875,0.058268908123976,0.00226471506651071,3.76120011569356,4.04305126783455,3.93182563272433
"78311",6,4.35670882668959,"paired",4.39444915467244,4.4188406077966,4.40662800489944,0.0377403279828474,0.0621317811070066,0.0499191782098469,4.7361984483945,4.8283137373023,4.47733681447821
"78311",7,3.91202300542815,"unpaired",3.97029191355212,3.8286413964891,3.8988234092315,0.058268908123976,0.0833816089390509,0.0131995961966438,4.38202663467388,3.80666248977032,3.85014760171006
"78311",9,4.90527477843843,"paired",4.75359019110636,4.83628190695148,4.79475778682404,0.151684587332065,0.0689928714869517,0.110516991614394,4.91265488573605,4.91998092582813,4.80402104473326
"78311",10,3.91202300542815,"paired",3.97029191355212,3.8286413964891,3.8988234092315,0.058268908123976,0.0833816089390509,0.0131995961966438,4.27666611901606,3.95124371858143,3.87120101090789
"78311",11,4.67282883446191,"unpaired",4.83628190695148,4.34380542185368,4.58343403672712,0.163453072489572,0.329023412608222,0.0893947977347818,4.63472898822964,4.81218435537242,4.70953020131233
"78311",12,4.52178857704904,"unpaired",4.49980967033027,4.47733681447821,4.48855917807872,0.0219789067187754,0.0444517625708336,0.0332293989703176,4.30406509320417,4.20469261939097,4.17438726989564
"78311",13,4.67282883446191,"paired",4.47733681447821,4.60517018598809,4.54080367453405,0.195492019983699,0.067658648473814,0.132025159927855,4.55387689160054,4.49980967033027,4.70953020131233
"78311",15,4.79579054559674,"unpaired",4.69134788222914,4.7361984483945,4.71371982203996,0.104442663367598,0.0595920972022457,0.082070723556777,4.70953020131233,4.80402104473326,4.75359019110636
"78311",16,4.15888308335967,"unpaired",4.44265125649032,4.56434819146784,4.50308863202623,0.283768173130645,0.405465108108165,0.344205548666561,4.31748811353631,4.47733681447821,4.23410650459726
"78311",17,4.52178857704904,"paired",4.47733681447821,4.54329478227,4.51019522722512,0.0444517625708336,0.0215062052209634,0.0115933498239214,4.70953020131233,4.65396035015752,4.49980967033027
"78311",18,4.67282883446191,"paired",4.72738781871234,4.70048036579242,4.71391489351936,0.054558984250435,0.0276515313305108,0.0410860590574496,4.74493212836325,4.70048036579242,4.70953020131233
"78311",19,4.90527477843843,"unpaired",4.66343909411207,4.90527477843843,4.78282867863064,0.241835684326363,0,0.122446099807793,4.79579054559674,5.0998664278242,4.52178857704904
"78311",21,4.52178857704904,"paired",4.38202663467388,4.44265125649032,4.41223482313758,0.139761942375159,0.0791373205587238,0.109553753911456,3.87120101090789,4.04305126783455,4.18965474202643
"78311",22,4.52178857704904,"paired",4.43081679884331,4.34380542185368,4.38709539833088,0.0909717782057271,0.177983155195356,0.134693178718162,4.52178857704904,4.30406509320417,4.49980967033027
"78311",23,5.01063529409626,"unpaired",4.77912349311153,4.77068462446567,4.77490219449674,0.231511800984726,0.23995066963059,0.235733099599512,5.00394630594546,5.16478597392351,4.84418708645859
"78311",24,4.67282883446191,"unpaired",4.70953020131233,4.85981240436167,4.7840812379237,0.0367013668504281,0.186983569899766,0.111252403461798,4.71849887129509,4.78749174278205,4.72738781871234
"78311",25,4.67282883446191,"paired",4.79579054559674,4.75359019110636,4.77464374546932,0.122961711134836,0.0807613566444587,0.101814911007416,4.56434819146784,4.30406509320417,4.77912349311153
"78311",27,4.79579054559674,"unpaired",4.77068462446567,4.71849887129509,4.74451999846624,0.0251059211310762,0.0772916743016472,0.0512705471304997,4.46590811865458,4.45434729625351,4.59511985013459
"78311",28,5.01063529409626,"unpaired",4.85981240436167,4.78749174278205,4.82351653437109,0.150822889734584,0.22314355131421,0.187118759725168,5.03043792139244,4.83628190695148,4.79579054559674
"78311",29,4.15888308335967,"paired",4.18965474202643,4.00733318523247,4.09748001610613,0.0307716586667537,0.1515498981272,0.0614030672535426,4.07753744390572,4.57471097850338,4.44265125649032
"78311",30,4.67282883446191,"paired",4.77912349311153,4.85203026391962,4.81543890248712,0.106294658649624,0.179201429457711,0.142610068025215,4.31748811353631,4.86753445045558,4.69134788222914
"78311",31,5.01063529409626,"unpaired",4.65396035015752,4.83628190695148,4.74424538121042,0.356674943938732,0.174353387144778,0.266389912885836,4.74493212836325,4.85203026391962,4.77912349311153
"78311",33,4.79579054559674,"paired",4.7361984483945,4.71849887129509,4.72734037625587,0.0595920972022457,0.0772916743016472,0.0684501693408697,4.78749174278205,5.02388052084628,4.75359019110636
"78311",34,3.91202300542815,"paired",4.36944785246702,4.15888308335967,4.26286555702233,0.457424847038876,0.246860077931526,0.350842551594189,4.30406509320417,4.12713438504509,3.85014760171006
"78311",35,4.35670882668959,"unpaired",4.0943445622221,4.39444915467244,4.24174362737714,0.262364264467491,0.0377403279828474,0.114965199312447,4.57471097850338,4.33073334028633,4.0943445622221
"78311",36,3.91202300542815,"unpaired",3.97029191355212,4.06044301054642,4.01511445044991,0.058268908123976,0.148420005118273,0.103091445021764,4.27666611901606,4.31748811353631,3.93182563272433
"78311",37,4.90527477843843,"paired",4.80402104473326,4.82028156560504,4.81214443701624,0.101253733705173,0.0849932128333926,0.0931303414221869,4.02535169073515,4.90527477843843,4.75359019110636
"78311",39,4.35670882668959,"unpaired",4.4188406077966,4.17438726989564,4.2948750832689,0.0621317811070066,0.182321556793955,0.0618337434206939,4.4188406077966,4.43081679884331,4.0943445622221
"78311",40,4.79579054559674,"unpaired",4.81218435537242,4.7361984483945,4.77404022577346,0.0163938097756757,0.0595920972022457,0.0217503198232816,4.86753445045558,4.78749174278205,4.80402104473326
"78311",41,3.91202300542815,"paired",4.18965474202643,3.85014760171006,4.0163153707106,0.277631736598279,0.0618754037180875,0.104292365282454,4.0943445622221,4.53259949315326,4.36944785246702
"78311",42,4.35670882668959,"paired",4.70953020131233,4.46590811865458,4.58610173906878,0.352821374622742,0.109199291964992,0.22939291237919,4.70048036579242,4.12713438504509,4.47733681447821
"78311",43,4.15888308335967,"unpaired",3.91202300542815,4.12713438504509,4.01813945263102,0.246860077931526,0.0317486983145798,0.140743630728648,4.06044301054642,4.33073334028633,4.44265125649032
"78311",45,4.79579054559674,"paired",4.75359019110636,4.83628190695148,4.79475778682404,0.0422003544903768,0.0404913613547366,0.00103275877270548,4.71849887129509,4.9272536851572,4.59511985013459
"78311",46,4.67282883446191,"paired",4.69134788222914,4.76217393479776,4.72662824895509,0.0185190477672377,0.0893451003358505,0.0537994144931861,4.78749174278205,4.87519732320115,4.79579054559674
"78311",47,4.79579054559674,"unpaired",4.80402104473326,4.76217393479776,4.78305172473062,0.00823049913651541,0.033616610798985,0.012738820866117,4.52178857704904,4.84418708645859,4.81218435537242
"78311",48,4.90527477843843,"unpaired",4.87519732320115,4.87519732320115,4.87519732320115,0.0300774552372784,0.0300774552372784,0.0300774552372784,4.74493212836325,4.77912349311153,4.75359019110636
"78311",49,4.35670882668959,"paired",4.47733681447821,4.43081679884331,4.45401607222848,0.120627987788615,0.0741079721537217,0.0973072455388921,4.49980967033027,4.46590811865458,4.4188406077966
"78311",51,5.01063529409626,"unpaired",4.79579054559674,4.75359019110636,4.77464374546932,0.214844748499514,0.257045102989891,0.235991548626934,4.95582705760126,4.78749174278205,4.97673374242057
"78311",52,4.35670882668959,"unpaired",4.44265125649032,4.47733681447821,4.4599603164795,0.085942429800725,0.120627987788615,0.103251489789912,4.60517018598809,4.7361984483945,4.39444915467244
"78311",53,3.91202300542815,"paired",3.93182563272433,3.91202300542815,3.92191182059842,0.0198026272961798,0,0.00988881517027718,3.95124371858143,4.26267987704132,3.61091791264422
"78311",54,4.52178857704904,"paired",4.48863636973214,4.4188406077966,4.45360176309075,0.0331522073169008,0.102947969252442,0.0681868139582855,4.62497281328427,4.48863636973214,4.38202663467388
"78311",55,4.79579054559674,"unpaired",4.68213122712422,4.68213122712422,4.68213122712422,0.113659318472521,0.113659318472521,0.113659318472521,4.65396035015752,4.77912349311153,4.7361984483945
"78311",57,4.15888308335967,"paired",4.24849524204936,4.04305126783455,4.14450046142556,0.0896121586896879,0.115831815525121,0.0143826219341072,4.51085950651685,4.31748811353631,4.23410650459726
"78311",58,4.79579054559674,"paired",4.69134788222914,4.77068462446567,4.73084994580996,0.104442663367598,0.0251059211310762,0.0649405997867785,4.47733681447821,4.89034912822175,4.7361984483945
"78311",59,4.90527477843843,"unpaired",4.75359019110636,4.80402104473326,4.7787390927014,0.151684587332065,0.101253733705173,0.126535685737034,5.08140436498446,4.9272536851572,4.80402104473326
"78311",60,5.01063529409626,"unpaired",4.84418708645859,4.82028156560504,4.83221954314974,0.166448207637664,0.190353728491218,0.178415750946512,4.98360662170834,4.47733681447821,4.97673374242057
"78311",61,3.91202300542815,"paired",3.89182029811063,3.78418963391826,3.83762765640218,0.0202027073175195,0.127833371509885,0.0743953490259632,3.95124371858143,4.34380542185368,3.97029191355212
"78311",63,4.15888308335967,"unpaired",4.17438726989564,4.24849524204936,4.21127824474031,0.0155041865359653,0.0896121586896879,0.0523951613806393,4.55387689160054,4.29045944114839,4.36944785246702
"78311",64,4.90527477843843,"unpaired",4.86753445045558,4.69134788222914,4.77862924234787,0.0377403279828474,0.213926896209286,0.126645536090559,4.70048036579242,4.7361984483945,4.52178857704904
"78311",65,4.67282883446191,"paired",4.70953020131233,4.82028156560504,4.76458409643969,0.0367013668504281,0.147452731143131,0.0917552619777844,4.36944785246702,4.91265488573605,4.72738781871234
"78311",66,4.15888308335967,"paired",4.34380542185368,4.14313472639153,4.24228371139529,0.184922338494013,0.0157483569681389,0.0834006280356219,3.36729582998647,3.58351893845611,4.18965474202643
"78311",67,4.67282883446191,"unpaired",4.74493212836325,4.72738781871234,4.73615184978704,0.0721032939013444,0.054558984250435,0.063323015325139,4.46590811865458,4.74493212836325,4.70953020131233
"78311",69,4.79579054559674,"paired",4.65396035015752,4.69134788222914,4.67261672221143,0.141830195439218,0.104442663367598,0.123173823385309,4.85203026391962,4.85203026391962,4.80402104473326
"78311",70,4.52178857704904,"paired",4.72738781871234,4.72738781871234,4.72738781871234,0.2055992416633,0.2055992416633,0.2055992416633,4.45434729625351,4.49980967033027,4.38202663467388
"78311",71,4.67282883446191,"unpaired",4.71849887129509,4.76217393479776,4.74028610278474,0.0456700368331884,0.0893451003358505,0.0674572683228334,4.86753445045558,4.69134788222914,4.69134788222914
"78311",72,3.91202300542815,"unpaired",3.66356164612965,4.35670882668959,3.99513095665392,0.2484613592985,0.444685821261446,0.0831079512257755,3.63758615972639,4.24849524204936,3.93182563272433
"78311",73,4.35670882668959,"paired",4.0943445622221,3.95124371858143,4.02215778322881,0.262364264467491,0.405465108108164,0.334551043460781,4.34380542185368,4.52178857704904,4.39444915467244
"78311",75,4.52178857704904,"unpaired",4.17438726989564,4.75359019110636,4.4545848717984,0.347401307153404,0.231801614057324,0.0672037052506402,4.71849887129509,4.51085950651685,4.38202663467388
"78311",76,4.15888308335967,"unpaired",4.23410650459726,4.49980967033027,4.36493681450202,0.0752234212375882,0.340926586970594,0.206053731142347,4.52178857704904,4.12713438504509,4.36944785246702
"78311",77,4.90527477843843,"paired",4.65396035015752,4.69134788222914,4.67261672221143,0.251314428280907,0.213926896209286,0.232658056226997,4.53259949315326,4.60517018598809,4.80402104473326
"78311",78,4.15888308335967,"paired",4.36944785246702,4.48863636973214,4.42864116250475,0.21056476910735,0.329753286372468,0.269758079145083,4.35670882668959,4.17438726989564,4.24849524204936
"78311",79,3.91202300542815,"unpaired",3.95124371858143,4.43081679884331,4.18416503553752,0.0392207131532816,0.518793793415167,0.272142030109375,4.26267987704132,4.40671924726425,4.29045944114839
"78311",81,4.79579054559674,"paired",4.49980967033027,4.60517018598809,4.55218511666934,0.295980875266476,0.19062035960865,0.243605428927403,4.70953020131233,4.89783979995091,4.59511985013459
"78311",82,4.15888308335967,"paired",4.4188406077966,4.20469261939097,4.31043692563381,0.259957524436927,0.0458095360312942,0.151553842274138,4.27666611901606,4.72738781871234,4.17438726989564
"78311",83,4.79579054559674,"unpaired",4.59511985013459,4.7361984483945,4.6651258830169,0.200670695462152,0.0595920972022457,0.130664662579844,4.7361984483945,4.80402104473326,4.65396035015752
"78311",84,3.91202300542815,"unpaired",3.61091791264422,4.45434729625351,4.01052146748776,0.301105092783922,0.542324290825361,0.0984984620596117,3.43398720448515,3.58351893845611,3.8286413964891
"78311",85,4.15888308335967,"paired",3.66356164612965,3.66356164612965,3.66356164612965,0.495321437230025,0.495321437230025,0.495321437230025,4.35670882668959,4.55387689160054,4.4188406077966
"78311",87,3.91202300542815,"unpaired",3.87120101090789,4.33073334028633,4.09452552622266,0.0408219945202548,0.418710334858185,0.182502520794514,4.31748811353631,3.71357206670431,3.97029191355212
"78311",88,4.90527477843843,"unpaired",4.52178857704904,4.71849887129509,4.6190966970871,0.383486201389389,0.186775907143335,0.286178081351331,4.9416424226093,4.70048036579242,4.75359019110636
"78311",89,3.91202300542815,"paired",3.8286413964891,3.87120101090789,3.84986239292944,0.0833816089390509,0.0408219945202548,0.0621606124987069,3.68887945411394,4.35670882668959,3.66356164612965
"78311",90,5.01063529409626,"paired",4.97673374242057,5.04342511691925,5.00996845865754,0.0339015516756813,0.0327898228229913,0.000666835438710933,4.75359019110636,5.16478597392351,4.84418708645859
"78311",91,4.52178857704904,"unpaired",4.40671924726425,4.77068462446567,4.58509190281509,0.115069329784787,0.248896047416625,0.0633033257660474,3.91202300542815,4.29045944114839,4.72738781871234
"78311",93,4.35670882668959,"paired",4.39444915467244,4.4188406077966,4.40662800489944,0.0377403279828474,0.0621317811070066,0.0499191782098469,4.8283137373023,3.91202300542815,4.0943445622221
"78311",94,4.35670882668959,"paired",4.88280192258637,4.7361984483945,4.80894155605693,0.526093095896779,0.379489621704904,0.452232729367337,4.60517018598809,4.65396035015752,4.39444915467244
"78311",95,4.15888308335967,"unpaired",3.76120011569356,4.47733681447821,4.10367636938081,0.397682967666109,0.318453731118535,0.0552067139788601,4.35670882668959,3.95124371858143,4.34380542185368
"78311",96,4.52178857704904,"unpaired",4.18965474202643,4.69134788222914,4.43341041426089,0.332133835022615,0.169559305180103,0.0883781627881461,4.23410650459726,4.99043258677874,4.43081679884331
"78325",1,4.52178857704904,"paired",4.66343909411207,4.67282883446191,4.66813160340663,0.141650517063026,0.151040257412865,0.146343026357592,4.67282883446191,4.72738781871234,4.7361984483945
"78325",3,3.91202300542815,"unpaired",4.33073334028633,4.29045944114839,4.31054935558423,0.418710334858185,0.378436435720245,0.398526350156081,4.49980967033027,4.31748811353631,4.38202663467388
"78325",4,4.67282883446191,"unpaired",4.54329478227,4.48863636973214,4.51588288135459,0.129534052191902,0.184192464729766,0.15694595310732,4.31748811353631,5.04985600724954,4.87519732320115
"78325",5,3.91202300542815,"paired",4.00733318523247,4.20469261939097,4.10482694731306,0.0953101798043252,0.29266961396282,0.192803941884915,3.80666248977032,3.68887945411394,4.39444915467244
"78325",6,4.35670882668959,"paired",4.63472898822964,4.63472898822964,4.63472898822964,0.278020161540044,0.278020161540044,0.278020161540044,4.44265125649032,4.51085950651685,4.70048036579242
"78325",7,3.91202300542815,"unpaired",4.38202663467388,4.24849524204936,4.3147444081829,0.470003629245735,0.336472236621213,0.402721402754749,4.27666611901606,3.78418963391826,4.52178857704904
"78325",9,4.90527477843843,"paired",4.86753445045558,5.01727983681492,4.94183998661155,0.0377403279828474,0.112005058376495,0.0365652081731156,4.91265488573605,4.969813299576,4.75359019110636
"78325",10,3.91202300542815,"paired",4.52178857704904,4.55387689160054,4.53780437102867,0.609765571620895,0.641853886172395,0.625781365600524,3.63758615972639,3.97029191355212,4.53259949315326
"78325",11,4.67282883446191,"unpaired",4.70048036579242,4.71849887129509,4.70948100118647,0.0276515313305108,0.0456700368331884,0.0366521667245596,4.85203026391962,4.84418708645859,4.77912349311153
"78325",12,4.52178857704904,"unpaired",4.7361984483945,4.69134788222914,4.71371982203996,0.214409871345455,0.169559305180103,0.191931244990924,4.67282883446191,4.24849524204936,4.52178857704904
"78325",13,4.67282883446191,"paired",4.47733681447821,4.65396035015752,4.5647944103631,0.195492019983699,0.0188684843043827,0.108034424098809,4.60517018598809,4.63472898822964,4.87519732320115
"78325",15,4.79579054559674,"unpaired",4.78749174278205,4.78749174278205,4.78749174278205,0.00829880281469553,0.00829880281469553,0.00829880281469553,4.68213122712422,4.49980967033027,4.7361984483945
"78325",16,4.15888308335967,"unpaired",4.48863636973214,4.46590811865458,4.47725782206866,0.329753286372468,0.307025035294912,0.318374738708989,4.35670882668959,4.71849887129509,4.4188406077966
"78325",17,4.52178857704904,"paired",4.66343909411207,4.70048036579242,4.68192309835847,0.141650517063026,0.178691788743376,0.160134521309426,4.60517018598809,4.71849887129509,4.66343909411207
"78325",18,4.67282883446191,"paired",4.33073334028633,4.40671924726425,4.36856108637716,0.342095494175575,0.266109587197652,0.304267748084746,4.62497281328427,4.65396035015752,4.70048036579242
"78325",19,4.90527477843843,"unpaired",4.78749174278205,4.66343909411207,4.7250583230293,0.117783035656384,0.241835684326363,0.180216455409125,4.86753445045558,4.56434819146784,4.89783979995091
"78325",21,4.52178857704904,"paired",4.45434729625351,4.48863636973214,4.47145896519039,0.0674412807955331,0.0331522073169008,0.0503296118586496,4.65396035015752,4.83628190695148,4.7361984483945
"78325",22,4.52178857704904,"paired",4.52178857704904,4.51085950651685,4.51632073586907,0,0.0109290705321907,0.00546784117996779,4.54329478227,4.80402104473326,4.69134788222914
"78325",23,5.01063529409626,"unpaired",4.95582705760126,4.91265488573605,4.93419375454468,0.0548082364949947,0.0979804083602032,0.0764415395515714,4.77912349311153,5.02388052084628,4.97673374242057
"78325",24,4.67282883446191,"unpaired",4.65396035015752,4.89034912822175,4.77069082431166,0.0188684843043827,0.217520293759848,0.0978619898497533,4.64439089914137,4.60517018598809,4.33073334028633
"78325",25,4.67282883446191,"paired",4.81218435537242,4.84418708645859,4.82815920532382,0.139355520910511,0.171358251996685,0.155330370861912,4.97673374242057,4.36944785246702,4.69134788222914
"78325",27,4.79579054559674,"unpaired",4.71849887129509,4.83628190695148,4.77702739360111,0.0772916743016472,0.0404913613547366,0.0187631519956302,4.7361984483945,5.02388052084628,4.7361984483945
"78325",28,5.01063529409626,"unpaired",4.9272536851572,4.77068462446567,4.84833717852021,0.0833816089390504,0.23995066963059,0.16229811557605,4.98360662170834,4.66343909411207,4.72738781871234
"78325",29,4.15888308335967,"paired",4.39444915467244,4.4188406077966,4.40662800489944,0.235566071312768,0.259957524436927,0.247744921539767,4.29045944114839,4.33073334028633,4.51085950651685
"78325",30,4.67282883446191,"paired",4.77068462446567,4.8283137373023,4.79941268371917,0.0978557900037593,0.155484902840396,0.126583849257264,4.70953020131233,4.34380542185368,4.70048036579242
"78325",31,5.01063529409626,"unpaired",4.70048036579242,4.80402104473326,4.75196870755924,0.310154928303839,0.206614249362999,0.258666586537014,4.87519732320115,4.90527477843843,4.97673374242057
"78325",33,4.79579054559674,"paired",4.72738781871234,4.7361984483945,4.73179108287173,0.0684027268844005,0.0595920972022457,0.0639994627250102,5.03695260241363,4.969813299576,4.8283137373023
"78325",34,3.91202300542815,"paired",4.38202663467388,4.44265125649032,4.41223482313758,0.470003629245735,0.530628251062171,0.500211817709439,3.8286413964891,4.60517018598809,4.46590811865458
"78325",35,4.35670882668959,"unpaired",4.49980967033027,4.77068462446567,4.63326804828584,0.143100843640673,0.413975797776073,0.276559221596251,4.0943445622221,4.71849887129509,4.56434819146784
"78325",36,3.91202300542815,"unpaired",4.39444915467244,4.34380542185368,4.36905390950106,0.482426149244293,0.431782416425538,0.457030904072913,4.31748811353631,3.91202300542815,4.33073334028633
"78325",37,4.90527477843843,"paired",4.77068462446567,4.78749174278205,4.7790807951997,0.134590153972765,0.117783035656384,0.126193983238726,4.77912349311153,4.65396035015752,4.67282883446191
"78325",39,4.35670882668959,"unpaired",4.58496747867057,4.52178857704904,4.55326844927838,0.228258651980981,0.165079750359449,0.196559622588786,4.21950770517611,4.33073334028633,4.68213122712422
"78325",40,4.79579054559674,"unpaired",4.68213122712422,4.75359019110636,4.71772541324,0.113659318472521,0.0422003544903768,0.0780651323567456,4.33073334028633,4.79579054559674,4.72738781871234
"78325",41,3.91202300542815,"paired",4.14313472639153,4.07753744390572,4.11020522383099,0.231111720963387,0.165514438477574,0.198182218402843,4.00733318523247,4.12713438504509,4.54329478227
"78325",42,4.35670882668959,"paired",4.67282883446191,4.54329478227,4.60760663056772,0.316120007772314,0.186585955580412,0.250897803878126,4.43081679884331,4.88280192258637,4.70048036579242
"78325",43,4.15888308335967,"unpaired",4.47733681447821,4.53259949315326,4.50488341424951,0.318453731118535,0.373716409793585,0.346000330889839,4.29045944114839,4.69134788222914,4.48863636973214
"78325",45,4.79579054559674,"paired",4.82028156560504,4.85981240436167,4.84000662654952,0.0244910200082957,0.0640218587649306,0.0442160809527774,4.77912349311153,4.85203026391962,4.8283137373023
"78325",46,4.67282883446191,"paired",4.69134788222914,4.69134788222914,4.69134788222914,0.0185190477672377,0.0185190477672377,0.0185190477672377,4.39444915467244,4.39444915467244,4.77068462446567
"78325",47,4.79579054559674,"unpaired",4.8283137373023,4.7361984483945,4.78203429838944,0.0325231917055602,0.0595920972022457,0.0137562472073007,4.60517018598809,4.46590811865458,4.68213122712422
"78325",48,4.90527477843843,"unpaired",4.89783979995091,4.74493212836325,4.82077975294073,0.00743497848751851,0.160342650075179,0.0844950254976959,4.56434819146784,4.8283137373023,4.67282883446191
"78325",49,4.35670882668959,"paired",4.49980967033027,4.58496747867057,4.54218900957144,0.143100843640673,0.228258651980981,0.185480182881852,4.4188406077966,4.52178857704904,4.49980967033027
"78325",51,5.01063529409626,"unpaired",4.72738781871234,4.69134788222914,4.70933337445885,0.283247475383915,0.319287411867112,0.301301919637404,4.8283137373023,4.85203026391962,4.70048036579242
"78325",52,4.35670882668959,"unpaired",4.56434819146784,4.39444915467244,4.47859308841812,0.207639364778244,0.0377403279828474,0.121884261728524,4.15888308335967,4.38202663467388,4.49980967033027
"78325",53,3.91202300542815,"paired",4.54329478227,4.54329478227,4.54329478227,0.631271776841858,0.631271776841858,0.631271776841858,4.33073334028633,3.91202300542815,4.27666611901606
"78325",54,4.52178857704904,"paired",4.52178857704904,4.53259949315326,4.52719080804848,0,0.0108109161042158,0.00540223099944104,4.52178857704904,4.29045944114839,4.7361984483945
"78325",55,4.79579054559674,"unpaired",4.8283137373023,4.70048036579242,4.76396829566227,0.0325231917055602,0.0953101798043248,0.0318222499344714,4.47733681447821,4.71849887129509,4.70953020131233
"78325",57,4.15888308335967,"paired",4.48863636973214,4.49980967033027,4.49421954772092,0.329753286372468,0.340926586970594,0.335336464361246,4.34380542185368,4.02535169073515,4.48863636973214
"78325",58,4.79579054559674,"paired",4.79579054559674,4.83628190695148,4.8159936716319,0,0.0404913613547366,0.0202031260351543,4.31748811353631,4.48863636973214,4.71849887129509
"78325",59,4.90527477843843,"unpaired",4.89783979995091,4.83628190695148,4.86696353054442,0.00743497848751851,0.0689928714869517,0.038311247894006,5.01727983681492,4.89783979995091,4.75359019110636
"78325",60,5.01063529409626,"unpaired",4.82028156560504,4.94875989037817,4.88409828650033,0.190353728491218,0.0618754037180871,0.126537007595923,4.76217393479776,4.89783979995091,4.70048036579242
"78325",61,3.91202300542815,"paired",4.46590811865458,4.4188406077966,4.44231202701919,0.553885113226438,0.506817602368452,0.530289021591048,3.29583686600433,4.51085950651685,4.27666611901606
"78325",63,4.15888308335967,"unpaired",4.4188406077966,4.45434729625351,4.43655843125209,0.259957524436927,0.295464212893836,0.277675347892417,4.23410650459726,3.58351893845611,4.68213122712422
"78325",64,4.90527477843843,"unpaired",4.64439089914137,4.78749174278205,4.7153985070078,0.260883879297057,0.117783035656384,0.189876271430628,4.87519732320115,4.69134788222914,4.89783979995091
"78325",65,4.67282883446191,"paired",4.74493212836325,4.78749174278205,4.76616443113331,0.0721032939013444,0.11466290832014,0.0933355966714027,4.70953020131233,4.27666611901606,4.69134788222914
"78325",66,4.15888308335967,"paired",4.30406509320417,4.30406509320417,4.30406509320417,0.145182009844499,0.145182009844499,0.145182009844499,4.30406509320417,4.46590811865458,4.43081679884331
"78325",67,4.67282883446191,"unpaired",4.77912349311153,4.78749174278205,4.78330578794699,0.106294658649624,0.11466290832014,0.11047695348508,4.68213122712422,4.62497281328427,4.47733681447821
"78325",69,4.79579054559674,"paired",4.90527477843843,4.91998092582813,4.91262234920036,0.109484232841688,0.124190380231384,0.116831803603618,4.77068462446567,4.74493212836325,4.72738781871234
"78325",70,4.52178857704904,"paired",4.44265125649032,4.47733681447821,4.4599603164795,0.0791373205587238,0.0444517625708336,0.0618282605695368,4.77068462446567,4.14313472639153,4.69134788222914
"78325",71,4.67282883446191,"unpaired",4.87519732320115,4.77912349311153,4.82692138540344,0.202368488739245,0.106294658649624,0.154092550941535,4.43081679884331,4.57471097850338,4.74493212836325
"78325",72,3.91202300542815,"unpaired",4.51085950651685,4.12713438504509,4.31473329134643,0.598836501088704,0.215111379616946,0.402710285918288,3.61091791264422,3.68887945411394,4.38202663467388
"78325",73,4.35670882668959,"paired",4.53259949315326,4.55387689160054,4.54322573627494,0.175890666463665,0.197168064910949,0.186516909585344,4.34380542185368,4.65396035015752,4.70048036579242
"78325",75,4.52178857704904,"unpaired",4.69134788222914,4.70048036579242,4.69591190393516,0.169559305180103,0.178691788743376,0.174123326886118,4.17438726989564,4.72738781871234,4.52178857704904
"78325",76,4.15888308335967,"unpaired",4.51085950651685,4.48863636973214,4.49973421878487,0.351976423157178,0.329753286372468,0.340851135425201,4.40671924726425,4.34380542185368,4.48863636973214
"78325",77,4.90527477843843,"paired",4.67282883446191,4.66343909411207,4.66813160340663,0.232445943976524,0.241835684326363,0.237143175031797,4.91998092582813,4.7361984483945,4.86753445045558
"78325",78,4.15888308335967,"paired",4.63472898822964,4.62497281328427,4.62984833093943,0.475845904869964,0.466089729924599,0.470965247579754,4.35670882668959,4.02535169073515,4.48863636973214
"78325",79,3.91202300542815,"unpaired",4.47733681447821,4.4188406077966,4.44799255064562,0.565313809050061,0.506817602368452,0.535969545217478,4.26267987704132,4.58496747867057,4.53259949315326
"78325",81,4.79579054559674,"paired",4.70953020131233,4.75359019110636,4.73150891045103,0.0862603442844074,0.0422003544903768,0.0642816351457114,5.01727983681492,4.4188406077966,4.8283137373023
"78325",82,4.15888308335967,"paired",4.43081679884331,4.57471097850338,4.50218905127336,0.271933715483642,0.415827895143711,0.343305967913688,4.24849524204936,4.60517018598809,4.51085950651685
"78325",83,4.79579054559674,"unpaired",4.7361984483945,4.84418708645859,4.78988844991382,0.0595920972022457,0.0483965408618499,0.0059020956829201,4.86753445045558,4.46590811865458,4.79579054559674
"78325",84,3.91202300542815,"unpaired",4.53259949315326,4.44265125649032,4.48740000818121,0.62057648772511,0.530628251062171,0.57537700275306,3.49650756146648,4.48863636973214,4.40671924726425
"78325",85,4.15888308335967,"paired",4.68213122712422,4.53259949315326,4.60675868989686,0.523248143764548,0.373716409793585,0.447875606537193,3.40119738166216,4.8283137373023,4.48863636973214
"78325",87,3.91202300542815,"unpaired",4.40671924726425,4.33073334028633,4.36856108637716,0.494696241836107,0.418710334858185,0.456538080949013,4.77068462446567,4.33073334028633,4.47733681447821
"78325",88,4.90527477843843,"unpaired",4.75359019110636,4.9416424226093,4.84670433883383,0.151684587332065,0.0363676441708742,0.0585704396045994,4.7361984483945,4.40671924726425,4.89783979995091
"78325",89,3.91202300542815,"paired",4.27666611901606,4.48863636973214,4.38136954421978,0.364643113587909,0.576613364303994,0.469346538791637,4.60517018598809,3.61091791264422,4.38202663467388
"78325",90,5.01063529409626,"paired",4.97673374242057,4.99043258677874,4.98357845768449,0.0339015516756813,0.0202027073175195,0.0270568364117647,5.06890420222023,4.74493212836325,4.9272536851572
"78325",91,4.52178857704904,"unpaired",4.69134788222914,4.51085950651685,4.60021860273303,0.169559305180103,0.0109290705321907,0.0784300256839892,3.87120101090789,4.43081679884331,4.52178857704904
"78325",93,4.35670882668959,"paired",4.68213122712422,4.69134788222914,4.68673728906242,0.325422400434628,0.334639055539552,0.330028462372828,3.52636052461616,4.43081679884331,4.53259949315326
"78325",94,4.35670882668959,"paired",4.70048036579242,4.67282883446191,4.68663420687991,0.343771539102825,0.316120007772314,0.329925380190315,4.68213122712422,4.49980967033027,4.63472898822964
"78325",95,4.15888308335967,"unpaired",4.44265125649032,4.68213122712422,4.56081968282413,0.283768173130645,0.523248143764548,0.401936599464455,4.36944785246702,4.48863636973214,4.4188406077966
"78325",96,4.52178857704904,"unpaired",4.7361984483945,4.80402104473326,4.76998920524147,0.214409871345455,0.282232467684216,0.24820062819243,4.54329478227,4.86753445045558,4.52178857704904
"78328",1,4.52178857704904,"paired",4.52178857704904,4.64439089914137,4.5826797526216,0,0.122602322092332,0.0608911755725607,4.74493212836325,4.70048036579242,4.72738781871234
"78328",3,3.91202300542815,"unpaired",4.49980967033027,4.24849524204936,4.37234719281598,0.587786664902119,0.336472236621213,0.460324187387839,4.31748811353631,3.80666248977032,4.51085950651685
"78328",4,4.67282883446191,"unpaired",4.68213122712422,4.47733681447821,4.57858914005409,0.00930239266231414,0.195492019983699,0.0942396944078112,4.75359019110636,4.4188406077966,4.76217393479776
"78328",5,3.91202300542815,"paired",3.66356164612965,3.68887945411394,3.67619875486725,0.2484613592985,0.22314355131421,0.235824250560901,4.14313472639153,4.34380542185368,3.80666248977032
"78328",6,4.35670882668959,"paired",4.44265125649032,4.52178857704904,4.48204525896498,0.085942429800725,0.165079750359449,0.125336432275391,4.54329478227,4.56434819146784,4.72738781871234
"78328",7,3.91202300542815,"unpaired",3.91202300542815,4.00733318523247,3.95939131825147,0,0.0953101798043252,0.0473683128233198,3.80666248977032,4.35670882668959,3.66356164612965
"78328",9,4.90527477843843,"paired",4.93447393313069,4.40671924726425,4.66313641836165,0.0291991546922619,0.498555531174176,0.242138360076775,4.88280192258637,5.06890420222023,4.89783979995091
"78328",10,3.91202300542815,"paired",4.40671924726425,4.45434729625351,4.43046927135262,0.494696241836107,0.542324290825361,0.518446265924474,4.34380542185368,3.87120101090789,3.78418963391826
"78328",11,4.67282883446191,"unpaired",4.91265488573605,4.91998092582813,4.91631654117162,0.239826051274147,0.247152091366219,0.243487706709719,4.71849887129509,4.77068462446567,4.78749174278205
"78328",12,4.52178857704904,"unpaired",4.90527477843843,4.94875989037817,4.92696936004475,0.383486201389389,0.426971313329128,0.405180782995708,4.58496747867057,4.47733681447821,4.72738781871234
"78328",13,4.67282883446191,"paired",4.70048036579242,4.74493212836325,4.72265394734667,0.0276515313305108,0.0721032939013444,0.049825112884764,4.60517018598809,4.79579054559674,4.78749174278205
"78328",15,4.79579054559674,"unpaired",4.79579054559674,4.91998092582813,4.8574888583097,0,0.124190380231384,0.061698312712954,4.70953020131233,4.65396035015752,4.89783979995091
"78328",16,4.15888308335967,"unpaired",4.39444915467244,4.68213122712422,4.53601009843469,0.235566071312768,0.523248143764548,0.377127015075016,4.57471097850338,4.0943445622221,4.40671924726425
"78328",17,4.52178857704904,"paired",4.7361984483945,4.67282883446191,4.70440694194194,0.214409871345455,0.151040257412865,0.182618364892902,4.43081679884331,4.53259949315326,4.52178857704904
"78328",18,4.67282883446191,"paired",4.38202663467388,4.75359019110636,4.56402879348417,0.290802199788025,0.0807613566444587,0.108800040977734,4.56434819146784,4.54329478227,4.35670882668959
"78328",19,4.90527477843843,"unpaired",4.84418708645859,4.93447393313069,4.88912209965534,0.0610876919798384,0.0291991546922619,0.016152678783091,4.8283137373023,4.78749174278205,4.67282883446191
"78328",21,4.52178857704904,"paired",4.75359019110636,4.83628190695148,4.79475778682404,0.231801614057324,0.314493329902438,0.272969209774995,4.72738781871234,4.65396035015752,4.90527477843843
"78328",22,4.52178857704904,"paired",4.78749174278205,4.83628190695148,4.81182498593791,0.265703165733005,0.314493329902438,0.290036408888874,4.80402104473326,4.49980967033027,4.52178857704904
"78328",23,5.01063529409626,"unpaired",5.05624580534831,4.91998092582813,4.98764803475668,0.0456105112520522,0.0906543682681304,0.0229872593395779,5.09375020080676,4.70048036579242,5.06890420222023
"78328",24,4.67282883446191,"unpaired",4.94875989037817,4.79579054559674,4.87167485519138,0.275931055916263,0.122961711134836,0.198846020729477,4.85981240436167,4.70953020131233,4.81218435537242
"78328",25,4.67282883446191,"paired",4.77912349311153,4.77912349311153,4.77912349311153,0.106294658649624,0.106294658649624,0.106294658649624,4.71849887129509,4.66343909411207,4.68213122712422
"78328",27,4.79579054559674,"unpaired",4.79579054559674,4.8283137373023,4.81202466458031,0,0.0325231917055602,0.0162341189835686,4.4188406077966,4.70048036579242,5.01727983681492
"78328",28,5.01063529409626,"unpaired",5.06259503302697,4.9416424226093,5.00175313102288,0.0519597389307114,0.0689928714869517,0.00888216307337331,4.69134788222914,4.70953020131233,5.01063529409626
"78328",29,4.15888308335967,"paired",3.97029191355212,3.80666248977032,3.88761640349936,0.18859116980755,0.352220593589352,0.271266679860314,3.55534806148941,4.67282883446191,4.14313472639153
"78328",30,4.67282883446191,"paired",4.78749174278205,4.90527477843843,4.84602543305862,0.11466290832014,0.232445943976524,0.173196598596717,4.67282883446191,4.67282883446191,4.68213122712422
"78328",31,5.01063529409626,"unpaired",4.80402104473326,4.94875989037817,4.87585342875568,0.206614249362999,0.0618754037180871,0.134781865340572,4.86753445045558,4.85203026391962,5.06890420222023
"78328",33,4.79579054559674,"paired",4.89783979995091,4.99721227376411,4.94727654000108,0.10204925435417,0.201421728167373,0.151485994404339,4.9272536851572,4.86753445045558,4.79579054559674
"78328",34,3.91202300542815,"paired",4.51085950651685,4.34380542185368,4.42654447415003,0.598836501088704,0.431782416425538,0.51452146872188,3.66356164612965,3.91202300542815,3.63758615972639
"78328",35,4.35670882668959,"unpaired",4.06044301054642,4.44265125649032,4.24724996235345,0.296265816143173,0.085942429800725,0.109458864336142,4.56434819146784,4.4188406077966,4.31748811353631
"78328",36,3.91202300542815,"unpaired",4.17438726989564,4.12713438504509,4.15069358518318,0.262364264467491,0.215111379616946,0.238670579755033,4.40671924726425,4.14313472639153,3.63758615972639
"78328",37,4.90527477843843,"paired",4.89783979995091,4.969813299576,4.93369530646033,0.00743497848751851,0.0645385211375711,0.0284205280219005,4.72738781871234,4.60517018598809,4.67282883446191
"78328",39,4.35670882668959,"unpaired",4.72738781871234,4.71849887129509,4.72294125379179,0.370678992022749,0.361790044605502,0.366232427102197,4.33073334028633,4.21950770517611,4.31748811353631
"78328",40,4.79579054559674,"unpaired",4.97673374242057,4.9416424226093,4.95915704405261,0.180943196823833,0.145851877012563,0.163366498455873,4.74493212836325,4.66343909411207,4.79579054559674
"78328",41,3.91202300542815,"paired",3.80666248977032,3.73766961828337,3.77200831588074,0.105360515657826,0.174353387144778,0.140014689547407,3.91202300542815,4.12713438504509,4.18965474202643
"78328",42,4.35670882668959,"paired",4.55387689160054,4.51085950651685,4.53231716321615,0.197168064910949,0.154150679827258,0.175608336526559,4.55387689160054,4.0943445622221,4.52178857704904
"78328",43,4.15888308335967,"unpaired",3.93182563272433,4.34380542185368,4.13268502322778,0.227057450635346,0.184922338494013,0.0261980601318887,4.29045944114839,4.31748811353631,4.20469261939097
"78328",45,4.79579054559674,"paired",4.89783979995091,4.99721227376411,4.94727654000108,0.10204925435417,0.201421728167373,0.151485994404339,4.71849887129509,5.00394630594546,5.05624580534831
"78328",46,4.67282883446191,"paired",4.81218435537242,4.67282883446191,4.74199470819303,0.139355520910511,0,0.0691658737311265,4.36944785246702,4.65396035015752,4.94875989037817
"78328",47,4.79579054559674,"unpaired",5.01063529409626,4.77912349311153,4.89351048322462,0.214844748499514,0.0166670524852117,0.0977199376278746,4.98360662170834,4.57471097850338,5.05624580534831
"78328",48,4.90527477843843,"unpaired",5.11799381241676,4.97673374242057,5.04686957427614,0.212719033978326,0.0714589639821446,0.141594795837706,5.08759633523238,4.96284463025991,5.06259503302697
"78328",49,4.35670882668959,"paired",3.78418963391826,4.00733318523247,3.89416341454918,0.572519192771331,0.34937564145712,0.462545412140408,4.48863636973214,4.75359019110636,4.18965474202643
"78328",51,5.01063529409626,"unpaired",5.06890420222023,5.01063529409626,5.03968553562993,0.058268908123976,0,0.0290502415336729,4.79579054559674,5.0998664278242,4.9416424226093
"78328",52,4.35670882668959,"unpaired",4.18965474202643,4.72738781871234,4.45040703667273,0.167054084663167,0.370678992022749,0.0936982099831347,4.14313472639153,4.57471097850338,4.44265125649032
"78328",53,3.91202300542815,"paired",3.63758615972639,3.58351893845611,3.61045134209635,0.27443684570176,0.328504066972036,0.301571663331795,3.93182563272433,3.2188758248682,4.06044301054642
"78328",54,4.52178857704904,"paired",4.72738781871234,4.66343909411207,4.69530458722459,0.2055992416633,0.141650517063026,0.173516010175551,4.30406509320417,4.39444915467244,4.72738781871234
"78328",55,4.79579054559674,"unpaired",4.69134788222914,4.9272536851572,4.80785410979451,0.104442663367598,0.131463139560464,0.0120635641977733,4.21950770517611,4.78749174278205,4.97673374242057
"78328",57,4.15888308335967,"paired",4.46590811865458,4.46590811865458,4.46590811865458,0.307025035294912,0.307025035294912,0.307025035294912,4.74493212836325,3.93182563272433,4.40671924726425
"78328",58,4.79579054559674,"paired",5.02388052084628,5.07517381523383,5.0494620377088,0.228089975249535,0.279383269637085,0.253671492112058,4.68213122712422,4.4188406077966,4.79579054559674
"78328",59,4.90527477843843,"unpaired",4.84418708645859,5.04342511691925,4.94280232488627,0.0610876919798384,0.138150338480817,0.0375275464478415,4.77912349311153,4.67282883446191,4.74493212836325
"78328",60,5.01063529409626,"unpaired",4.9416424226093,5.12989871492307,5.03489077471923,0.0689928714869517,0.119263420826818,0.0242554806229744,4.89034912822175,4.78749174278205,4.80402104473326
"78328",61,3.91202300542815,"paired",4.06044301054642,3.8286413964891,3.94283910377571,0.148420005118273,0.0833816089390509,0.0308160983475623,3.66356164612965,3.97029191355212,3.66356164612965
"78328",63,4.15888308335967,"unpaired",4.20469261939097,4.82028156560504,4.50197760126434,0.0458095360312942,0.661398482245366,0.343094517904669,4.18965474202643,4.24849524204936,4.23410650459726
"78328",64,4.90527477843843,"unpaired",4.74493212836325,4.90527477843843,4.82443736560673,0.160342650075179,0,0.0808374128316967,4.90527477843843,4.77068462446567,4.84418708645859
"78328",65,4.67282883446191,"paired",4.35670882668959,4.51085950651685,4.43311419072401,0.316120007772314,0.161969327945056,0.239714643737893,4.85981240436167,4.79579054559674,4.77912349311153
"78328",66,4.15888308335967,"paired",3.89182029811063,4.12713438504509,4.00775066249746,0.267062785249045,0.0317486983145798,0.151132420862215,4.46590811865458,4.00733318523247,4.23410650459726
"78328",67,4.67282883446191,"unpaired",4.68213122712422,4.31748811353631,4.49611453581045,0.00930239266231414,0.355340720925596,0.176714298651458,4.78749174278205,4.87519732320115,4.76217393479776
"78328",69,4.79579054559674,"paired",5.05624580534831,5.03695260241363,5.0465899841073,0.260455259751566,0.241162056816888,0.250799438510563,4.60517018598809,4.49980967033027,4.79579054559674
"78328",70,4.52178857704904,"paired",4.55387689160054,4.66343909411207,4.60833240186334,0.0320883145515003,0.141650517063026,0.0865438248142949,4.33073334028633,4.36944785246702,4.7361984483945
"78328",71,4.67282883446191,"unpaired",4.76217393479776,4.76217393479776,4.76217393479776,0.0893451003358505,0.0893451003358505,0.0893451003358505,4.77912349311153,4.70953020131233,4.77912349311153
"78328",72,3.91202300542815,"unpaired",4.04305126783455,4.04305126783455,4.04305126783455,0.131028262406404,0.131028262406404,0.131028262406404,4.57471097850338,4.46590811865458,3.78418963391826
"78328",73,4.35670882668959,"paired",4.29045944114839,4.30406509320417,4.29725688253042,0.0662493855412007,0.0526437334854215,0.0594519441591723,3.61091791264422,4.29045944114839,4.18965474202643
"78328",75,4.52178857704904,"unpaired",4.51085950651685,4.53259949315326,4.52171643437797,0.0109290705321907,0.0108109161042158,7.21426710708073e-05,4.69134788222914,4.66343909411207,4.7361984483945
"78328",76,4.15888308335967,"unpaired",4.40671924726425,3.93182563272433,4.16250545856858,0.247836163904582,0.227057450635346,0.00362237520891018,4.11087386417331,4.31748811353631,4.0943445622221
"78328",77,4.90527477843843,"paired",4.67282883446191,4.45434729625351,4.56228040399106,0.232445943976524,0.450927482184922,0.342994374447371,4.95582705760126,4.51085950651685,4.93447393313069
"78328",78,4.15888308335967,"paired",4.0943445622221,3.71357206670431,3.89931322129047,0.0645385211375711,0.445311016655364,0.2595698620692,4.48863636973214,3.40119738166216,3.89182029811063
"78328",79,3.91202300542815,"unpaired",3.68887945411394,3.68887945411394,3.68887945411394,0.22314355131421,0.22314355131421,0.22314355131421,3.8286413964891,3.66356164612965,4.18965474202643
"78328",81,4.79579054559674,"paired",5.01727983681492,5.06259503302697,5.03988650479012,0.221489291218183,0.266804487430226,0.24409595919338,4.7361984483945,4.70048036579242,4.69134788222914
"78328",82,4.15888308335967,"paired",4.14313472639153,4.07753744390572,4.11020522383099,0.0157483569681389,0.0813456394539518,0.0486778595286825,4.69134788222914,4.33073334028633,4.0943445622221
"78328",83,4.79579054559674,"unpaired",5.06890420222023,4.80402104473326,4.93468564968457,0.27311365662349,0.00823049913651541,0.13889510408783,4.83628190695148,4.8283137373023,5.01063529409626
"78328",84,3.91202300542815,"unpaired",4.18965474202643,4.45434729625351,4.31997422126349,0.277631736598279,0.542324290825361,0.407951215835344,3.2188758248682,3.8286413964891,3.80666248977032
"78328",85,4.15888308335967,"paired",4.23410650459726,4.27666611901606,4.2553331047659,0.0752234212375882,0.117783035656384,0.0964500214062287,4.20469261939097,4.48863636973214,4.40671924726425
"78328",87,3.91202300542815,"unpaired",4.44265125649032,3.93182563272433,4.17944136069925,0.530628251062171,0.0198026272961798,0.267418355271099,4.21950770517611,3.36729582998647,3.68887945411394
"78328",88,4.90527477843843,"unpaired",5.06259503302697,5.06890420222023,5.06574863539928,0.157320254588537,0.163629423781802,0.16047385696085,4.54329478227,4.48863636973214,4.84418708645859
"78328",89,3.91202300542815,"paired",3.78418963391826,3.93182563272433,3.85730136257585,0.127833371509885,0.0198026272961798,0.0547216428522974,4.53259949315326,4.39444915467244,4.40671924726425
"78328",90,5.01063529409626,"paired",5.01063529409626,5.04342511691925,5.02700347065398,0,0.0327898228229913,0.0163681765577204,4.75359019110636,4.9272536851572,5.06890420222023
"78328",91,4.52178857704904,"unpaired",4.23410650459726,4.71849887129509,4.46974571568511,0.287682072451781,0.196710294246054,0.0520428613639314,4.30406509320417,4.4188406077966,4.72738781871234
"78328",93,4.35670882668959,"paired",4.31748811353631,4.39444915467244,4.35579866279858,0.0392207131532816,0.0377403279828474,0.000910163891006732,4.21950770517611,4.26267987704132,4.29045944114839
"78328",94,4.35670882668959,"paired",4.52178857704904,4.57471097850338,4.54817280299434,0.165079750359449,0.218002151813791,0.191463976304753,4.33073334028633,4.60517018598809,4.29045944114839
"78328",95,4.15888308335967,"unpaired",4.43081679884331,4.40671924726425,4.41875159615978,0.271933715483642,0.247836163904582,0.25986851280011,4.71849887129509,4.31748811353631,4.0943445622221
"78328",96,4.52178857704904,"unpaired",4.72738781871234,4.97673374242057,4.85045878973254,0.2055992416633,0.454945165371534,0.328670212683504,4.06044301054642,4.55387689160054,4.23410650459726
"78443",1,4.52178857704904,"paired",4.57471097850338,4.62497281328427,4.59977324486884,0.0529224014543423,0.10318423623523,0.0779846678198011,4.53259949315326,4.49980967033027,4.14313472639153
"78443",3,3.91202300542815,"unpaired",4.21950770517611,4.53259949315326,4.37325262085756,0.307484699747961,0.62057648772511,0.46122961542941,3.68887945411394,4.21950770517611,3.87120101090789
"78443",4,4.67282883446191,"unpaired",4.29045944114839,4.17438726989564,4.23202543389491,0.382369393313515,0.498441564566269,0.440803400566996,4.66343909411207,4.53259949315326,4.40671924726425
"78443",5,3.91202300542815,"paired",3.87120101090789,3.91202300542815,3.89155848129106,0.0408219945202548,0,0.020464524137088,3.66356164612965,3.8286413964891,3.58351893845611
"78443",6,4.35670882668959,"paired",4.02535169073515,4.36944785246702,4.1938722322583,0.331357135954442,0.0127390257774298,0.162836594431295,4.60517018598809,4.4188406077966,4.02535169073515
"78443",7,3.91202300542815,"unpaired",3.58351893845611,4.70048036579242,4.1041759721847,0.328504066972036,0.788457360364271,0.192152966756554,4.14313472639153,3.78418963391826,3.87120101090789
"78443",9,4.90527477843843,"paired",4.59511985013459,4.77068462446567,4.68207941160913,0.31015492830384,0.134590153972765,0.223195366829304,4.84418708645859,4.76217393479776,4.38202663467388
"78443",10,3.91202300542815,"paired",4.31748811353631,4.07753744390572,4.19579783194593,0.405465108108164,0.165514438477574,0.283774826517785,3.55534806148941,4.68213122712422,3.89182029811063
"78443",11,4.67282883446191,"unpaired",4.49980967033027,4.00733318523247,4.24643810965666,0.173019164131641,0.665495649229435,0.426390724805242,4.63472898822964,3.89182029811063,4.65396035015752
"78443",12,4.52178857704904,"unpaired",4.44265125649032,3.95124371858143,4.18974914178107,0.0791373205587238,0.570544858467613,0.332039435267967,4.77912349311153,4.54329478227,4.18965474202643
"78443",13,4.67282883446191,"paired",4.65396035015752,4.70953020131233,4.68166282689997,0.0188684843043827,0.0367013668504281,0.00883399243805982,4.55387689160054,4.52178857704904,4.29045944114839
"78443",15,4.79579054559674,"unpaired",4.57471097850338,4.46590811865458,4.51998217910165,0.221079567093359,0.329882426942158,0.27580836649509,4.75359019110636,4.82028156560504,3.91202300542815
"78443",16,4.15888308335967,"unpaired",4.24849524204936,3.63758615972639,3.93119161223949,0.0896121586896879,0.521296923633286,0.227691471120178,4.18965474202643,4.21950770517611,4.31748811353631
"78443",17,4.52178857704904,"paired",4.18965474202643,4.54329478227,4.36289313746755,0.332133835022615,0.0215062052209634,0.158895439581491,4.43081679884331,4.69134788222914,4.36944785246702
"78443",18,4.67282883446191,"paired",4.21950770517611,4.11087386417331,4.16483660482454,0.453321129285799,0.561954970288594,0.50799222963737,4.65396035015752,4.76217393479776,4.45434729625351
"78443",19,4.90527477843843,"unpaired",4.71849887129509,4.47733681447821,4.59633644390001,0.186775907143335,0.427937963960223,0.308938334538419,4.43081679884331,4.81218435537242,4.17438726989564
"78443",21,4.52178857704904,"paired",4.14313472639153,4.33073334028633,4.2358956187425,0.378653850657508,0.191055236762709,0.285892958306542,4.14313472639153,4.58496747867057,4.21950770517611
"78443",22,4.52178857704904,"paired",4.17438726989564,4.46590811865458,4.31768803864236,0.347401307153404,0.0558804583944568,0.204100538406685,4.34380542185368,4.66343909411207,4.18965474202643
"78443",23,5.01063529409626,"unpaired",4.7361984483945,4.54329478227,4.63874397853406,0.27443684570176,0.467340511826252,0.371891315562195,4.70953020131233,4.95582705760126,4.67282883446191
"78443",24,4.67282883446191,"unpaired",4.40671924726425,4.71849887129509,4.55994515255729,0.266109587197652,0.0456700368331884,0.112883681904613,4.74493212836325,4.54329478227,4.21950770517611
"78443",25,4.67282883446191,"paired",4.64439089914137,4.56434819146784,4.60419560846035,0.0284379353205333,0.10848064299407,0.0686332260015527,4.79579054559674,4.67282883446191,4.45434729625351
"78443",27,4.79579054559674,"unpaired",4.46590811865458,4.40671924726425,4.436214970331,0.329882426942158,0.389071298332488,0.359575575265746,4.70953020131233,4.70953020131233,3.78418963391826
"78443",28,5.01063529409626,"unpaired",4.30406509320417,4.7361984483945,4.51496471926664,0.706570200892085,0.27443684570176,0.495670574829615,4.97673374242057,4.83628190695148,4.67282883446191
"78443",29,4.15888308335967,"paired",4.31748811353631,4.15888308335967,4.23744360174771,0.158605030176639,0,0.0785605183880405,3.55534806148941,3.91202300542815,3.93182563272433
"78443",30,4.67282883446191,"paired",4.52178857704904,4.44265125649032,4.48204525896498,0.151040257412865,0.230177577971589,0.190783575496923,4.49980967033027,4.54329478227,4.43081679884331
"78443",31,5.01063529409626,"unpaired",4.36944785246702,4.46590811865458,4.41741470074639,0.641187441629234,0.544727175441672,0.593220593349868,4.66343909411207,4.89034912822175,4.7361984483945
"78443",33,4.79579054559674,"paired",4.07753744390572,4.24849524204936,4.16213868458411,0.718253101691022,0.547295303547382,0.63365186101263,4.7361984483945,4.7361984483945,4.57471097850338
"78443",34,3.91202300542815,"paired",4.47733681447821,4.46590811865458,4.47161881534297,0.565313809050061,0.553885113226438,0.559595809914824,3.49650756146648,3.63758615972639,4.31748811353631
"78443",35,4.35670882668959,"unpaired",4.0943445622221,4.33073334028633,4.21088049013924,0.262364264467491,0.0259754864032606,0.14582833655035,4.71849887129509,4.40671924726425,4.12713438504509
"78443",36,3.91202300542815,"unpaired",3.87120101090789,4.04305126783455,3.9561931392683,0.0408219945202548,0.131028262406404,0.0441701338401508,4.00733318523247,3.76120011569356,4.53259949315326
"78443",37,4.90527477843843,"paired",4.72738781871234,4.83628190695148,4.78152487965725,0.177886959726089,0.0689928714869517,0.123749898781178,4.43081679884331,4.77912349311153,4.71849887129509
"78443",39,4.35670882668959,"unpaired",4.02535169073515,4.0943445622221,4.05970156612441,0.331357135954442,0.262364264467491,0.297007260565181,4.67282883446191,4.43081679884331,4.29045944114839
"78443",40,4.79579054559674,"unpaired",4.43081679884331,4.30406509320417,4.36698109891538,0.364973746753428,0.491725452392571,0.428809446681365,4.58496747867057,4.76217393479776,3.97029191355212
"78443",41,3.91202300542815,"paired",3.78418963391826,3.76120011569356,3.77267736347806,0.127833371509885,0.150822889734584,0.139345641950089,3.25809653802148,3.58351893845611,3.87120101090789
"78443",42,4.35670882668959,"paired",4.31748811353631,4.18965474202643,4.25309117566507,0.0392207131532816,0.167054084663167,0.103617651024518,4.39444915467244,4.83628190695148,4.29045944114839
"78443",43,4.15888308335967,"unpaired",4.12713438504509,3.80666248977032,3.9636608903629,0.0317486983145798,0.352220593589352,0.195222192996768,3.85014760171006,3.87120101090789,3.93182563272433
"78443",45,4.79579054559674,"paired",3.78418963391826,4.24849524204936,4.0096273710551,1.01160091167848,0.547295303547382,0.78616317454164,4.68213122712422,5.01727983681492,4.57471097850338
"78443",46,4.67282883446191,"paired",3.93182563272433,4.20469261939097,4.06597075968928,0.74100320173758,0.46813621507094,0.606858074772631,4.93447393313069,4.79579054559674,4.64439089914137
"78443",47,4.79579054559674,"unpaired",3.97029191355212,4.27666611901606,4.12063258605906,0.825498632044619,0.519124426580686,0.675157959537682,4.55387689160054,5.03695260241363,4.07753744390572
"78443",48,4.90527477843843,"unpaired",4.56434819146784,4.52178857704904,4.54301854650118,0.340926586970594,0.383486201389389,0.362256231937248,4.74493212836325,4.95582705760126,4.38202663467388
"78443",49,4.35670882668959,"paired",4.21950770517611,4.18965474202643,4.20455472862563,0.137201121513485,0.167054084663167,0.152154098063965,4.4188406077966,4.30406509320417,4.02535169073515
"78443",51,5.01063529409626,"unpaired",4.14313472639153,4.20469261939097,4.1738001875031,0.867500567704723,0.80594267470529,0.836835106593159,5.0998664278242,4.969813299576,4.7361984483945
"78443",52,4.35670882668959,"unpaired",4.02535169073515,4.44265125649032,4.2288572625072,0.331357135954442,0.085942429800725,0.127851564182387,4.20469261939097,4.75359019110636,4.0943445622221
"78443",53,3.91202300542815,"paired",4.14313472639153,3.85014760171006,3.99395546174191,0.231111720963387,0.0618754037180875,0.0819324563137629,3.46573590279973,4.48863636973214,3.87120101090789
"78443",54,4.52178857704904,"paired",4.21950770517611,4.48863636973214,4.35199215851987,0.302280871872934,0.0331522073169008,0.169796418529166,4.45434729625351,4.70953020131233,4.43081679884331
"78443",55,4.79579054559674,"unpaired",4.00733318523247,4.52178857704904,4.25679614515585,0.78845736036427,0.274001968547701,0.538994400440887,4.81218435537242,4.7361984483945,4.07753744390572
"78443",57,4.15888308335967,"paired",4.24849524204936,4.26267987704132,4.25558164955034,0.0896121586896879,0.103796793681644,0.0966985661906667,4.07753744390572,4.43081679884331,4.21950770517611
"78443",58,4.79579054559674,"paired",4.35670882668959,4.26267987704132,4.30943790367816,0.43908171890715,0.533110668555426,0.486352641918582,4.53259949315326,4.98360662170834,4.00733318523247
"78443",59,4.90527477843843,"unpaired",4.38202663467388,4.47733681447821,4.42942537734291,0.523248143764548,0.427937963960223,0.475849401095516,4.60517018598809,4.89034912822175,4.17438726989564
"78443",60,5.01063529409626,"unpaired",4.67282883446191,4.49980967033027,4.58550328503969,0.33780645963435,0.51082562376599,0.425132009056566,4.59511985013459,4.98360662170834,4.14313472639153
"78443",61,3.91202300542815,"paired",4.45434729625351,4.17438726989564,4.31209585343075,0.542324290825361,0.262364264467491,0.400072848002606,4.04305126783455,3.71357206670431,3.58351893845611
"78443",63,4.15888308335967,"unpaired",4.0943445622221,3.91202300542815,4.00214568944741,0.0645385211375711,0.246860077931526,0.156737393912261,4.24849524204936,4.48863636973214,4.24849524204936
"78443",64,4.90527477843843,"unpaired",4.64439089914137,4.56434819146784,4.60419560846035,0.260883879297057,0.340926586970594,0.301079169978077,4.83628190695148,4.77068462446567,4.67282883446191
"78443",65,4.67282883446191,"paired",4.31748811353631,4.65396035015752,4.48256829202572,0.355340720925596,0.0188684843043827,0.190260542436184,4.54329478227,4.67282883446191,4.45434729625351
"78443",66,4.15888308335967,"paired",4.46590811865458,3.71357206670431,4.07240366883044,0.307025035294912,0.445311016655364,0.0864794145292285,4.18965474202643,4.00733318523247,4.24849524204936
"78443",67,4.67282883446191,"unpaired",4.45434729625351,4.44265125649032,4.44849543245184,0.218481538208398,0.230177577971589,0.224333402010065,4.68213122712422,4.76217393479776,4.65396035015752
"78443",69,4.79579054559674,"paired",3.91202300542815,4.69134788222914,4.28400056509649,0.883767540168595,0.104442663367598,0.511789980500254,4.79579054559674,4.64439089914137,4.07753744390572
"78443",70,4.52178857704904,"paired",4.04305126783455,3.93182563272433,3.98705061534093,0.47873730921449,0.589962944324715,0.534737961708114,4.4188406077966,4.43081679884331,4.43081679884331
"78443",71,4.67282883446191,"unpaired",4.43081679884331,4.39444915467244,4.41259551014881,0.242012035618592,0.278379679789467,0.260233324313096,4.77068462446567,4.76217393479776,4.21950770517611
"78443",72,3.91202300542815,"unpaired",3.89182029811063,4.14313472639153,4.01551190086365,0.0202027073175195,0.231111720963387,0.103488895435502,3.66356164612965,3.87120101090789,4.21950770517611
"78443",73,4.35670882668959,"paired",4.40671924726425,4.47733681447821,4.44188769745994,0.0500104205746617,0.120627987788615,0.0851788707703447,4.17438726989564,3.61091791264422,4.12713438504509
"78443",75,4.52178857704904,"unpaired",4.36944785246702,4.27666611901606,4.32280806761683,0.152340724582019,0.245122458032985,0.198980509432208,4.55387689160054,4.49980967033027,4.21950770517611
"78443",76,4.15888308335967,"unpaired",3.93182563272433,4.07753744390572,4.00401876123748,0.227057450635346,0.0813456394539518,0.15486432212219,4.23410650459726,4.34380542185368,4.02535169073515
"78443",77,4.90527477843843,"paired",4.17438726989564,4.75359019110636,4.4545848717984,0.730887508542793,0.151684587332065,0.450689906640029,4.65396035015752,4.85981240436167,4.67282883446191
"78443",78,4.15888308335967,"paired",4.26267987704132,4.14313472639153,4.20248224577573,0.103796793681644,0.0157483569681389,0.0435991624160632,4.60517018598809,4.51085950651685,4.02535169073515
"78443",79,3.91202300542815,"unpaired",4.56434819146784,3.71357206670431,4.11704213562933,0.65232518603969,0.198450938723838,0.205019130201181,3.58351893845611,4.21950770517611,4.21950770517611
"78443",81,4.79579054559674,"paired",4.62497281328427,4.66343909411207,4.64416612823824,0.170817732312471,0.132351451484674,0.151624417358504,4.70953020131233,4.72738781871234,4.43081679884331
"78443",82,4.15888308335967,"paired",4.21950770517611,4.07753744390572,4.14791521884239,0.0606246218164355,0.0813456394539518,0.0109678645172862,4.17438726989564,3.73766961828337,4.15888308335967
"78443",83,4.79579054559674,"unpaired",4.54329478227,4.20469261939097,4.37071596408737,0.252495763326738,0.591097926205776,0.425074581509374,4.65396035015752,4.53259949315326,4.43081679884331
"78443",84,3.91202300542815,"unpaired",4.12713438504509,3.49650756146648,3.79875724211201,0.215111379616946,0.415515443961666,0.113265763316132,4.06044301054642,4.46590811865458,4.14313472639153
"78443",85,4.15888308335967,"paired",4.02535169073515,4.47733681447821,4.24533335748214,0.133531392624522,0.318453731118535,0.0864502741224689,3.98898404656427,4.60517018598809,4.24849524204936
"78443",87,3.91202300542815,"unpaired",4.04305126783455,3.78418963391826,3.91147960459205,0.131028262406404,0.127833371509885,0.000543400836094943,3.63758615972639,4.43081679884331,4.53259949315326
"78443",88,4.90527477843843,"unpaired",4.67282883446191,4.53259949315326,4.60218009281188,0.232445943976524,0.372675285285173,0.30309468562655,5.02388052084628,4.83628190695148,4.17438726989564
"78443",89,3.91202300542815,"paired",4.53259949315326,4.56434819146784,4.54844614118075,0.62057648772511,0.65232518603969,0.636423135752608,4.53259949315326,4.21950770517611,3.89182029811063
"78443",90,5.01063529409626,"paired",4.67282883446191,4.68213122712422,4.67747771826233,0.33780645963435,0.328504066972036,0.333157575833926,5.04342511691925,4.77912349311153,4.14313472639153
"78443",91,4.52178857704904,"unpaired",4.43081679884331,4.44265125649032,4.43673008178993,0.0909717782057271,0.0791373205587238,0.0850584952591147,4.56434819146784,4.67282883446191,4.15888308335967
"78443",93,4.35670882668959,"paired",4.29045944114839,4.30406509320417,4.29725688253042,0.0662493855412007,0.0526437334854215,0.0594519441591723,4.63472898822964,4.31748811353631,4.02535169073515
"78443",94,4.35670882668959,"paired",4.12713438504509,3.68887945411394,3.90185869008092,0.2295744416445,0.667829372575655,0.454850136608671,4.35670882668959,4.68213122712422,4.02535169073515
"78443",95,4.15888308335967,"unpaired",4.15888308335967,4.14313472639153,4.15100143648129,0,0.0157483569681389,0.00788164687838044,4.48863636973214,3.8286413964891,3.93182563272433
"78443",96,4.52178857704904,"unpaired",4.15888308335967,4.30406509320417,4.23085139254568,0.362905493689369,0.21772348384487,0.290937184503364,4.89034912822175,4.04305126783455,4.14313472639153
"78644",1,4.52178857704904,"paired",4.74493212836325,4.51085950651685,4.62641569673593,0.22314355131421,0.0109290705321907,0.10462711968689,4.39444915467244,4.38202663467388,4.65396035015752
"78644",3,3.91202300542815,"unpaired",4.06044301054642,4.0943445622221,4.07735855186216,0.148420005118273,0.182321556793954,0.165335546434011,4.20469261939097,4.47733681447821,4.14313472639153
"78644",4,4.67282883446191,"unpaired",4.95582705760126,4.77912349311153,4.86667335238148,0.282998223139355,0.106294658649624,0.193844517919572,4.75359019110636,4.79579054559674,4.54329478227
"78644",5,3.91202300542815,"paired",4.07753744390572,4.20469261939097,4.14062695683645,0.165514438477574,0.29266961396282,0.228603951408304,4.04305126783455,3.80666248977032,4.14313472639153
"78644",6,4.35670882668959,"paired",4.65396035015752,4.62497281328427,4.63944394228247,0.297251523467931,0.268263986594679,0.282735115592877,4.68213122712422,4.49980967033027,4.33073334028633
"78644",7,3.91202300542815,"unpaired",4.29045944114839,4.04305126783455,4.16491866464733,0.378436435720245,0.131028262406404,0.252895659219186,4.38202663467388,3.80666248977032,4.07753744390572
"78644",9,4.90527477843843,"paired",5.05624580534831,5.08759633523238,5.07189684726771,0.150971026909878,0.182321556793954,0.166622068829282,4.69134788222914,4.71849887129509,4.93447393313069
"78644",10,3.91202300542815,"paired",4.30406509320417,4.24849524204936,4.27618990106247,0.392042087776024,0.336472236621213,0.364166895634324,4.48863636973214,3.80666248977032,4.29045944114839
"78644",11,4.67282883446191,"unpaired",4.85203026391962,4.72738781871234,4.78930357835847,0.179201429457711,0.054558984250435,0.116474743896561,4.77068462446567,4.94875989037817,4.63472898822964
"78644",12,4.52178857704904,"unpaired",4.72738781871234,4.70048036579242,4.71391489351936,0.2055992416633,0.178691788743376,0.192126316470315,4.72738781871234,4.30406509320417,4.65396035015752
"78644",13,4.67282883446191,"paired",4.79579054559674,4.74493212836325,4.7702935591746,0.122961711134836,0.0721032939013444,0.0974647247126965,4.38202663467388,4.60517018598809,4.85203026391962
"78644",15,4.79579054559674,"unpaired",4.86753445045558,4.77912349311153,4.82312639744201,0.0717439048588409,0.0166670524852117,0.0273358518452733,4.90527477843843,4.45434729625351,4.86753445045558
"78644",16,4.15888308335967,"unpaired",3.91202300542815,4.21950770517611,4.0628575183275,0.246860077931526,0.0606246218164355,0.0960255650321757,4.12713438504509,4.8283137373023,4.33073334028633
"78644",17,4.52178857704904,"paired",4.79579054559674,4.80402104473326,4.79990403103849,0.274001968547701,0.282232467684216,0.278115453989447,4.61512051684126,4.77068462446567,4.65396035015752
"78644",18,4.67282883446191,"paired",4.62497281328427,4.56434819146784,4.59456051172492,0.0478560211776351,0.10848064299407,0.0782683227369843,4.81218435537242,4.69134788222914,4.79579054559674
"78644",19,4.90527477843843,"unpaired",5.02388052084628,4.77912349311153,4.89997402276398,0.118605742407847,0.1261512853269,0.00530075567444932,4.70048036579242,4.71849887129509,5.05624580534831
"78644",21,4.52178857704904,"paired",4.65396035015752,4.66343909411207,4.65869731141358,0.132171773108483,0.141650517063026,0.136908734364535,4.65396035015752,4.56434819146784,4.79579054559674
"78644",22,4.52178857704904,"paired",3.93182563272433,4.66343909411207,4.28203565689014,0.589962944324715,0.141650517063026,0.239752920158905,4.67282883446191,4.43081679884331,4.45434729625351
"78644",23,5.01063529409626,"unpaired",4.83628190695148,4.84418708645859,4.84023288284021,0.174353387144778,0.166448207637664,0.170402411256043,5.01063529409626,4.84418708645859,5.01727983681492
"78644",24,4.67282883446191,"unpaired",4.54329478227,4.58496747867057,4.56408356877059,0.129534052191902,0.0878613557913335,0.108745265691318,4.63472898822964,3.85014760171006,4.95582705760126
"78644",25,4.67282883446191,"paired",4.4188406077966,4.38202663467388,4.40039512291149,0.253988226665308,0.290802199788025,0.272433711550417,4.53259949315326,4.56434819146784,4.70953020131233
"78644",27,4.79579054559674,"unpaired",4.84418708645859,4.75359019110636,4.79867483979418,0.0483965408618499,0.0422003544903768,0.00288429419743608,4.79579054559674,5.08759633523238,4.96284463025991
"78644",28,5.01063529409626,"unpaired",5.03043792139244,4.91265488573605,4.97119758528269,0.0198026272961798,0.0979804083602032,0.0394377088135647,4.82028156560504,4.68213122712422,4.99043258677874
"78644",29,4.15888308335967,"paired",3.95124371858143,4.35670882668959,4.14902619721128,0.207639364778244,0.19782574332992,0.00985688614838942,3.80666248977032,3.91202300542815,4.35670882668959
"78644",30,4.67282883446191,"paired",4.70953020131233,4.66343909411207,4.68642798469169,0.0367013668504281,0.00938974034983886,0.0135991502297834,5.05624580534831,4.38202663467388,4.9272536851572
"78644",31,5.01063529409626,"unpaired",4.85981240436167,4.79579054559674,4.82769534894358,0.150822889734584,0.214844748499514,0.182939945152675,4.83628190695148,5.02388052084628,4.99043258677874
"78644",33,4.79579054559674,"paired",4.86753445045558,4.82028156560504,4.84385038801556,0.0717439048588409,0.0244910200082957,0.0480598424188177,4.8283137373023,4.68213122712422,4.84418708645859
"78644",34,3.91202300542815,"paired",4.29045944114839,4.20469261939097,4.24735954988425,0.378436435720245,0.29266961396282,0.335336544456103,4.34380542185368,3.8286413964891,4.14313472639153
"78644",35,4.35670882668959,"unpaired",4.65396035015752,4.44265125649032,4.54707849033678,0.297251523467931,0.085942429800725,0.190369663647191,4.85203026391962,4.02535169073515,4.4188406077966
"78644",36,3.91202300542815,"unpaired",3.97029191355212,4.39444915467244,4.17699005784212,0.058268908123976,0.482426149244293,0.264967052413977,4.36944785246702,3.98898404656427,4.29045944114839
"78644",37,4.90527477843843,"paired",4.96284463025991,4.89783979995091,4.9302350807096,0.0575698518214773,0.00743497848751851,0.0249603022711744,4.35670882668959,4.82028156560504,4.89034912822175
"78644",39,4.35670882668959,"unpaired",4.67282883446191,4.35670882668959,4.51200117782673,0.316120007772314,0,0.155292351137141,4.4188406077966,4.55387689160054,4.72738781871234
"78644",40,4.79579054559674,"unpaired",4.96284463025991,4.93447393313069,4.94863895047872,0.167054084663166,0.13868338753395,0.15284840488198,4.74493212836325,4.65396035015752,4.86753445045558
"78644",41,3.91202300542815,"paired",4.15888308335967,4.12713438504509,4.1429783220186,0.246860077931526,0.215111379616946,0.230955316590455,3.25809653802148,4.58496747867057,4.06044301054642
"78644",42,4.35670882668959,"paired",4.51085950651685,4.46590811865458,4.48832753843387,0.154150679827258,0.109199291964992,0.131618711744275,4.79579054559674,3.97029191355212,4.33073334028633
"78644",43,4.15888308335967,"unpaired",4.12713438504509,4.24849524204936,4.18737516806918,0.0317486983145798,0.0896121586896879,0.0284920847095078,4.48863636973214,4.79579054559674,4.21950770517611
"78644",45,4.79579054559674,"paired",4.71849887129509,4.76217393479776,4.74028610278474,0.0772916743016472,0.033616610798985,0.0555044428120022,4.40671924726425,4.68213122712422,4.86753445045558
"78644",46,4.67282883446191,"paired",4.55387689160054,4.48863636973214,4.52113895372847,0.118951942861365,0.184192464729766,0.15168988073344,4.87519732320115,4.71849887129509,4.62497281328427
"78644",47,4.79579054559674,"unpaired",4.66343909411207,4.71849887129509,4.69088819968257,0.132351451484674,0.0772916743016472,0.104902345914169,4.90527477843843,4.75359019110636,4.71849887129509
"78644",48,4.90527477843843,"unpaired",4.91265488573605,4.8283137373023,4.87030174336505,0.00738010729762273,0.0769610411361281,0.0349730350733788,4.74493212836325,4.66343909411207,5.02388052084628
"78644",49,4.35670882668959,"paired",4.4188406077966,4.35670882668959,4.38766474103501,0.0621317811070066,0,0.0309559143454203,4.56434819146784,4.29045944114839,4.65396035015752
"78644",51,5.01063529409626,"unpaired",4.99043258677874,4.77912349311153,4.8836352869828,0.0202027073175195,0.231511800984726,0.127000007113454,4.55387689160054,4.31748811353631,5.01727983681492
"78644",52,4.35670882668959,"unpaired",4.48863636973214,4.51085950651685,4.49973421878487,0.131927543042548,0.154150679827258,0.14302539209528,4.60517018598809,4.74493212836325,4.4188406077966
"78644",53,3.91202300542815,"paired",4.18965474202643,4.20469261939097,4.19716694588086,0.277631736598279,0.29266961396282,0.285143940452715,3.76120011569356,3.55534806148941,4.29045944114839
"78644",54,4.52178857704904,"paired",4.54329478227,4.54329478227,4.54329478227,0.0215062052209634,0.0215062052209634,0.0215062052209634,4.78749174278205,4.36944785246702,4.72738781871234
"78644",55,4.79579054559674,"unpaired",4.67282883446191,4.69134788222914,4.68207920229594,0.122961711134836,0.104442663367598,0.113711343300806,4.06044301054642,4.71849887129509,4.66343909411207
"78644",57,4.15888308335967,"paired",4.30406509320417,4.27666611901606,4.29034373426489,0.145182009844499,0.117783035656384,0.131460650905214,4.17438726989564,4.12713438504509,4.33073334028633
"78644",58,4.79579054559674,"paired",4.81218435537242,4.81218435537242,4.81218435537242,0.0163938097756757,0.0163938097756757,0.0163938097756757,4.71849887129509,4.81218435537242,4.85203026391962
"78644",59,4.90527477843843,"unpaired",4.89034912822175,4.86753445045558,4.87892845370526,0.0149256502166759,0.0377403279828474,0.0263463247331686,4.78749174278205,4.60517018598809,4.81218435537242
"78644",60,5.01063529409626,"unpaired",5.01727983681492,4.90527477843843,4.96096122136587,0.00664454271866877,0.105360515657826,0.0496740727303866,4.7361984483945,4.70953020131233,4.85981240436167
"78644",61,3.91202300542815,"paired",4.17438726989564,4.12713438504509,4.15069358518318,0.262364264467491,0.215111379616946,0.238670579755033,3.58351893845611,3.61091791264422,4.15888308335967
"78644",63,4.15888308335967,"unpaired",4.24849524204936,4.14313472639153,4.19548425956336,0.0896121586896879,0.0157483569681389,0.0366011762036864,4.20469261939097,4.43081679884331,4.48863636973214
"78644",64,4.90527477843843,"unpaired",5.04342511691925,4.89783979995091,4.97009942211614,0.138150338480817,0.00743497848751851,0.0648246436777082,4.4188406077966,4.66343909411207,4.96284463025991
"78644",65,4.67282883446191,"paired",4.85203026391962,4.77068462446567,4.81118552723998,0.179201429457711,0.0978557900037593,0.13835669277807,4.24849524204936,4.49980967033027,4.63472898822964
"78644",66,4.15888308335967,"paired",4.35670882668959,4.31748811353631,4.33705413539779,0.19782574332992,0.158605030176639,0.178171052038114,3.98898404656427,4.20469261939097,4.12713438504509
"78644",67,4.67282883446191,"unpaired",4.63472898822964,4.56434819146784,4.59940396957796,0.0380998462322699,0.10848064299407,0.073424864883946,4.7361984483945,4.56434819146784,4.4188406077966
"78644",69,4.79579054559674,"paired",4.85203026391962,4.86753445045558,4.85977617429875,0.0562397183228756,0.0717439048588409,0.0639856287020111,4.44265125649032,4.67282883446191,4.79579054559674
"78644",70,4.52178857704904,"paired",4.45434729625351,4.45434729625351,4.45434729625351,0.0674412807955331,0.0674412807955331,0.0674412807955331,4.8283137373023,4.68213122712422,4.65396035015752
"78644",71,4.67282883446191,"unpaired",4.9272536851572,4.53259949315326,4.72580866688243,0.254424850695299,0.14022934130865,0.0529798324205215,4.9272536851572,4.44265125649032,4.85203026391962
"78644",72,3.91202300542815,"unpaired",4.00733318523247,3.98898404656427,3.9981480894484,0.0953101798043252,0.0769610411361286,0.0861250840202588,4.24849524204936,4.54329478227,4.18965474202643
"78644",73,4.35670882668959,"paired",4.55387689160054,4.43081679884331,4.49192544808661,0.197168064910949,0.0741079721537217,0.135216621397014,3.71357206670431,3.61091791264422,4.33073334028633
"78644",75,4.52178857704904,"unpaired",4.71849887129509,4.49980967033027,4.60785707791552,0.196710294246054,0.0219789067187754,0.0860685008664746,4.58496747867057,4.75359019110636,4.79579054559674
"78644",76,4.15888308335967,"unpaired",4.33073334028633,4.45434729625351,4.39210545696473,0.17185025692666,0.295464212893836,0.233222373605057,4.23410650459726,3.91202300542815,3.91202300542815
"78644",77,4.90527477843843,"paired",4.81218435537242,4.87519732320115,4.84358836897419,0.0930904230660126,0.0300774552372784,0.0616864094642384,4.91998092582813,4.80402104473326,5.02388052084628
"78644",78,4.15888308335967,"paired",4.46590811865458,4.45434729625351,4.46012396169049,0.307025035294912,0.295464212893836,0.301240878330814,4.63472898822964,3.55534806148941,4.12713438504509
"78644",79,3.91202300542815,"unpaired",4.15888308335967,4.21950770517611,4.18908572544925,0.246860077931526,0.307484699747961,0.277062720021108,3.43398720448515,4.17438726989564,4.18965474202643
"78644",81,4.79579054559674,"paired",4.79579054559674,4.80402104473326,4.79990403103849,0,0.00823049913651541,0.00411348544174661,4.45434729625351,4.47733681447821,4.71849887129509
"78644",82,4.15888308335967,"paired",4.17438726989564,4.00733318523247,4.09000741254399,0.0155041865359653,0.1515498981272,0.0688756708156841,4.47733681447821,4.70953020131233,3.95124371858143
"78644",83,4.79579054559674,"unpaired",4.70953020131233,4.76217393479776,4.73577891901981,0.0862603442844074,0.033616610798985,0.0600116265769328,4.59511985013459,4.69134788222914,4.96284463025991
"78644",84,3.91202300542815,"unpaired",4.06044301054642,4.12713438504509,4.09365288798918,0.148420005118273,0.215111379616946,0.181629882561032,3.68887945411394,3.76120011569356,4.06044301054642
"78644",85,4.15888308335967,"paired",4.21950770517611,4.27666611901606,4.24799077702081,0.0606246218164355,0.117783035656384,0.0891076936611359,4.20469261939097,3.8286413964891,4.46590811865458
"78644",87,3.91202300542815,"unpaired",4.18965474202643,4.21950770517611,4.20455472862563,0.277631736598279,0.307484699747961,0.29253172319748,3.87120101090789,3.93182563272433,3.97029191355212
"78644",88,4.90527477843843,"unpaired",4.93447393313069,4.93447393313069,4.93447393313069,0.0291991546922619,0.0291991546922619,0.0291991546922619,4.78749174278205,4.56434819146784,5.04342511691925
"78644",89,3.91202300542815,"paired",4.14313472639153,4.0943445622221,4.11866739826788,0.231111720963387,0.182321556793954,0.206644392839736,3.93182563272433,4.12713438504509,4.15888308335967
"78644",90,5.01063529409626,"paired",4.85203026391962,4.89034912822175,4.87115201685031,0.158605030176639,0.120286165874502,0.139483277245943,4.8283137373023,4.98360662170834,4.85981240436167
"78644",91,4.52178857704904,"unpaired",4.56434819146784,4.53259949315326,4.54844614118075,0.0425596144187956,0.0108109161042158,0.0266575641317139,4.20469261939097,4.24849524204936,4.65396035015752
"78644",93,4.35670882668959,"paired",4.72738781871234,4.70048036579242,4.71391489351936,0.370678992022749,0.343771539102825,0.357206066829764,4.53259949315326,4.64439089914137,4.55387689160054
"78644",94,4.35670882668959,"paired",4.33073334028633,4.31748811353631,4.32410565546006,0.0259754864032606,0.0392207131532816,0.0326031712295363,4.27666611901606,4.65396035015752,4.65396035015752
"78644",95,4.15888308335967,"unpaired",4.48863636973214,4.20469261939097,4.34434531488262,0.329753286372468,0.0458095360312942,0.18546223152295,4.56434819146784,4.48863636973214,3.91202300542815
"78644",96,4.52178857704904,"unpaired",4.65396035015752,4.52178857704904,4.58739847292356,0.132171773108483,0,0.0656098958745233,4.65396035015752,4.34380542185368,4.71849887129509
"78665",1,4.52178857704904,"paired",4.21950770517611,4.23410650459726,4.22680080210606,0.302280871872934,0.287682072451781,0.294987774942983,4.27666611901606,4.33073334028633,4.40671924726425
"78665",3,3.91202300542815,"unpaired",3.93182563272433,4.35670882668959,4.13881860427519,0.0198026272961798,0.444685821261446,0.226795598847047,4.04305126783455,4.52178857704904,4.17438726989564
"78665",4,4.67282883446191,"unpaired",4.33073334028633,4.77068462446567,4.54538919776567,0.342095494175575,0.0978557900037593,0.127439636696237,4.93447393313069,4.44265125649032,4.55387689160054
"78665",5,3.91202300542815,"paired",3.76120011569356,3.66356164612965,3.71205987118653,0.150822889734584,0.2484613592985,0.19996313424162,4.60517018598809,4.33073334028633,4.21950770517611
"78665",6,4.35670882668959,"paired",4.57471097850338,4.65396035015752,4.61416552665648,0.218002151813791,0.297251523467931,0.257456699966888,4.54329478227,4.21950770517611,4.56434819146784
"78665",7,3.91202300542815,"unpaired",3.85014760171006,4.35670882668959,4.09560398969773,0.0618754037180875,0.444685821261446,0.183580984269585,3.8286413964891,3.63758615972639,3.76120011569356
"78665",9,4.90527477843843,"paired",4.55387689160054,4.58496747867057,4.56939574231188,0.351397886837889,0.320307299767857,0.335879036126553,4.9272536851572,4.97673374242057,4.77068462446567
"78665",10,3.91202300542815,"paired",4.39444915467244,4.24849524204936,4.32085597133874,0.482426149244293,0.336472236621213,0.408832965910598,4.60517018598809,4.11087386417331,4.17438726989564
"78665",11,4.67282883446191,"unpaired",4.40671924726425,4.74493212836325,4.57269983019013,0.266109587197652,0.0721032939013444,0.100129004271772,4.45434729625351,5.01063529409626,4.54329478227
"78665",12,4.52178857704904,"unpaired",4.26267987704132,4.7361984483945,4.49320573974145,0.259108700007725,0.214409871345455,0.0285828373075896,4.70048036579242,4.72738781871234,4.61512051684126
"78665",13,4.67282883446191,"paired",4.45434729625351,4.44265125649032,4.44849543245184,0.218481538208398,0.230177577971589,0.224333402010065,4.51085950651685,4.71849887129509,4.55387689160054
"78665",15,4.79579054559674,"unpaired",4.53259949315326,4.69134788222914,4.61129060385457,0.263191052443485,0.104442663367598,0.184499941742175,4.86753445045558,4.00733318523247,4.63472898822964
"78665",16,4.15888308335967,"unpaired",4.12713438504509,4.39444915467244,4.25869489510354,0.0317486983145798,0.235566071312768,0.0998118117438702,4.60517018598809,4.02535169073515,4.14313472639153
"78665",17,4.52178857704904,"paired",4.20469261939097,4.30406509320417,4.25408870744063,0.317095957658075,0.21772348384487,0.267699869608413,4.72738781871234,4.46590811865458,4.54329478227
"78665",18,4.67282883446191,"paired",4.68213122712422,4.7361984483945,4.70908724203376,0.00930239266231414,0.0633696139325899,0.0362584075718564,4.62497281328427,4.43081679884331,4.67282883446191
"78665",19,4.90527477843843,"unpaired",4.36944785246702,4.74493212836325,4.5533211503669,0.535826925971408,0.160342650075179,0.351953628071526,4.7361984483945,4.98360662170834,4.56434819146784
"78665",21,4.52178857704904,"paired",4.27666611901606,4.47733681447821,4.37585130664905,0.245122458032985,0.0444517625708336,0.145937270399988,4.79579054559674,4.70953020131233,4.26267987704132
"78665",22,4.52178857704904,"paired",4.65396035015752,4.55387689160054,4.60364665162385,0.132171773108483,0.0320883145515003,0.0818580745748116,4.43081679884331,4.0943445622221,4.40671924726425
"78665",23,5.01063529409626,"unpaired",4.74493212836325,4.48863636973214,4.61500540880309,0.265703165733005,0.521998924364116,0.395629885293161,4.95582705760126,4.97673374242057,4.68213122712422
"78665",24,4.67282883446191,"unpaired",4.64439089914137,4.64439089914137,4.64439089914137,0.0284379353205333,0.0284379353205333,0.0284379353205333,4.65396035015752,4.84418708645859,4.33073334028633
"78665",25,4.67282883446191,"paired",4.53259949315326,4.44265125649032,4.48740000818121,0.14022934130865,0.230177577971589,0.1854288262807,4.48863636973214,4.63472898822964,4.40671924726425
"78665",27,4.79579054559674,"unpaired",4.4188406077966,4.71849887129509,4.56621226185568,0.376949937800143,0.0772916743016472,0.229578283741059,4.7361984483945,4.81218435537242,4.66343909411207
"78665",28,5.01063529409626,"unpaired",4.78749174278205,4.71849887129509,4.75287012074301,0.22314355131421,0.292136422801161,0.257765173353246,4.63472898822964,5.01727983681492,4.7361984483945
"78665",29,4.15888308335967,"paired",4.20469261939097,4.14313472639153,4.1738001875031,0.0458095360312942,0.0157483569681389,0.0149171041434251,4.44265125649032,4.44265125649032,4.18965474202643
"78665",30,4.67282883446191,"paired",4.7361984483945,4.69134788222914,4.71371982203996,0.0633696139325899,0.0185190477672377,0.0408909875780585,4.48863636973214,4.43081679884331,4.40671924726425
"78665",31,5.01063529409626,"unpaired",4.74493212836325,4.71849887129509,4.73169704144864,0.265703165733005,0.292136422801161,0.278938252647614,4.67282883446191,5.06890420222023,4.84418708645859
"78665",33,4.79579054559674,"paired",4.67282883446191,4.7361984483945,4.70440694194194,0.122961711134836,0.0595920972022457,0.0913836036547986,4.65396035015752,4.4188406077966,4.77912349311153
"78665",34,3.91202300542815,"paired",4.29045944114839,4.38202663467388,4.3360013314228,0.378436435720245,0.470003629245735,0.423978325994651,4.60517018598809,3.73766961828337,4.39444915467244
"78665",35,4.35670882668959,"unpaired",4.56434819146784,4.53259949315326,4.54844614118075,0.207639364778244,0.175890666463665,0.191737314491163,4.39444915467244,4.30406509320417,4.43081679884331
"78665",36,3.91202300542815,"unpaired",4.38202663467388,4.4188406077966,4.40039512291149,0.470003629245735,0.506817602368452,0.488372117483343,4.43081679884331,4.14313472639153,4.21950770517611
"78665",37,4.90527477843843,"paired",4.56434819146784,4.68213122712422,4.62286460960512,0.340926586970594,0.22314355131421,0.282410168833307,4.44265125649032,4.80402104473326,4.77068462446567
"78665",39,4.35670882668959,"unpaired",4.39444915467244,4.54329478227,4.46825222154861,0.0377403279828474,0.186585955580412,0.111543394859022,4.39444915467244,4.65396035015752,4.55387689160054
"78665",40,4.79579054559674,"unpaired",4.77912349311153,4.66343909411207,4.72092695700386,0.0166670524852117,0.132351451484674,0.0748635885928808,4.74493212836325,4.54329478227,4.77912349311153
"78665",41,3.91202300542815,"paired",4.17438726989564,4.20469261939097,4.1895125425531,0.262364264467491,0.29266961396282,0.277489537124959,4.36944785246702,4.53259949315326,4.30406509320417
"78665",42,4.35670882668959,"paired",4.55387689160054,4.54329478227,4.54858275957563,0.197168064910949,0.186585955580412,0.191873932886041,4.18965474202643,4.57471097850338,4.39444915467244
"78665",43,4.15888308335967,"unpaired",4.14313472639153,4.30406509320417,4.2228333559713,0.0157483569681389,0.145182009844499,0.063950272611625,4.26267987704132,4.12713438504509,4.48863636973214
"78665",45,4.79579054559674,"paired",4.66343909411207,4.77912349311153,4.72092695700386,0.132351451484674,0.0166670524852117,0.0748635885928808,4.30406509320417,4.06044301054642,4.67282883446191
"78665",46,4.67282883446191,"paired",4.55387689160054,4.66343909411207,4.60833240186334,0.118951942861365,0.00938974034983886,0.0644964325985704,4.69134788222914,4.62497281328427,4.53259949315326
"78665",47,4.79579054559674,"unpaired",4.77912349311153,4.69134788222914,4.73503229960687,0.0166670524852117,0.104442663367598,0.0607582459898719,4.94875989037817,4.83628190695148,4.70953020131233
"78665",48,4.90527477843843,"unpaired",4.85981240436167,4.8283137373023,4.84403746813457,0.0454623740767577,0.0769610411361281,0.0612373103038575,5.04342511691925,4.85981240436167,4.77068462446567
"78665",49,4.35670882668959,"paired",4.43081679884331,4.36944785246702,4.40002533474305,0.0741079721537217,0.0127390257774298,0.0433165080534614,4.24849524204936,4.21950770517611,4.55387689160054
"78665",51,5.01063529409626,"unpaired",4.68213122712422,4.70953020131233,4.69581073092273,0.328504066972036,0.301105092783922,0.314824563173523,4.70048036579242,4.68213122712422,4.84418708645859
"78665",52,4.35670882668959,"unpaired",4.38202663467388,4.53259949315326,4.45667720429772,0.0253178079842895,0.175890666463665,0.0999683776081239,4.56434819146784,3.55534806148941,4.62497281328427
"78665",53,3.91202300542815,"paired",4.17438726989564,4.26267987704132,4.21830257501303,0.262364264467491,0.35065687161317,0.306279569584885,3.68887945411394,4.34380542185368,4.21950770517611
"78665",54,4.52178857704904,"paired",4.56434819146784,4.57471097850338,4.56952664739139,0.0425596144187956,0.0529224014543423,0.0477380703423469,4.54329478227,4.30406509320417,4.20469261939097
"78665",55,4.79579054559674,"unpaired",4.48863636973214,4.58496747867057,4.53654623902367,0.307154175864602,0.210823066926169,0.259244306573073,4.68213122712422,4.91265488573605,4.67282883446191
"78665",57,4.15888308335967,"paired",4.29045944114839,4.31748811353631,4.30395256000433,0.131576357788719,0.158605030176639,0.145069476644657,4.29045944114839,4.18965474202643,4.35670882668959
"78665",58,4.79579054559674,"paired",4.66343909411207,4.65396035015752,4.65869731141358,0.132351451484674,0.141830195439218,0.137093234183165,4.79579054559674,4.89034912822175,4.66343909411207
"78665",59,4.90527477843843,"unpaired",4.70048036579242,4.70048036579242,4.70048036579242,0.204794412646013,0.204794412646013,0.204794412646013,4.80402104473326,4.53259949315326,4.85981240436167
"78665",60,5.01063529409626,"unpaired",4.84418708645859,4.78749174278205,4.8157559818695,0.166448207637664,0.22314355131421,0.194879312226751,5.08759633523238,4.14313472639153,4.74493212836325
"78665",61,3.91202300542815,"paired",3.98898404656427,4.11087386417331,4.04947036803893,0.0769610411361286,0.198850858745165,0.137447362610787,3.25809653802148,4.04305126783455,4.02535169073515
"78665",63,4.15888308335967,"unpaired",4.35670882668959,4.45434729625351,4.40525756145184,0.19782574332992,0.295464212893836,0.246374478092164,4.17438726989564,4.26267987704132,4.35670882668959
"78665",64,4.90527477843843,"unpaired",4.77068462446567,4.66343909411207,4.71675706215749,0.134590153972765,0.241835684326363,0.188517716280943,4.94875989037817,4.53259949315326,4.70048036579242
"78665",65,4.67282883446191,"paired",4.67282883446191,4.74493212836325,4.70874247193245,0,0.0721032939013444,0.0359136374705411,4.26267987704132,4.4188406077966,4.46590811865458
"78665",66,4.15888308335967,"paired",4.40671924726425,4.44265125649032,4.42464877711877,0.247836163904582,0.283768173130645,0.265765693759095,3.95124371858143,4.20469261939097,4.4188406077966
"78665",67,4.67282883446191,"unpaired",4.46590811865458,4.55387689160054,4.50967801306838,0.206920715807322,0.118951942861365,0.163150821393528,4.67282883446191,4.49980967033027,4.40671924726425
"78665",69,4.79579054559674,"paired",4.63472898822964,4.70953020131233,4.67197989560799,0.161061557367105,0.0862603442844074,0.123810649988754,4.4188406077966,4.90527477843843,4.67282883446191
"78665",70,4.52178857704904,"paired",4.61512051684126,4.69134788222914,4.65307810625563,0.0933319397922192,0.169559305180103,0.131289529206593,3.95124371858143,4.69134788222914,4.56434819146784
"78665",71,4.67282883446191,"unpaired",4.54329478227,4.66343909411207,4.60297496231658,0.129534052191902,0.00938974034983886,0.0698538721453277,4.82028156560504,4.88280192258637,4.40671924726425
"78665",72,3.91202300542815,"unpaired",4.21950770517611,4.45434729625351,4.3353376729007,0.307484699747961,0.542324290825361,0.423314667472551,3.73766961828337,4.48863636973214,4.30406509320417
"78665",73,4.35670882668959,"paired",4.34380542185368,4.23410650459726,4.28860522680458,0.0129034048359076,0.122602322092332,0.0681035998850161,4.18965474202643,4.55387689160054,4.56434819146784
"78665",75,4.52178857704904,"unpaired",4.40671924726425,4.45434729625351,4.43046927135262,0.115069329784787,0.0674412807955331,0.0913193056964205,4.83628190695148,4.90527477843843,4.20469261939097
"78665",76,4.15888308335967,"unpaired",4.33073334028633,4.53259949315326,4.43051687088129,0.17185025692666,0.373716409793585,0.271633787521618,4.34380542185368,3.91202300542815,4.48863636973214
"78665",77,4.90527477843843,"paired",4.76217393479776,4.77068462446567,4.76642738010041,0.143100843640673,0.134590153972765,0.138847398338024,5.14166355650266,4.69134788222914,4.56434819146784
"78665",78,4.15888308335967,"paired",4.48863636973214,4.49980967033027,4.49421954772092,0.329753286372468,0.340926586970594,0.335336464361246,4.46590811865458,4.04305126783455,4.18965474202643
"78665",79,3.91202300542815,"unpaired",4.02535169073515,4.33073334028633,4.17525146230076,0.113328685307004,0.418710334858185,0.263228456872618,4.07753744390572,3.36729582998647,4.39444915467244
"78665",81,4.79579054559674,"paired",4.70953020131233,4.75359019110636,4.73150891045103,0.0862603442844074,0.0422003544903768,0.0642816351457114,5.01727983681492,4.77912349311153,4.77912349311153
"78665",82,4.15888308335967,"paired",4.4188406077966,4.51085950651685,4.46461299145424,0.259957524436927,0.351976423157178,0.305729908094569,3.80666248977032,3.55534806148941,4.35670882668959
"78665",83,4.79579054559674,"unpaired",4.70953020131233,4.66343909411207,4.68642798469169,0.0862603442844074,0.132351451484674,0.109362560905052,4.89034912822175,4.74493212836325,4.66343909411207
"78665",84,3.91202300542815,"unpaired",4.30406509320417,4.38202663467388,4.34287092552735,0.392042087776024,0.470003629245735,0.430847920099206,3.78418963391826,4.45434729625351,4.29045944114839
"78665",85,4.15888308335967,"paired",4.18965474202643,4.21950770517611,4.20455472862563,0.0307716586667537,0.0606246218164355,0.0456716452659549,3.97029191355212,4.26267987704132,4.4188406077966
"78665",87,3.91202300542815,"unpaired",4.21950770517611,4.34380542185368,4.28120548996394,0.307484699747961,0.431782416425538,0.369182484535793,4.0943445622221,3.61091791264422,4.39444915467244
"78665",88,4.90527477843843,"unpaired",4.82028156560504,4.71849887129509,4.76911869496157,0.0849932128333926,0.186775907143335,0.136156083476863,4.78749174278205,4.70048036579242,4.70048036579242
"78665",89,3.91202300542815,"paired",4.21950770517611,4.17438726989564,4.19688685214573,0.307484699747961,0.262364264467491,0.284863846717584,4.14313472639153,3.76120011569356,4.30406509320417
"78665",90,5.01063529409626,"paired",4.7361984483945,4.78749174278205,4.76177603041825,0.27443684570176,0.22314355131421,0.248859263678006,4.8283137373023,4.99043258677874,4.84418708645859
"78665",91,4.52178857704904,"unpaired",4.54329478227,4.54329478227,4.54329478227,0.0215062052209634,0.0215062052209634,0.0215062052209634,4.60517018598809,4.79579054559674,4.27666611901606
"78665",93,4.35670882668959,"paired",4.62497281328427,4.67282883446191,4.6488392444262,0.268263986594679,0.316120007772314,0.292130417736606,4.55387689160054,4.88280192258637,4.43081679884331
"78665",94,4.35670882668959,"paired",4.44265125649032,4.54329478227,4.49269120606544,0.085942429800725,0.186585955580412,0.135982379375847,4.76217393479776,4.11087386417331,4.55387689160054
"78665",95,4.15888308335967,"unpaired",4.35670882668959,4.51085950651685,4.43311419072401,0.19782574332992,0.351976423157178,0.274231107364341,4.44265125649032,4.70953020131233,4.12713438504509
"78665",96,4.52178857704904,"unpaired",4.77068462446567,4.55387689160054,4.66102032482891,0.248896047416625,0.0320883145515003,0.13923174777987,4.74493212836325,4.57471097850338,4.40671924726425
"78782",1,4.52178857704904,"paired",4.39444915467244,4.17438726989564,4.28300509099257,0.127339422376601,0.347401307153404,0.23878348605647,4.27666611901606,4.70048036579242,4.49980967033027
"78782",3,3.91202300542815,"unpaired",3.80666248977032,3.71357206670431,3.75982918353775,0.105360515657826,0.198450938723838,0.152193821890397,3.85014760171006,4.0943445622221,3.71357206670431
"78782",4,4.67282883446191,"unpaired",4.72738781871234,4.45434729625351,4.5888372327446,0.054558984250435,0.218481538208398,0.0839916017173108,4.75359019110636,4.30406509320417,4.79579054559674
"78782",5,3.91202300542815,"paired",3.63758615972639,3.98898404656427,3.8092352459715,0.27443684570176,0.0769610411361286,0.102787759456645,3.68887945411394,4.38202663467388,3.76120011569356
"78782",6,4.35670882668959,"paired",3.76120011569356,3.87120101090789,3.81580419965435,0.595508710996029,0.485507815781701,0.54090462703524,4.72738781871234,4.43081679884331,4.4188406077966
"78782",7,3.91202300542815,"unpaired",3.61091791264422,3.76120011569356,3.68529305087091,0.301105092783922,0.150822889734584,0.226729954557237,3.93182563272433,4.60517018598809,3.8286413964891
"78782",9,4.90527477843843,"paired",4.80402104473326,4.969813299576,4.88621404356771,0.101253733705173,0.0645385211375711,0.0190607348707168,4.79579054559674,4.68213122712422,4.43081679884331
"78782",10,3.91202300542815,"paired",4.14313472639153,4.0943445622221,4.11866739826788,0.231111720963387,0.182321556793954,0.206644392839736,3.8286413964891,3.87120101090789,4.26267987704132
"78782",11,4.67282883446191,"unpaired",4.79579054559674,4.74493212836325,4.7702935591746,0.122961711134836,0.0721032939013444,0.0974647247126965,4.81218435537242,4.84418708645859,4.71849887129509
"78782",12,4.52178857704904,"unpaired",4.84418708645859,4.52178857704904,4.68021258412873,0.322398509409551,0,0.158424007079689,4.45434729625351,4.48863636973214,4.72738781871234
"78782",13,4.67282883446191,"paired",4.71849887129509,4.78749174278205,4.75287012074301,0.0456700368331884,0.11466290832014,0.0800412862811033,4.63472898822964,5.00394630594546,4.82028156560504
"78782",15,4.79579054559674,"unpaired",4.90527477843843,4.88280192258637,4.89402545140231,0.109484232841688,0.0870113769896292,0.0982349058055698,4.9416424226093,4.86753445045558,4.98360662170834
"78782",16,4.15888308335967,"unpaired",4.24849524204936,4.30406509320417,4.27618990106247,0.0896121586896879,0.145182009844499,0.117306817702798,4.00733318523247,4.43081679884331,4.04305126783455
"78782",17,4.52178857704904,"paired",4.72738781871234,4.52178857704904,4.62344549421038,0.2055992416633,0,0.101656917161336,4.75359019110636,4.49980967033027,4.80402104473326
"78782",18,4.67282883446191,"paired",4.82028156560504,4.85203026391962,4.83612986146252,0.147452731143131,0.179201429457711,0.163301027000611,4.67282883446191,4.67282883446191,4.45434729625351
"78782",19,4.90527477843843,"unpaired",4.85981240436167,4.88280192258637,4.87129360143959,0.0454623740767577,0.022472855852059,0.033981176998843,4.91265488573605,4.74493212836325,5.08759633523238
"78782",21,4.52178857704904,"paired",4.35670882668959,4.51085950651685,4.43311419072401,0.165079750359449,0.0109290705321907,0.0886743863250281,3.87120101090789,4.87519732320115,4.49980967033027
"78782",22,4.52178857704904,"paired",4.77068462446567,4.76217393479776,4.76642738010041,0.248896047416625,0.240385357748716,0.244638803051365,4.91265488573605,4.31748811353631,4.36944785246702
"78782",23,5.01063529409626,"unpaired",5.10594547390058,5.06890420222023,5.08739112600575,0.0953101798043248,0.058268908123976,0.0767558319094919,4.70953020131233,4.78749174278205,5.06890420222023
"78782",24,4.67282883446191,"unpaired",5.04342511691925,4.9416424226093,4.99227438278601,0.370596282457341,0.268813588147398,0.319445548324104,4.53259949315326,4.7361984483945,4.71849887129509
"78782",25,4.67282883446191,"paired",4.95582705760126,4.87519732320115,4.91534686522381,0.282998223139355,0.202368488739245,0.242518030761902,4.51085950651685,4.76217393479776,4.72738781871234
"78782",27,4.79579054559674,"unpaired",4.99043258677874,4.75359019110636,4.8705719781037,0.194642041181995,0.0422003544903768,0.0747814325069562,4.7361984483945,4.64439089914137,4.74493212836325
"78782",28,5.01063529409626,"unpaired",5.06890420222023,4.86753445045558,4.96719899242682,0.058268908123976,0.143100843640673,0.0434363016694332,4.7361984483945,4.85981240436167,5.00394630594546
"78782",29,4.15888308335967,"paired",4.04305126783455,3.8286413964891,3.9343860324273,0.115831815525121,0.330241686870576,0.224497050932366,4.68213122712422,4.64439089914137,3.78418963391826
"78782",30,4.67282883446191,"paired",4.89034912822175,4.90527477843843,4.89780626775136,0.217520293759848,0.232445943976524,0.224977433289458,4.58496747867057,4.65396035015752,4.95582705760126
"78782",31,5.01063529409626,"unpaired",4.78749174278205,4.77912349311153,4.78330578794699,0.22314355131421,0.231511800984726,0.22732950614927,4.80402104473326,4.43081679884331,5.00394630594546
"78782",33,4.79579054559674,"paired",4.74493212836325,4.84418708645859,4.79430275872725,0.0508584172334912,0.0483965408618499,0.00148778686948958,4.96284463025991,4.68213122712422,4.98360662170834
"78782",34,3.91202300542815,"paired",4.06044301054642,3.93182563272433,3.99561683712074,0.148420005118273,0.0198026272961798,0.0835938316925935,4.17438726989564,3.76120011569356,3.68887945411394
"78782",35,4.35670882668959,"unpaired",4.51085950651685,4.17438726989564,4.33936337500003,0.154150679827258,0.182321556793955,0.017345451689561,4.74493212836325,4.56434819146784,4.11087386417331
"78782",36,3.91202300542815,"unpaired",3.8286413964891,3.58351893845611,3.70405304401486,0.0833816089390509,0.328504066972036,0.207969961413291,4.31748811353631,3.93182563272433,3.63758615972639
"78782",37,4.90527477843843,"paired",4.43081679884331,4.53259949315326,4.48141919225284,0.474457979595116,0.372675285285173,0.423855586185586,4.71849887129509,4.85981240436167,4.86753445045558
"78782",39,4.35670882668959,"unpaired",4.4188406077966,4.39444915467244,4.40662800489944,0.0621317811070066,0.0377403279828474,0.0499191782098469,4.44265125649032,4.24849524204936,4.26267987704132
"78782",40,4.79579054559674,"unpaired",4.85981240436167,4.82028156560504,4.84000662654952,0.0640218587649306,0.0244910200082957,0.0442160809527774,4.85981240436167,5.00394630594546,4.74493212836325
"78782",41,3.91202300542815,"paired",3.68887945411394,3.87120101090789,3.77894083995545,0.22314355131421,0.0408219945202548,0.133082165472694,4.17438726989564,3.61091791264422,4.14313472639153
"78782",42,4.35670882668959,"paired",4.67282883446191,4.67282883446191,4.67282883446191,0.316120007772314,0.316120007772314,0.316120007772314,4.39444915467244,4.48863636973214,3.80666248977032
"78782",43,4.15888308335967,"unpaired",3.68887945411394,3.97029191355212,3.82699990419874,0.470003629245735,0.18859116980755,0.331883179160936,3.68887945411394,4.51085950651685,3.85014760171006
"78782",45,4.79579054559674,"paired",4.88280192258637,5.02388052084628,4.95283892995042,0.0870113769896292,0.228089975249535,0.157048384353678,4.68213122712422,4.51085950651685,4.74493212836325
"78782",46,4.67282883446191,"paired",4.68213122712422,4.70048036579242,4.69129682530971,0.00930239266231414,0.0276515313305108,0.0184679908478032,4.39444915467244,5.04342511691925,4.8283137373023
"78782",47,4.79579054559674,"unpaired",4.98360662170834,4.9416424226093,4.96258016554197,0.187816076111595,0.145851877012563,0.166789619945226,4.81218435537242,4.75359019110636,4.99043258677874
"78782",48,4.90527477843843,"unpaired",5.08759633523238,5.06259503302697,5.07508028870418,0.182321556793954,0.157320254588537,0.169805510265746,5.02388052084628,4.68213122712422,4.51085950651685
"78782",49,4.35670882668959,"paired",3.80666248977032,3.91202300542815,3.8589831865249,0.550046336919272,0.444685821261446,0.497725640164691,4.33073334028633,4.67282883446191,4.51085950651685
"78782",51,5.01063529409626,"unpaired",4.75359019110636,4.94875989037817,4.85019344697119,0.257045102989891,0.0618754037180871,0.160441847125066,4.85981240436167,5.07517381523383,4.85981240436167
"78782",52,4.35670882668959,"unpaired",4.26267987704132,4.66343909411207,4.45855895825986,0.0940289496482762,0.306730267422475,0.101850131570273,4.24849524204936,4.44265125649032,4.51085950651685
"78782",53,3.91202300542815,"paired",3.63758615972639,3.78418963391826,3.71016385596662,0.27443684570176,0.127833371509885,0.201859149461522,4.33073334028633,4.51085950651685,3.8286413964891
"78782",54,4.52178857704904,"paired",4.49980967033027,4.39444915467244,4.44681737897675,0.0219789067187754,0.127339422376601,0.0749711980722862,4.75359019110636,4.0943445622221,4.84418708645859
"78782",55,4.79579054559674,"unpaired",4.21950770517611,4.74493212836325,4.4745142391288,0.576282840420634,0.0508584172334912,0.32127630646794,4.79579054559674,4.07753744390572,4.99043258677874
"78782",57,4.15888308335967,"paired",4.34380542185368,4.21950770517611,4.28120548996394,0.184922338494013,0.0606246218164355,0.122322406604267,4.60517018598809,4.07753744390572,3.85014760171006
"78782",58,4.79579054559674,"paired",4.8283137373023,4.91265488573605,4.87030174336505,0.0325231917055602,0.116864340139311,0.0745111977683095,4.72738781871234,4.54329478227,4.99043258677874
"78782",59,4.90527477843843,"unpaired",4.77912349311153,5.08140436498446,4.92794673050518,0.1261512853269,0.176129586546034,0.0226719520667533,4.60517018598809,4.29045944114839,4.43081679884331
"78782",60,5.01063529409626,"unpaired",5.00394630594546,5.08140436498446,5.0425266088717,0.00668898815079633,0.0707690708882076,0.0318913147754456,4.91998092582813,5.13579843705026,5.06890420222023
"78782",61,3.91202300542815,"paired",3.71357206670431,3.58351893845611,3.64796598536177,0.198450938723838,0.328504066972036,0.264057020066374,3.68887945411394,4.43081679884331,3.68887945411394
"78782",63,4.15888308335967,"unpaired",3.85014760171006,4.33073334028633,4.08337637057242,0.308735481649613,0.17185025692666,0.0755067127872486,4.74493212836325,4.35670882668959,3.78418963391826
"78782",64,4.90527477843843,"unpaired",4.80402104473326,4.76217393479776,4.78305172473062,0.101253733705173,0.143100843640673,0.122223053707805,4.98360662170834,4.7361984483945,4.43081679884331
"78782",65,4.67282883446191,"paired",4.45434729625351,4.40671924726425,4.43046927135262,0.218481538208398,0.266109587197652,0.242359563109286,4.67282883446191,4.68213122712422,4.8283137373023
"78782",66,4.15888308335967,"paired",4.24849524204936,4.00733318523247,4.12615268388927,0.0896121586896879,0.1515498981272,0.0327303994703971,4.7361984483945,4.48863636973214,4.06044301054642
"78782",67,4.67282883446191,"unpaired",4.51085950651685,4.46590811865458,4.48832753843387,0.161969327945056,0.206920715807322,0.184501296028039,4.46590811865458,4.70048036579242,4.8283137373023
"78782",69,4.79579054559674,"paired",4.87519732320115,4.89783979995091,4.88650544685962,0.0794067776044098,0.10204925435417,0.0907149012628805,4.83628190695148,4.23410650459726,4.88280192258637
"78782",70,4.52178857704904,"paired",4.80402104473326,4.85981240436167,4.83183620003919,0.282232467684216,0.338023827312631,0.310047622990154,4.53259949315326,4.33073334028633,4.36944785246702
"78782",71,4.67282883446191,"unpaired",4.8283137373023,4.7361984483945,4.78203429838944,0.155484902840396,0.0633696139325899,0.109205463927535,4.9272536851572,4.40671924726425,4.95582705760126
"78782",72,3.91202300542815,"unpaired",3.76120011569356,3.61091791264422,3.68529305087091,0.150822889734584,0.301105092783922,0.226729954557237,4.51085950651685,3.91202300542815,3.63758615972639
"78782",73,4.35670882668959,"paired",4.0943445622221,4.15888308335967,4.12648765141387,0.262364264467491,0.19782574332992,0.230221175275721,3.93182563272433,4.44265125649032,3.76120011569356
"78782",75,4.52178857704904,"unpaired",4.26267987704132,4.0943445622221,4.17766444021749,0.259108700007725,0.42744401482694,0.344124136831554,4.83628190695148,4.49980967033027,4.49980967033027
"78782",76,4.15888308335967,"unpaired",4.0943445622221,3.98898404656427,4.04132096471453,0.0645385211375711,0.169899036795397,0.117562118645145,4.34380542185368,4.24849524204936,4.07753744390572
"78782",77,4.90527477843843,"paired",4.51085950651685,4.71849887129509,4.61351118889621,0.39441527192158,0.186775907143335,0.291763589542222,4.31748811353631,4.89034912822175,4.80402104473326
"78782",78,4.15888308335967,"paired",3.78418963391826,4.02535169073515,3.90290842077486,0.37469344944141,0.133531392624522,0.255974662584813,4.04305126783455,4.23410650459726,4.0943445622221
"78782",79,3.91202300542815,"unpaired",4.26267987704132,3.63758615972639,3.93774876345224,0.35065687161317,0.27443684570176,0.0257257580240959,3.55534806148941,4.38202663467388,3.68887945411394
"78782",81,4.79579054559674,"paired",4.51085950651685,4.70953020131233,4.6091245459217,0.284931039079892,0.0862603442844074,0.186665999675037,4.70953020131233,5.02388052084628,4.74493212836325
"78782",82,4.15888308335967,"paired",4.24849524204936,4.35670882668959,4.30226181457907,0.0896121586896879,0.19782574332992,0.143378731219396,4.17438726989564,3.68887945411394,3.68887945411394
"78782",83,4.79579054559674,"unpaired",4.76217393479776,4.72738781871234,4.74474899757114,0.033616610798985,0.0684027268844005,0.0510415480256015,4.56434819146784,4.44265125649032,4.99043258677874
"78782",84,3.91202300542815,"unpaired",3.66356164612965,3.68887945411394,3.67619875486725,0.2484613592985,0.22314355131421,0.235824250560901,4.40671924726425,4.21950770517611,3.80666248977032
"78782",85,4.15888308335967,"paired",4.07753744390572,4.06044301054642,4.06898125018392,0.0813456394539518,0.0984400728132524,0.0899018331757526,3.58351893845611,4.56434819146784,4.34380542185368
"78782",87,3.91202300542815,"unpaired",3.68887945411394,4.06044301054642,3.8702047486154,0.22314355131421,0.148420005118273,0.0418182568127428,4.40671924726425,4.04305126783455,3.76120011569356
"78782",88,4.90527477843843,"unpaired",4.86753445045558,4.96284463025991,4.91495851559793,0.0377403279828474,0.0575698518214773,0.00968373715949777,4.75359019110636,5.09375020080676,4.51085950651685
"78782",89,3.91202300542815,"paired",3.68887945411394,3.68887945411394,3.68887945411394,0.22314355131421,0.22314355131421,0.22314355131421,4.27666611901606,4.06044301054642,3.63758615972639
"78782",90,5.01063529409626,"paired",4.85981240436167,4.7361984483945,4.79760731709318,0.150822889734584,0.27443684570176,0.213027977003071,5.07517381523383,4.78749174278205,4.75359019110636
"78782",91,4.52178857704904,"unpaired",4.36944785246702,4.11087386417331,4.23818935131205,0.152340724582019,0.410914712875729,0.283599225736988,4.68213122712422,4.60517018598809,4.39444915467244
"78782",93,4.35670882668959,"paired",4.11087386417331,4.33073334028633,4.21937181358636,0.24583496251628,0.0259754864032606,0.137337013103229,4.55387689160054,4.48863636973214,3.76120011569356
"78782",94,4.35670882668959,"paired",4.00733318523247,4.0943445622221,4.0506052431666,0.34937564145712,0.262364264467491,0.306103583522993,4.12713438504509,4.57471097850338,4.4188406077966
"78782",95,4.15888308335967,"unpaired",4.06044301054642,4.21950770517611,4.13921134631092,0.0984400728132524,0.0606246218164355,0.019671737048748,4.0943445622221,4.36944785246702,4.24849524204936
"78782",96,4.52178857704904,"unpaired",4.67282883446191,4.40671924726425,4.53782379164227,0.151040257412865,0.115069329784787,0.0160352145932343,5.02388052084628,4.51085950651685,4.49980967033027
"78831",1,4.52178857704904,"paired",4.29045944114839,4.58496747867057,4.43526966555817,0.23132913590065,0.0631789016215318,0.0865189114908702,4.48863636973214,4.38202663467388,4.77068462446567
"78831",3,3.91202300542815,"unpaired",4.38202663467388,4.11087386417331,4.24428542449635,0.470003629245735,0.198850858745165,0.332262419068207,3.61091791264422,4.20469261939097,4.51085950651685
"78831",4,4.67282883446191,"unpaired",4.61512051684126,4.78749174278205,4.70051607446688,0.0577083176206461,0.11466290832014,0.0276872400049752,4.62497281328427,4.72738781871234,4.60517018598809
"78831",5,3.91202300542815,"paired",3.85014760171006,3.89182029811063,3.87092787159063,0.0618754037180875,0.0202027073175195,0.0410951338375178,3.63758615972639,3.55534806148941,4.58496747867057
"78831",6,4.35670882668959,"paired",4.54329478227,4.44265125649032,4.49269120606544,0.186585955580412,0.085942429800725,0.135982379375847,4.69134788222914,4.38202663467388,4.68213122712422
"78831",7,3.91202300542815,"unpaired",3.91202300542815,4.27666611901606,4.09028314962741,0,0.364643113587909,0.178260144199263,4.0943445622221,4.20469261939097,3.8286413964891
"78831",9,4.90527477843843,"paired",4.81218435537242,4.82028156560504,4.8162312588262,0.0930904230660126,0.0849932128333926,0.0890435196122281,4.80402104473326,4.35670882668959,4.86753445045558
"78831",10,3.91202300542815,"paired",3.91202300542815,4.06044301054642,3.98554218011647,0,0.148420005118273,0.0735191746883195,4.40671924726425,4.44265125649032,3.85014760171006
"78831",11,4.67282883446191,"unpaired",4.81218435537242,4.80402104473326,4.80810096756976,0.139355520910511,0.131192210271351,0.135272133107851,4.95582705760126,4.70953020131233,4.60517018598809
"78831",12,4.52178857704904,"unpaired",4.29045944114839,4.68213122712422,4.4820189789994,0.23132913590065,0.160342650075179,0.0397695980496415,4.24849524204936,4.67282883446191,4.71849887129509
"78831",13,4.67282883446191,"paired",4.47733681447821,4.59511985013459,4.53584603706378,0.195492019983699,0.077708984327316,0.136982797398128,4.24849524204936,4.97673374242057,4.60517018598809
"78831",15,4.79579054559674,"unpaired",4.79579054559674,4.85981240436167,4.82769534894358,0,0.0640218587649306,0.0319048033468388,4.75359019110636,4.00733318523247,4.75359019110636
"78831",16,4.15888308335967,"unpaired",4.04305126783455,4.02535169073515,4.03419177242564,0.115831815525121,0.133531392624522,0.124691310934036,4.12713438504509,3.58351893845611,4.30406509320417
"78831",17,4.52178857704904,"paired",4.51085950651685,4.70048036579242,4.60469396846637,0.0109290705321907,0.178691788743376,0.0829053914173246,4.36944785246702,4.30406509320417,4.71849887129509
"78831",18,4.67282883446191,"paired",4.60517018598809,4.75359019110636,4.67879170561038,0.067658648473814,0.0807613566444587,0.00596287114847094,4.79579054559674,4.72738781871234,4.60517018598809
"78831",19,4.90527477843843,"unpaired",4.80402104473326,4.85203026391962,4.82796597932841,0.101253733705173,0.0532445145188127,0.0773087991100239,4.66343909411207,4.7361984483945,4.81218435537242
"78831",21,4.52178857704904,"paired",4.60517018598809,4.66343909411207,4.63421305944992,0.0833816089390513,0.141650517063026,0.112424482400882,4.79579054559674,4.61512051684126,4.70953020131233
"78831",22,4.52178857704904,"paired",4.70048036579242,4.59511985013459,4.64750154750062,0.178691788743376,0.0733312730855493,0.125712970451577,4.70048036579242,4.72738781871234,4.61512051684126
"78831",23,5.01063529409626,"unpaired",4.94875989037817,4.94875989037817,4.94875989037817,0.0618754037180871,0.0618754037180871,0.0618754037180871,5.02388052084628,4.80402104473326,4.85203026391962
"78831",24,4.67282883446191,"unpaired",4.71849887129509,4.69134788222914,4.70490379148722,0.0456700368331884,0.0185190477672377,0.0320749570253174,4.55387689160054,4.79579054559674,4.90527477843843
"78831",25,4.67282883446191,"paired",4.59511985013459,4.61512051684126,4.6051093252713,0.077708984327316,0.0577083176206461,0.0677195091906064,4.51085950651685,4.45434729625351,4.81218435537242
"78831",27,4.79579054559674,"unpaired",4.75359019110636,4.81218435537242,4.78279754427195,0.0422003544903768,0.0163938097756757,0.012993001324789,4.4188406077966,5.05624580534831,4.82028156560504
"78831",28,5.01063529409626,"unpaired",4.85203026391962,4.9416424226093,4.89663135103812,0.158605030176639,0.0689928714869517,0.114003943058137,5.08140436498446,5.16478597392351,4.81218435537242
"78831",29,4.15888308335967,"paired",4.18965474202643,4.15888308335967,4.17424055748244,0.0307716586667537,0,0.0153574741227702,4.36944785246702,4.23410650459726,4.20469261939097
"78831",30,4.67282883446191,"paired",4.70953020131233,4.81218435537242,4.76058059021262,0.0367013668504281,0.139355520910511,0.0877517557507126,4.26267987704132,4.84418708645859,4.60517018598809
"78831",31,5.01063529409626,"unpaired",4.81218435537242,4.90527477843843,4.85850661701765,0.198450938723838,0.105360515657826,0.152128677078603,4.82028156560504,4.71849887129509,4.85203026391962
"78831",33,4.79579054559674,"paired",4.70048036579242,4.67282883446191,4.68663420687991,0.0953101798043248,0.122961711134836,0.109156338716835,4.95582705760126,4.77912349311153,4.89034912822175
"78831",34,3.91202300542815,"paired",4.51085950651685,4.47733681447821,4.49406690353703,0.598836501088704,0.565313809050061,0.582043898108882,3.55534806148941,4.04305126783455,4.35670882668959
"78831",35,4.35670882668959,"unpaired",4.43081679884331,4.66343909411207,4.54564013958149,0.0741079721537217,0.306730267422475,0.188931312891894,4.26267987704132,3.97029191355212,4.26267987704132
"78831",36,3.91202300542815,"unpaired",3.93182563272433,4.12713438504509,4.02829650904923,0.0198026272961798,0.215111379616946,0.116273503621087,4.24849524204936,4.00733318523247,3.95124371858143
"78831",37,4.90527477843843,"paired",4.60517018598809,4.7361984483945,4.67022482215465,0.300104592450338,0.169076330043934,0.235049956283784,4.74493212836325,4.64439089914137,4.70048036579242
"78831",39,4.35670882668959,"unpaired",4.60517018598809,4.60517018598809,4.60517018598809,0.2484613592985,0.2484613592985,0.2484613592985,4.43081679884331,4.77068462446567,4.39444915467244
"78831",40,4.79579054559674,"unpaired",4.82028156560504,4.9272536851572,4.8734741312151,0.0244910200082957,0.131463139560464,0.0776835856183578,4.64439089914137,4.84418708645859,4.85203026391962
"78831",41,3.91202300542815,"paired",3.91202300542815,4.02535169073515,3.96828280482818,0,0.113328685307004,0.0562597994000318,3.87120101090789,4.14313472639153,4.35670882668959
"78831",42,4.35670882668959,"paired",4.57471097850338,4.59511985013459,4.58490405853269,0.218002151813791,0.238411023444998,0.228195231843099,4.47733681447821,4.44265125649032,4.66343909411207
"78831",43,4.15888308335967,"unpaired",4.44265125649032,4.51085950651685,4.47662547623524,0.283768173130645,0.351976423157178,0.317742392875567,3.73766961828337,4.46590811865458,4.60517018598809
"78831",45,4.79579054559674,"paired",4.86753445045558,4.9416424226093,4.90444846378097,0.0717439048588409,0.145851877012563,0.108657918184234,4.85203026391962,4.70048036579242,4.70048036579242
"78831",46,4.67282883446191,"paired",4.81218435537242,4.89783979995091,4.85482317499249,0.139355520910511,0.225010965489005,0.181994340530582,4.86753445045558,4.90527477843843,4.47733681447821
"78831",47,4.79579054559674,"unpaired",4.80402104473326,4.90527477843843,4.85438392237547,0.00823049913651541,0.109484232841688,0.0585933767787319,5.02388052084628,4.78749174278205,4.70048036579242
"78831",48,4.90527477843843,"unpaired",4.98360662170834,5.02388052084628,5.00370305177686,0.0783318432699067,0.118605742407847,0.0984282733384267,5.01063529409626,4.74493212836325,4.80402104473326
"78831",49,4.35670882668959,"paired",4.26267987704132,4.24849524204936,4.25558164955034,0.0940289496482762,0.108213584640232,0.101127177139253,4.20469261939097,4.75359019110636,4.60517018598809
"78831",51,5.01063529409626,"unpaired",4.91998092582813,4.9416424226093,4.93079977909272,0.0906543682681304,0.0689928714869517,0.0798355150035315,4.79579054559674,4.91265488573605,4.81218435537242
"78831",52,4.35670882668959,"unpaired",4.66343909411207,4.65396035015752,4.65869731141358,0.306730267422475,0.297251523467931,0.301988484723984,4.78749174278205,4.38202663467388,4.54329478227
"78831",53,3.91202300542815,"paired",3.91202300542815,4.00733318523247,3.95939131825147,0,0.0953101798043252,0.0473683128233198,4.38202663467388,4.45434729625351,3.91202300542815
"78831",54,4.52178857704904,"paired",4.71849887129509,4.74493212836325,4.73169704144864,0.196710294246054,0.22314355131421,0.209908464399601,4.81218435537242,4.66343909411207,4.77068462446567
"78831",55,4.79579054559674,"unpaired",4.59511985013459,4.76217393479776,4.67790123640749,0.200670695462152,0.033616610798985,0.117889309189253,4.74493212836325,4.40671924726425,4.86753445045558
"78831",57,4.15888308335967,"paired",4.60517018598809,4.66343909411207,4.63421305944992,0.44628710262842,0.504556010752395,0.475329976090251,4.15888308335967,3.98898404656427,4.38202663467388
"78831",58,4.79579054559674,"paired",4.70953020131233,4.78749174278205,4.74835097177593,0.0862603442844074,0.00829880281469553,0.0474395738208067,4.69134788222914,4.84418708645859,4.59511985013459
"78831",59,4.90527477843843,"unpaired",4.86753445045558,4.86753445045558,4.86753445045558,0.0377403279828474,0.0377403279828474,0.0377403279828483,4.80402104473326,4.35670882668959,4.95582705760126
"78831",60,5.01063529409626,"unpaired",4.94875989037817,5.03695260241363,4.9926615155206,0.0618754037180871,0.026317308317374,0.0179737785756515,4.93447393313069,4.75359019110636,4.81218435537242
"78831",61,3.91202300542815,"paired",3.8286413964891,3.71357206670431,3.77066781133391,0.0833816089390509,0.198450938723838,0.141355194094233,3.68887945411394,4.48863636973214,4.46590811865458
"78831",63,4.15888308335967,"unpaired",4.38202663467388,4.52178857704904,4.45135911615689,0.22314355131421,0.362905493689369,0.292476032797214,4.17438726989564,4.26267987704132,4.30406509320417
"78831",64,4.90527477843843,"unpaired",4.70048036579242,4.96284463025991,4.82988133839901,0.204794412646013,0.0575698518214773,0.0753934400394192,5.09375020080676,4.20469261939097,4.86753445045558
"78831",65,4.67282883446191,"paired",4.60517018598809,4.7361984483945,4.67022482215465,0.067658648473814,0.0633696139325899,0.00260401230725993,4.36944785246702,4.46590811865458,4.70953020131233
"78831",66,4.15888308335967,"paired",4.30406509320417,4.45434729625351,4.37856148875554,0.145182009844499,0.295464212893836,0.219678405395865,3.89182029811063,4.27666611901606,4.59511985013459
"78831",67,4.67282883446191,"unpaired",4.60517018598809,4.75359019110636,4.67879170561038,0.067658648473814,0.0807613566444587,0.00596287114847094,4.51085950651685,4.72738781871234,4.60517018598809
"78831",69,4.79579054559674,"paired",4.97673374242057,4.94875989037817,4.96272710609626,0.180943196823833,0.152969344781427,0.16693656049952,4.68213122712422,4.68213122712422,4.89034912822175
"78831",70,4.52178857704904,"paired",4.77068462446567,4.77912349311153,4.77490219449674,0.248896047416625,0.257334916062489,0.253113617447703,4.46590811865458,4.77912349311153,4.60517018598809
"78831",71,4.67282883446191,"unpaired",4.90527477843843,5.00394630594546,4.95436490452756,0.232445943976524,0.331117471483553,0.281536070065657,4.75359019110636,4.48863636973214,4.60517018598809
"78831",72,3.91202300542815,"unpaired",4.35670882668959,4.44265125649032,4.399470188904,0.444685821261446,0.530628251062171,0.48744718347585,3.98898404656427,4.34380542185368,4.38202663467388
"78831",73,4.35670882668959,"paired",4.39444915467244,4.43081679884331,4.41259551014881,0.0377403279828474,0.0741079721537217,0.0558866834592182,4.0943445622221,4.34380542185368,4.68213122712422
"78831",75,4.52178857704904,"unpaired",4.70953020131233,4.69134788222914,4.70043025011762,0.187741624263293,0.169559305180103,0.178641673068581,4.71849887129509,4.66343909411207,4.29045944114839
"78831",76,4.15888308335967,"unpaired",4.59511985013459,4.66343909411207,4.62915343785967,0.436236766774918,0.504556010752395,0.470270354500002,3.52636052461616,3.76120011569356,4.30406509320417
"78831",77,4.90527477843843,"paired",4.95582705760126,4.969813299576,4.96281525157499,0.0505522791628312,0.0645385211375711,0.0575404731365614,4.44265125649032,5.04342511691925,4.80402104473326
"78831",78,4.15888308335967,"paired",4.60517018598809,4.59511985013459,4.60014227333046,0.44628710262842,0.436236766774918,0.441259189970784,4.0943445622221,4.35670882668959,4.60517018598809
"78831",79,3.91202300542815,"unpaired",3.95124371858143,4.02535169073515,3.98812557263414,0.0392207131532816,0.113328685307004,0.0761025672059938,3.55534806148941,3.87120101090789,3.91202300542815
"78831",81,4.79579054559674,"paired",4.89034912822175,4.99043258677874,4.940137412077,0.0945585826250124,0.194642041181995,0.144346866480257,4.7361984483945,4.77068462446567,4.70953020131233
"78831",82,4.15888308335967,"paired",4.48863636973214,4.55387689160054,4.52113895372847,0.329753286372468,0.394993808240869,0.362255870368794,4.24849524204936,4.44265125649032,4.44265125649032
"78831",83,4.79579054559674,"unpaired",4.85203026391962,4.91998092582813,4.88588746800674,0.0562397183228756,0.124190380231384,0.090096922409999,4.49980967033027,4.55387689160054,4.59511985013459
"78831",84,3.91202300542815,"unpaired",4.15888308335967,4.39444915467244,4.27504388866961,0.246860077931526,0.482426149244293,0.363020883241468,3.66356164612965,3.80666248977032,3.8286413964891
"78831",85,4.15888308335967,"paired",4.20469261939097,4.36944785246702,4.2862787049003,0.0458095360312942,0.21056476910735,0.127395621540628,4.71849887129509,4.74493212836325,4.04305126783455
"78831",87,3.91202300542815,"unpaired",4.58496747867057,4.54329478227,4.56408356877059,0.672944473242426,0.631271776841858,0.652060563342442,3.78418963391826,4.70048036579242,3.95124371858143
"78831",88,4.90527477843843,"unpaired",4.75359019110636,4.9416424226093,4.84670433883383,0.151684587332065,0.0363676441708742,0.0585704396045994,4.78749174278205,4.58496747867057,4.81218435537242
"78831",89,3.91202300542815,"paired",4.46590811865458,3.91202300542815,4.17980086849901,0.553885113226438,0,0.267777863070862,4.58496747867057,4.0943445622221,3.91202300542815
"78831",90,5.01063529409626,"paired",5.04342511691925,5.08759633523238,5.06546257925743,0.0327898228229913,0.0769610411361281,0.0548272851611724,4.87519732320115,4.85981240436167,4.85203026391962
"78831",91,4.52178857704904,"unpaired",4.61512051684126,4.69134788222914,4.65307810625563,0.0933319397922192,0.169559305180103,0.131289529206593,4.52178857704904,4.35670882668959,4.70953020131233
"78831",93,4.35670882668959,"paired",4.70048036579242,4.72738781871234,4.71391489351936,0.343771539102825,0.370678992022749,0.357206066829764,4.45434729625351,4.56434819146784,4.68213122712422
"78831",94,4.35670882668959,"paired",4.68213122712422,4.71849887129509,4.70027987575646,0.325422400434628,0.361790044605502,0.343571049066867,4.33073334028633,4.60517018598809,4.54329478227
"78831",95,4.15888308335967,"unpaired",4.61512051684126,4.60517018598809,4.61014266687044,0.456237433481588,0.44628710262842,0.451259583510772,4.53259949315326,4.45434729625351,4.38202663467388
"78831",96,4.52178857704904,"unpaired",4.64439089914137,4.79579054559674,4.71948365440095,0.122602322092332,0.274001968547701,0.197695077351908,4.24849524204936,4.44265125649032,4.60517018598809
